ID,Last,First,Play debut,Mgr debut,Coach debut,Ump debut
babbc101,"Babb","Charlie",04/17/1903,,,
babcb101,"Babcock","Bob",07/22/1979,,,
babel101,"Babe","Loren",08/19/1952,,04/10/1967,
babij101,"Babich","Johnny",06/19/1934,,,
babic101,"Babington","Charlie",07/20/1915,,,
babis101,"Babitt","Shooty",04/09/1981,,,
backb001,"Backe","Brandon",07/19/2002,,,
backl101,"Backman","Les",07/03/1909,,,
backw001,"Backman","Wally",09/02/1980,,,
bacoe101,"Bacon","Eddie",08/13/1917,,,
bacsm101,"Bacsik","Mike",06/15/1975,,,
bacsm001,"Bacsik","Michael",08/05/2001,,,
baczf101,"Baczewski","Fred",04/26/1953,,,
badeb001,"Badenhop","Burke",04/09/2008,,,
badea101,"Bader","Art",08/02/1904,,,
badeh001,"Bader","Harrison",07/25/2017,,,
badek101,"Bader","King",09/30/1912,,04/13/1926,
badgr101,"Badgro","Red",06/20/1929,,,
baece101,"Baecht","Ed",04/24/1926,,,
baekc001,"Baek","Cha-Seung",08/08/2004,,,
baerc001,"Baerga","Carlos",04/14/1990,,,
baezb001,"Baez","Benito",08/25/2001,,,
baezd001,"Baez","Danys",05/13/2001,,,
baezj001,"Baez","Javier",08/05/2014,,,
baezj101,"Baez","Jose",04/06/1977,,,
baezk001,"Baez","Kevin",09/03/1990,,,
baezp001,"Baez","Pedro",05/05/2014,,,
baezs001,"Baez","Sandy",06/04/2018,,,
bagbj102,"Bagby","Jim",04/18/1938,,,
bagbj101,"Bagby","Jim",04/22/1912,,,
begle101,"Bagley","Ed",05/03/1884,,,
beglg101,"Bagley","Gene",09/11/1886,,,
bagwj001,"Bagwell","Jeff",04/08/1991,,07/16/2010,
bagwb101,"Bagwell","Bill",04/17/1923,,,
bahns101,"Bahnsen","Stan",09/09/1966,,,
bahre101,"Bahr","Ed",05/01/1946,,,
bahrf101,"Bahret","Frank",04/17/1884,,,
baicg101,"Baichley","Grover",08/24/1914,,,
bails001,"Bailes","Scott",04/09/1986,,,
bails101,"Bailey","Sweetbread",05/23/1919,,,
baila001,"Bailey","Andrew",04/06/2009,,,
bailg101,"Bailey","Gene",09/10/1917,,,
bailr001,"Bailey","Roger",04/27/1995,,,
bailh001,"Bailey","Homer",06/08/2007,,,
bailf101,"Bailey","Fred",08/19/1916,,,
bailb102,"Bailey","Bill",04/21/1911,,,
bailh102,"Bailey","Harvey",06/30/1899,,,
bailh101,"Bailey","Howard",04/12/1981,,,
bailj101,"Bailey","Jim",09/10/1959,,,
bailj001,"Bailey","Jeff",07/06/2007,,,
bailm001,"Bailey","Mark",04/27/1984,,05/15/2002,
bailk101,"Bailey","King",09/21/1895,,,
baile101,"Bailey","Ed",09/26/1953,,,
bailc001,"Bailey","Cory",09/01/1993,,,
bailb103,"Bailey","Bob",09/14/1962,,,
bails102,"Bailey","Steve",04/14/1967,,,
bailb101,"Bailey","Bill",09/17/1907,,,
bailb001,"Bailor","Bob",09/06/1975,,04/06/1992,
bainl101,"Bain","Loren",06/23/1945,,,
bainh001,"Baines","Harold",04/10/1980,,04/05/2004,
baird001,"Bair","Doug",09/13/1976,,,
baira101,"Baird","Al",09/10/1917,,,
baird101,"Baird","Doug",04/17/1915,,,
bairb101,"Baird","Bob",09/03/1962,,,
baisj001,"Baisley","Jeff",09/09/2008,,,
bajej001,"Bajenaru","Jeff",09/04/2004,,,
baked103,"Bakenhaster","Dave",06/20/1964,,,
bakea101,"Baker","Al",08/20/1938,,,
bakeb102,"Baker","Bock",04/28/1901,,,
bakec102,"Baker","Charlie",08/01/1884,,,09/15/1884
bakec101,"Baker","Chuck",04/07/1978,,,
baked101,"Baker","Dave",09/12/1982,,,
baked102,"Baker","Del",04/16/1914,9/30/1933,04/12/1933,
baked001,"Baker","Doug",07/02/1984,,,
bakee101,"Baker","Ernie",08/18/1905,,,
bakeg101,"Baker","Gene",09/20/1953,,04/08/1963,
bakef103,"Baker","Floyd",05/04/1943,,04/11/1961,
bakef104,"Baker","Frank",07/27/1969,,,
bakef101,"Baker","Frank",08/09/1970,,,
bakeg102,"Baker","George",05/24/1883,,,
bakeh101,"Baker","Howard",08/11/1912,,,
bakej103,"Baker","Jack",09/11/1976,,,
bakej001,"Baker","Jeff",04/04/2005,,,
bakej104,"Baker","Jesse",09/14/1919,,,
bakej101,"Baker","Jesse",04/23/1911,,,
bakej002,"Baker","John",07/09/2008,,,
bakef102,"Baker","Home Run",09/21/1908,,,
baked002,"Baker","Dusty",09/07/1968,4/6/1993,04/04/1988,
bakek101,"Baker","Kirtley",05/07/1890,,,
baken102,"Baker","Neal",06/26/1927,,,
baken101,"Baker","Norm",05/21/1883,,,
bakep101,"Baker","Phil",05/01/1883,,,06/10/1889
bakes001,"Baker","Scott",07/17/1995,,,
bakes101,"Baker","Steve",05/25/1978,,,
baket103,"Baker","Tom",08/15/1935,,,
baket102,"Baker","Tom",08/02/1963,,,
bakes002,"Baker","Scott",05/07/2005,,,
baket101,"Baker","Tracy",06/19/1911,,,
bakeb101,"Baker","Bill",05/04/1940,,04/18/1950,04/16/1957
bakej102,"Bakley","Jersey",05/11/1883,,,08/12/1888
bakop001,"Bako","Paul",04/30/1998,,,
balam101,"Balas","Mike",04/27/1938,,,
balaj101,"Balaz","John",09/10/1974,,,
balbs001,"Balboni","Steve",04/22/1981,,,
balcb101,"Balcena","Bobby",09/16/1956,,,
baldr001,"Baldelli","Rocco",03/31/2003,,04/06/2015,
baldj101,"Baldschun","Jack",04/28/1961,,,
baldl101,"Baldwin","Lady",09/30/1884,,,
baldk101,"Baldwin","Kid",07/27/1884,,,07/27/1887
baldd101,"Baldwin","Dave",09/06/1966,,,
baldf101,"Baldwin","Frank",04/22/1953,,,
baldh102,"Baldwin","Henry",05/22/1927,,,
baldh101,"Baldwin","Harry",05/04/1924,,,
baldj002,"Baldwin","James",04/30/1995,,,
baldj001,"Baldwin","Jeff",05/22/1990,,,
baldm101,"Baldwin","Mark",05/02/1887,,,10/08/1892
baldo101,"Baldwin","Orson",09/06/1908,,,
baldr102,"Baldwin","Reggie",05/25/1978,,,
baldr101,"Baldwin","Rick",04/10/1975,,,
baldb101,"Baldwin","Billy",07/29/1975,,,
balej001,"Bale","John",09/30/1999,,,
balem101,"Balenti","Mike",07/19/1911,,,
balew001,"Balentien","Wladimir",09/04/2007,,,
balel101,"Bales","Lee",08/07/1966,,,
balec001,"Balester","Collin",07/01/2008,,,
balfg001,"Balfour","Grant",07/22/2001,,,
balla101,"Ball","Art",08/01/1894,,,
balln101,"Ball","Neal",09/12/1907,,,
ballj101,"Ball","Jim",09/21/1907,,,
ballj003,"Ball","Jeff",06/10/1998,,,
ballj002,"Ballard","Jeff",05/09/1987,,,
ballp101,"Ballenger","Pelham",05/07/1928,,,
ballj001,"Baller","Jay",09/19/1982,,,
ballm101,"Ballinger","Mark",08/06/1971,,,
ballw101,"Ballou","Win",08/24/1925,,,
balst101,"Balsamo","Tony",04/14/1962,,,
bambg101,"Bamberger","George",04/19/1951,4/7/1978,04/10/1968,
bambh101,"Bamberger","Hal",09/15/1948,,,
bancs101,"Bancker","Studs",04/19/1875,,,
bancd101,"Bancroft","Dave",04/14/1915,4/15/1924,04/15/1930,
banda001,"Banda","Anthony",07/22/2017,,,
bandc001,"Bando","Chris",08/13/1981,,04/02/1996,
bands101,"Bando","Sal",09/03/1966,,,
bandj001,"Bandy","Jett",09/14/2015,,,
banee101,"Bane","Eddie",07/04/1973,,,
baned101,"Baney","Dick",07/11/1969,,,
banij001,"Banister","Jeff",07/23/1991,4/6/2015,08/10/2010,
bankd101,"Bankhead","Dan",08/26/1947,,,
banks001,"Bankhead","Scott",05/25/1986,,,
bankb001,"Banks","Brian",09/09/1996,,,
banke101,"Banks","Ernie",09/17/1953,,04/11/1967,
bankg101,"Banks","George",04/15/1962,,,
bankj001,"Banks","Josh",09/11/2007,,,
bankw001,"Banks","Willie",07/31/1991,,,
bankw002,"Bankston","Wes",07/02/2008,,,
bankb101,"Bankston","Bill",08/05/1915,,,
bannj102,"Banning","Jim",09/27/1888,,,
banna001,"Bannister","Alan",07/13/1974,,,
bannb001,"Bannister","Brian",04/05/2006,,,
bannf001,"Bannister","Floyd",04/19/1977,,,
bannj101,"Bannon","Jimmy",06/15/1893,,,07/05/1894
bannt101,"Bannon","Tom",05/10/1895,,,
bantj101,"Banta","Jack",09/18/1947,,,
bantb001,"Bantz","Brandon",06/08/2013,,,
banum001,"Banuelos","Manny",07/02/2015,,,
baptt001,"Baptist","Travis",08/01/1998,,,
barar001,"Barajas","Rod",09/25/1999,,,
barbw101,"Barbare","Walter",09/17/1914,,,
barbr101,"Barbary","Red",05/22/1943,,,
barbj001,"Barbato","Johnny",04/05/2016,,,
barbj101,"Barbeau","Jap",09/27/1905,,,
barbd101,"Barbee","Dave",07/29/1926,,,
barbb002,"Barber","Brian",08/12/1995,,,
barbc101,"Barber","Charlie",04/17/1884,,,
barbs102,"Barber","Steve",04/21/1960,,,
barbs101,"Barber","Steve",04/09/1970,,,
barbt101,"Barber","Turner",08/19/1915,,,
barbf101,"Barberich","Frank",09/17/1907,,,
barbb001,"Barberie","Bret",06/16/1991,,,
barbj102,"Barbieri","Jim",07/05/1966,,,
barcl001,"Barcelo","Lorenzo",07/22/2000,,,
barcc101,"Barclay","Curt",04/21/1957,,,
barcg101,"Barclay","George",04/17/1902,,,
bardd001,"Bard","Daniel",05/13/2009,,,
bardj001,"Bard","Josh",08/23/2002,,04/04/2016,
bardl001,"Bard","Luke",03/31/2018,,,
bardb001,"Barden","Brian",04/03/2007,,,
barer101,"Bare","Ray",07/30/1972,,,
barfj001,"Barfield","Jesse",09/03/1981,,04/26/1995,
barfj002,"Barfield","John",09/07/1989,,,
barfj003,"Barfield","Josh",04/03/2006,,,
barfc101,"Barfoot","Clyde",04/13/1922,,,
bargg001,"Bargar","Greg",07/17/1983,,,
bargc101,"Barger","Cy",08/30/1906,,,
barkb001,"Bark","Brian",07/06/1995,,,
barka101,"Barker","Al",06/01/1871,,,05/20/1881
barkg001,"Barker","Glen",04/07/1999,,,
barkk001,"Barker","Kevin",08/19/1999,,,
barkl001,"Barker","Len",09/14/1976,,,
barkr102,"Barker","Ray",09/13/1960,,,
barkr001,"Barker","Richie",04/25/1999,,,
barks001,"Barker","Sean",06/06/2007,,,
barka001,"Barkett","Andy",05/28/2001,,03/29/2018,
barkb002,"Barkley","Brian",05/28/1998,,,
barkj001,"Barkley","Jeff",09/16/1984,,,
barkr101,"Barkley","Red",09/02/1937,,,
barks101,"Barkley","Sam",05/01/1884,07/01/1888,,
barlm101,"Barlow","Mike",06/18/1975,,,
barls001,"Barlow","Scott",04/30/2018,,,
barlt101,"Barlow","Tom",05/02/1872,,,05/18/1875
barmb101,"Barmes","Bruce",09/13/1953,,,
barmc001,"Barmes","Clint",09/05/2003,,,
barnb102,"Barna","Babe",06/16/1937,,,
barnc101,"Barnabe","Charlie",04/14/1927,,,
barna001,"Barnes","Austin",05/24/2015,,,
barnb002,"Barnes","Brandon",08/07/2012,,,
barnb001,"Barnes","Brian",09/14/1990,,,
barnr102,"Barnes","Ross",05/05/1871,,,05/01/1874
barnd002,"Barnes","Danny",08/02/2016,,,
barnr104,"Barnes","Red",09/29/1927,,,
barne101,"Barnes","Eppie",09/24/1923,,,
barnf102,"Barnes","Frank",09/22/1957,,,
barnf101,"Barnes","Frank",04/18/1929,,,
barnj002,"Barnes","Jacob",06/03/2016,,,
barnj102,"Barnes","Jesse",07/30/1915,,,
barnj001,"Barnes","John",09/16/2000,,,
barnh101,"Barnes","Honey",04/20/1926,,,
barnj101,"Barnes","Junie",09/12/1934,,,
barnl001,"Barnes","Larry",04/11/2001,,,
barnl102,"Barnes","Lute",08/06/1972,,,
barnm001,"Barnes","Matt",09/09/2014,,,
barnr101,"Barnes","Rich",07/18/1982,,,
barnb104,"Barnes","Bob",07/08/1924,,,
barns101,"Barnes","Sam",09/14/1921,,,
barns002,"Barnes","Scott",05/30/2012,,,
barnv101,"Barnes","Virgil",09/25/1919,,,
barns001,"Barnes","Skeeter",09/06/1983,,,
barnb103,"Barnes","Bill",09/27/1884,,,
burnj107,"Barnett","Jack",07/02/1907,,,
barnt002,"Barnette","Tony",04/05/2016,,,
barnd001,"Barney","Darwin",08/12/2010,,,
barne104,"Barney","Ed",07/22/1915,,,
barnr103,"Barney","Rex",08/18/1943,,,
barnc102,"Barnhart","Clyde",09/22/1920,,,
barne103,"Barnhart","Edgar",09/23/1924,,,
barnl101,"Barnhart","Les",09/22/1928,,,
barnt001,"Barnhart","Tucker",04/03/2014,,,
barnv102,"Barnhart","Vic",10/01/1944,,,
barng101,"Barnicle","George",09/06/1939,,,
barnb101,"Barnie","Billy",05/07/1874,05/01/1883,,06/03/1882
barne102,"Barnowski","Ed",09/08/1965,,,
barnc001,"Barnwell","Chris",06/20/2006,,,
baros001,"Barojas","Salome",04/11/1982,,,
baros002,"Baron","Steve",09/09/2015,,,
barod001,"Barone","Daniel",08/10/2007,,,
barod101,"Barone","Dick",09/22/1960,,,
barrs102,"Barr","Scotty",08/22/1908,,,
barrj101,"Barr","Jim",07/31/1971,,,
barrb103,"Barr","Bob",09/11/1935,,,
barrb101,"Barr","Bob",06/23/1883,,,
barrs103,"Barr","Steve",10/01/1974,,,
barrk002,"Barraclough","Kyle",08/07/2015,,,
barrc101,"Barragan","Cuno",09/01/1961,,,
barrg101,"Barranca","German",09/02/1979,,,
barrf001,"Barreto","Franklin",06/24/2017,,,
barra001,"Barrett","Aaron",03/31/2014,,,
barrr101,"Barrett","Red",09/15/1937,,,
barrf104,"Barrett","Frank",10/01/1939,,,
barrj002,"Barrett","Jake",04/04/2016,,,
barrj103,"Barrett","Jimmy",09/13/1899,,,
barru101,"Barrett","John",09/18/1872,,,
barrj106,"Barrett","Johnny",04/14/1942,,,
barrm101,"Barrett","Marty",06/24/1884,,,
barrm001,"Barrett","Marty",09/06/1982,,,
barrm003,"Barrett","Michael",09/19/1998,,,
barrb104,"Barrett","Bob",04/30/1923,,,
barrt002,"Barrett","Tom",07/02/1988,,,
barrt001,"Barrett","Tim",07/18/1988,,,
barrd101,"Barrett","Dick",06/27/1933,,,
barrb102,"Barrett","Bill",07/08/1871,,,05/21/1872
barrb105,"Barrett","Bill",05/13/1921,,,
barrj003,"Barria","Jaime",04/11/2018,,,
barrf101,"Barrios","Francisco",08/18/1974,,,
barrj102,"Barrios","Jose",04/23/1982,,,
barrm002,"Barrios","Manuel",09/16/1997,,,
barry001,"Barrios","Yhonathan",09/24/2015,,,
barrt003,"Barron","Tony",06/02/1996,,,
barrr103,"Barron","Red",06/10/1929,,,
barrf103,"Barron","Frank",08/19/1914,,,
barrf102,"Barrows","Frank",05/20/1871,,,06/19/1872
barrc102,"Barrows","Cuke",09/18/1909,,,
barre101,"Barry","Ed",08/27/1905,,,
barrh101,"Barry","Hardin",06/21/1912,,,
barrj001,"Barry","Jeff",06/09/1995,,,
barrs101,"Barry","Shad",05/30/1899,,,
barrj104,"Barry","Jack",07/13/1908,4/11/1917,,
barrk001,"Barry","Kevin",06/26/2006,,,
barrr102,"Barry","Rich",07/04/1969,,,
barrt101,"Barry","Tom",04/15/1904,,,
bartk001,"Bartee","Kimera",04/03/1996,,04/02/2017,
bartd101,"Bartell","Dick",10/02/1927,,04/19/1949,
bartb103,"Barthelson","Bob",07/04/1944,,,
bartj002,"Barthmaier","Jimmy",06/27/2008,,,
bartj101,"Barthold","John",05/17/1904,,,
bartl101,"Bartholomew","Les",04/11/1928,,,
bartt101,"Bartirome","Tony",04/19/1952,,04/08/1986,
bartj001,"Bartlett","Jason",08/03/2004,,,
bartb104,"Bartley","Boyd",05/30/1943,,,
bartb102,"Bartley","Bill",09/15/1903,,,
barti101,"Bartling","Irv",09/08/1938,,,
bartb001,"Barton","Brian",04/01/2008,,,
bartd001,"Barton","Daric",09/10/2007,,,
barth101,"Barton","Harry",04/15/1905,,,
bartb101,"Barton","Bob",09/17/1965,,,
barts001,"Barton","Shawn",08/06/1992,,,
bartv101,"Barton","Vince",07/17/1931,,,
bartd102,"Bartosch","Dave",04/28/1945,,,
bartc001,"Bartosh","Cliff",05/15/2004,,,
bartc101,"Bartson","Charlie",05/14/1890,,,
barzp001,"Barzilla","Philip",06/11/2006,,,
basac001,"Basak","Chris",06/09/2007,,,
basgm101,"Basgall","Monty",04/19/1948,,04/06/1973,
basha101,"Bashang","Al",07/30/1912,,,
basht001,"Bashlor","Tyler",06/25/2018,,,
bashw101,"Bashore","Walt",07/14/1936,,,
basie101,"Basinski","Eddie",05/20/1944,,,
baskj101,"Baskette","Jim",09/22/1911,,,
bassa001,"Bass","Anthony",06/13/2011,,,
bassb001,"Bass","Brian",04/01/2008,,,
bassj101,"Bass","John",05/04/1871,,,
bassk001,"Bass","Kevin",04/09/1982,,,
bassn101,"Bass","Norm",04/23/1961,,,
bassr101,"Bass","Randy",09/03/1977,,,
bassd102,"Bass","Dick",09/21/1939,,,
bassd101,"Bass","Doc",07/29/1918,,,
bassc101,"Bassett","Charley",07/22/1884,,,
bassc001,"Bassitt","Chris",08/30/2014,,,
bassj102,"Bassler","Johnny",07/11/1913,,04/19/1938,
basta001,"Bastardo","Antonio",06/02/2009,,,
bastc101,"Bastian","Charlie",08/18/1884,,,
batce101,"Batch","Emil",09/13/1904,,,
batcj101,"Batchelder","Joe",09/29/1923,,,
batcr001,"Batchelor","Rich",09/03/1993,,,
batej102,"Bateman","John",04/19/1963,,,
batea001,"Bates","Aaron",07/06/2009,,,
bated102,"Bates","Dick",04/27/1969,,,
batec101,"Bates","Charlie",09/22/1927,,,
batef101,"Bates","Frank",10/07/1898,,,
bated101,"Bates","Del",05/06/1970,,,
bateb101,"Bates","Bud",09/16/1939,,,
batej001,"Bates","Jason",04/26/1995,,,
batej101,"Bates","Johnny",04/12/1906,,,
batej103,"Bates","John",08/25/1889,,,
bater101,"Bates","Ray",05/31/1913,,,
bateb001,"Bates","Billy",08/17/1989,,,
bathb001,"Bathe","Bill",04/12/1986,,,
batit001,"Batista","Tony",06/03/1996,,,
batim001,"Batista","Miguel",04/11/1992,,,
batir101,"Batista","Rafael",06/17/1973,,,
batik001,"Batiste","Kevin",06/13/1989,,,
batik002,"Batiste","Kim",09/08/1991,,,
batsb101,"Batsch","Bill",09/09/1916,,,
battl101,"Battam","Larry",09/28/1895,,,
battg101,"Batten","George",09/28/1912,,,
batte101,"Battey","Earl",09/10/1955,,,
battj102,"Battin","Joe",08/11/1871,09/10/1883,,05/22/1874
batta001,"Battle","Allen",04/26/1995,,,
batth001,"Battle","Howard",09/05/1995,,,
battj101,"Battle","Jim",09/09/1927,,,
battc101,"Batton","Chris",09/19/1976,,,
battm101,"Batts","Matt",09/10/1947,,,
bauea101,"Bauer","Al",09/22/1884,,,04/16/1887
baueh101,"Bauer","Hank",09/06/1948,6/19/1961,04/08/1963,
bauel101,"Bauer","Lou",08/13/1918,,,
bauer001,"Bauer","Rick",09/02/2001,,,
bauet001,"Bauer","Trevor",06/28/2012,,,
bauej001,"Bauers","Jake",06/07/2018,,,
bauer101,"Bauers","Russ",08/20/1936,,,
baugj001,"Baughman","Justin",05/17/1998,,,
baump101,"Baumann","Paddy",08/10/1911,,,
baumf102,"Baumann","Frank",07/31/1955,,,
baumb001,"Baumann","Buddy",07/16/2016,,,
baumj102,"Baumer","Jim",09/14/1949,,,
baumg101,"Baumgardner","George",04/14/1912,,,
baumr101,"Baumgarten","Ross",08/16/1978,,,
baumh101,"Baumgartner","Harry",09/06/1920,,,
baumj101,"Baumgartner","John",04/14/1953,,,
baums101,"Baumgartner","Stan",06/26/1914,,,
baumf101,"Baumholtz","Frank",04/15/1947,,,
bausg101,"Bausewine","George",09/14/1889,,,04/14/1905
baute101,"Bauta","Ed",07/06/1960,,,
bautd001,"Bautista","Danny",09/15/1993,,,
bautd002,"Bautista","Denny",05/25/2004,,,
bautg001,"Bautista","Gerson",04/17/2018,,,
bautj002,"Bautista","Jose",04/04/2004,,,
bautj001,"Bautista","Jose",04/09/1988,,,
bautr001,"Bautista","Rafael",04/30/2017,,,
baxej101,"Baxes","Jim",04/11/1959,,,
baxem101,"Baxes","Mike",04/17/1956,,,
baxtj101,"Baxter","Moose",04/19/1907,,,
baxtm001,"Baxter","Mike",09/06/2010,,,
bay-h101,"Bay","Harry",07/23/1901,,,
bay-j001,"Bay","Jason",05/23/2003,,,
byerb102,"Bayer","Burley",06/17/1899,,,
bayld101,"Bayless","Dick",09/09/1908,,,
baylj001,"Bayliss","Jonah",06/21/2005,,,
bayld001,"Baylor","Don",09/18/1970,4/5/1993,04/09/1990,
baynb101,"Bayne","Bill",09/20/1919,,,
bazay001,"Bazardo","Yorman",05/26/2005,,,
beacj101,"Beach","Jack",05/01/1884,,,
beacb001,"Beachy","Brandon",09/20/2010,,,
beatd102,"Beadle","Dave",06/17/1884,,,
bealj101,"Beall","Johnny",04/17/1913,,,
bealb101,"Beall","Bob",05/12/1975,,,
bealw101,"Beall","Walter",09/03/1924,,,
bealt101,"Beals","Tommy",07/27/1871,,,09/11/1872
beama101,"Beam","Alex",05/25/1889,,,
beame101,"Beam","Ernie",05/02/1895,,,
beamt002,"Beam","T.J.",06/17/2006,,,
beamc101,"Beamon","Charlie",09/11/1978,,,
beamc102,"Beamon","Charlie",09/26/1956,,,
beamt001,"Beamon","Trey",08/04/1996,,,
beanb101,"Bean","Belve",05/30/1930,,,
beanj101,"Bean","Joe",04/28/1902,,,
beanc001,"Bean","Colter",04/26/2005,,,
beanb002,"Bean","Bill",04/25/1987,,,
beanb001,"Beane","Billy",09/13/1984,,,
beard001,"Beard","Dave",07/16/1980,,,
beart101,"Beard","Ted",09/05/1948,,,
bearm101,"Beard","Mike",09/07/1974,,,
bearo101,"Beard","Ollie",04/17/1889,,,09/30/1894
bearr101,"Beard","Ralph",06/29/1954,,,
bearg102,"Bearden","Gene",05/10/1947,,,
bearg101,"Beare","Gary",09/07/1976,,,
bearl101,"Bearnarth","Larry",04/16/1963,,04/09/1976,
beark001,"Bearse","Kevin",04/15/1990,,,
beasc001,"Beasley","Chris",07/20/1991,,,
beasl101,"Beasley","Lew",05/21/1977,,,
beate101,"Beatin","Ed",08/02/1887,,,06/03/1889
beatp001,"Beato","Pedro",04/01/2011,,,
beatj001,"Beattie","Jim",04/25/1978,,,
beatd101,"Beatty","Desmond",09/28/1914,,,
beatb001,"Beatty","Blaine",09/16/1989,,,
beauj101,"Beauchamp","Jim",09/22/1963,,04/10/1991,
beaug101,"Beaumont","Ginger",04/21/1899,,,
beavb001,"Beavan","Blake",07/03/2011,,,
beave101,"Beavens","Edward",05/09/1871,,,
beazj101,"Beazley","Johnny",09/28/1941,,,
becab101,"Becannon","Buck",10/15/1884,,,10/11/1884
bechs001,"Bechler","Steve",09/06/2002,,,
bechg101,"Bechtel","George",05/20/1871,,,06/18/1874
beckc001,"Beck","Chad",09/13/2011,,,
beckc002,"Beck","Chris",05/28/2015,,,
beckc101,"Beck","Clyde",05/19/1926,,,
beckg102,"Beck","George",05/15/1914,,,
becke101,"Beck","Erve",09/19/1899,,,05/25/1902
beckf102,"Beck","Frank",05/02/1884,,,
beckf101,"Beck","Fred",04/14/1909,,,
beckr101,"Beck","Rich",09/14/1965,,,
beckr001,"Beck","Rod",05/06/1991,,,
beckb104,"Beck","Boom-Boom",09/22/1924,,04/15/1957,
beckz101,"Beck","Zinn",09/14/1913,,,
beckh101,"Beckendorf","Heinie",04/16/1909,,,
beckc102,"Becker","Charlie",08/02/1911,,,
beckb101,"Becker","Beals",04/19/1908,,,
beckh102,"Becker","Heinz",04/21/1943,,,
beckj102,"Becker","Joe",05/10/1936,,04/13/1955,
beckm101,"Becker","Marty",09/08/1915,,,
beckr002,"Becker","Rich",09/10/1993,,,
beckb102,"Becker","Bob",09/06/1897,,,
beckg101,"Beckert","Glenn",04/12/1965,,,
beckj002,"Beckett","Josh",09/04/2001,,,
beckr003,"Beckett","Robbie",09/12/1996,,,
beckg001,"Beckham","Gordon",06/04/2009,,,
beckt001,"Beckham","Tim",09/19/2013,,,
beckj103,"Beckley","Jake",06/20/1888,,,09/09/1906
beckj101,"Beckman","Jim",07/27/1927,,,
beckb103,"Beckmann","Bill",05/02/1939,,,
beckj001,"Beckwith","Joe",07/21/1979,,,
becqj101,"Becquer","Julio",09/13/1955,,,
bedae001,"Bedard","Erik",04/17/2002,,,
bedeh101,"Bedell","Howie",04/10/1962,,04/03/1984,
bedfg101,"Bedford","Gene",06/25/1925,,,
bedgp101,"Bedgood","Phil",09/20/1922,,,
bedih101,"Bedient","Hugh",04/26/1912,,,
bedna101,"Bednar","Andy",09/06/1930,,,
bedrc001,"Bedrosian","Cam",06/03/2014,,,
bedrs001,"Bedrosian","Steve",08/14/1981,,,
beebf101,"Beebe","Fred",04/17/1906,,,08/11/1907
beecm001,"Beech","Matt",08/08/1996,,,
beece101,"Beecher","Ed",06/28/1887,,,
beecr101,"Beecher","Roy",09/29/1907,,,
beedt001,"Beede","Tyler",04/10/2018,,,
beekj001,"Beeks","Jalen",06/07/2018,,,
beeld001,"Beeler","Dallas",06/28/2014,,,
beelj101,"Beeler","Jodie",09/21/1944,,,
beenf101,"Beene","Fred",09/18/1968,,,
beena001,"Beene","Andy",09/22/1983,,,
beerc101,"Beers","Clarence",05/02/1948,,,
beggj101,"Beggs","Joe",04/19/1938,,,
beglj101,"Begley","Jim",05/28/1924,,,
behap101,"Behan","Petie",09/16/1921,,,
behes101,"Behel","Steve",09/27/1884,,,
beher001,"Behenna","Rick",04/12/1983,,,
behnm101,"Behney","Mel",08/14/1970,,,
behrh101,"Behrman","Hank",04/17/1946,,,
beimj001,"Beimel","Joe",04/08/2001,,,
beirk001,"Beirne","Kevin",05/17/2000,,,
bejmo101,"Bejma","Ollie",04/24/1934,,,07/28/1935
belam101,"Belanger","Mark",08/07/1965,,,
belaw101,"Belardi","Wayne",04/18/1950,,,
belck001,"Belcher","Kevin",09/03/1990,,,
belct001,"Belcher","Tim",09/06/1987,,04/05/2010,
beldi101,"Belden","Ira",09/17/1897,,,
belfm001,"Belfiore","Mike",09/27/2013,,,
belis001,"Belinda","Stan",09/08/1989,,,
belib101,"Belinsky","Bo",04/18/1962,,,
belir001,"Belisario","Ronald",04/07/2009,,,
belim001,"Belisle","Matt",09/07/2003,,,
belit001,"Belitz","Todd",09/04/2000,,,
belij001,"Beliveau","Jeff",07/22/2012,,,
belkt001,"Belk","Tim",06/25/1996,,,
bellc003,"Bell","Chad",05/10/2017,,,
bellc101,"Bell","Charlie",10/13/1889,,,
bellb001,"Bell","Buddy",04/15/1972,4/1/1996,04/04/1994,
belld002,"Bell","David",05/03/1995,,04/01/2013,
bellg103,"Bell","Gus",05/30/1950,,,
belld001,"Bell","Derek",06/28/1991,,,
belle001,"Bell","Eric",09/24/1985,,,
bellf102,"Bell","Fern",04/17/1939,,,
bellf101,"Bell","Frank",07/07/1885,,,04/22/1889
bellg001,"Bell","George",04/09/1981,,,
bellg101,"Bell","George",04/17/1907,,,
bellh001,"Bell","Heath",08/24/2004,,,
bellh101,"Bell","Hi",04/16/1924,,,
bellr103,"Bell","Jack",09/16/1907,,,
bellj001,"Bell","Jay",09/29/1986,,04/04/2005,
bellj101,"Bell","Jerry",09/06/1971,,,
bellj005,"Bell","Josh",07/08/2016,,,
bellj004,"Bell","Josh",07/01/2010,,,
bellj003,"Bell","Juan",09/06/1989,,,
bellk101,"Bell","Kevin",06/16/1976,,,
belll101,"Bell","Les",09/17/1923,,,
bellm001,"Bell","Mike",05/02/1990,,,
bellm003,"Bell","Mike",07/20/2000,,,
bellr101,"Bell","Ralph",07/16/1912,,,
bellr003,"Bell","Rob",04/08/2000,,,
bellb102,"Bell","Beau",04/16/1935,,,
bellt001,"Bell","Terry",09/03/1986,,,
bellt002,"Bell","Trevor",08/12/2009,,,
bellg102,"Bell","Gary",06/01/1958,,,
bellb101,"Bell","Bill",09/05/1952,,,
bellz101,"Bella","Zeke",09/11/1957,,,
bells101,"Bellan","Steve",05/09/1871,,,
bella001,"Bellatti","Andrew",05/09/2015,,,
bellj002,"Belle","Albert",07/15/1989,,,
bellm002,"Bellhorn","Mark",06/10/1997,,,
bellr001,"Belliard","Rafael",09/06/1982,,04/03/2006,
bellr002,"Belliard","Ronnie",09/12/1998,,,
bellc001,"Bellinger","Clay",04/09/1999,,,
bellc002,"Bellinger","Cody",04/25/2017,,,
bellj102,"Bellman","Jack",04/23/1889,,,
bellr102,"Belloir","Rob",08/02/1975,,,
belle002,"Bellorin","Edwin",08/07/2007,,,
belnv001,"Belnome","Vince",07/03/2014,,,
belod001,"Below","Duane",07/20/2011,,,
beltb001,"Belt","Brandon",03/31/2011,,,
beltc001,"Beltran","Carlos",09/14/1998,,,
beltf001,"Beltran","Francis",06/28/2002,,,
beltr001,"Beltran","Rigo",06/02/1997,,,
belta001,"Beltre","Adrian",06/24/1998,,,
belte002,"Beltre","Engel",06/26/2013,,,
belte001,"Beltre","Esteban",09/03/1991,,,
belto001,"Beltre","Omar",06/30/2010,,,
bemih101,"Bemis","Harry",04/23/1902,,,
benam001,"Benard","Marvin",09/05/1995,,,
benaf001,"Benavides","Freddie",05/14/1991,,08/05/2003,
bencj101,"Bench","Johnny",08/28/1967,,,
bendc101,"Bender","Chief",04/20/1903,,04/14/1925,04/29/1907
benea101,"Benedict","Art",05/14/1883,,,
beneb001,"Benedict","Bruce",08/18/1978,,04/01/1997,
benea002,"Benes","Alan",09/19/1995,,,
benea001,"Benes","Andy",08/11/1989,,,
benej101,"Benes","Joe",05/09/1931,,,
bengr101,"Benge","Ray",09/26/1925,,,
bengb101,"Bengough","Benny",05/18/1923,,04/16/1940,
benia002,"Benintendi","Andrew",08/02/2016,,,
benij001,"Beniquez","Juan",09/04/1971,,,
benia001,"Benitez","Armando",07/28/1994,,,
beniy001,"Benitez","Yamil",09/15/1995,,,
benjs101,"Benjamin","Stan",09/16/1939,,,
benjm001,"Benjamin","Mike",07/07/1989,,,
bennh101,"Benn","Henry",09/24/1914,,,
benni101,"Benners","Ike",05/01/1884,,,
bennc101,"Bennett","Charlie",05/01/1878,,,
bennd102,"Bennett","Dave",06/12/1964,,,
bennj002,"Bennett","Jeff",04/06/2004,,,
bennd101,"Bennett","Dennis",05/12/1962,,,
benne001,"Bennett","Erik",05/15/1995,,,
bennf102,"Bennett","Frank",09/17/1927,,,
benng001,"Bennett","Gary",09/24/1995,,,
bennh102,"Bennett","Herschel",04/19/1923,,,
bennf101,"Bennett","Fred",04/13/1928,,,
bennj001,"Bennett","Joel",07/15/1998,,,
morrb103,"Bennett","Bugs",07/20/1918,,,
bennj101,"Bennett","Joe",07/05/1923,,,
bennp101,"Bennett","Pug",04/12/1906,,,
benns001,"Bennett","Shayne",08/22/1997,,,
benoj001,"Benoit","Joaquin",08/08/2001,,,
bensa101,"Benson","Allen",08/19/1934,,,
bensk001,"Benson","Kris",04/09/1999,,,
bensv101,"Benson","Vern",07/31/1943,5/12/1977,04/11/1961,
bensj001,"Benson","Joe",09/06/2011,,,
bentc101,"Bentley","Cy",04/26/1872,,,
bentj101,"Bentley","Jack",09/06/1913,,,
bentb001,"Benton","Butch",09/14/1978,,,
benta101,"Benton","Al",04/18/1934,,,
bentr102,"Benton","Rube",06/28/1910,,,
bentl101,"Benton","Larry",04/19/1923,,,
bents101,"Benton","Sid",04/18/1922,,,
bentr101,"Benton","Rabbit",09/13/1922,,,
bentc001,"Bentz","Chad",04/07/2004,,,
benzj101,"Benz","Joe",08/16/1911,,,
benzt001,"Benzinger","Todd",06/21/1987,,,
beraj101,"Berardino","Johnny",04/22/1939,,,
berbl101,"Berberet","Lou",09/17/1954,,,
berbj001,"Berblinger","Jeff",09/07/1997,,,
berej002,"Bere","Jason",05/27/1993,,04/06/2015,
berej001,"Berenguer","Juan",08/17/1978,,,
bereb001,"Berenyi","Bruce",07/05/1980,,,
berej003,"Beresford","James",09/10/2016,,,
bergd002,"Berg","Dave",04/02/1998,,,
bergj002,"Berg","Justin",08/13/2009,,,
bergm103,"Berg","Moe",06/27/1923,,04/20/1939,
berga102,"Bergamo","Augie",04/25/1944,,,
bergm102,"Bergen","Marty",04/17/1896,,,
bergb102,"Bergen","Bill",05/06/1901,,,
bergb001,"Berger","Brandon",09/09/2001,,,
bergh101,"Berger","Heinie",05/06/1907,,,
bergc101,"Berger","Clarence",09/23/1914,,,
bergj102,"Berger","Johnny",04/20/1922,,,
bergt101,"Berger","Tun",05/09/1890,,,08/03/1891
bergj103,"Berger","Joe",04/11/1913,,,
bergb101,"Berger","Boze",08/17/1932,,,
bergw101,"Berger","Wally",04/15/1930,,,
bergp001,"Bergeron","Peter",09/07/1999,,,
bergb002,"Bergesen","Brad",04/21/2009,,,
bergj101,"Bergh","John",08/05/1876,,,
bergm101,"Berghammer","Marty",09/08/1911,,,
berga101,"Bergman","Al",08/29/1916,,,
bergc001,"Bergman","Christian",06/09/2014,,,
bergd001,"Bergman","Dave",08/26/1975,,,
bergd003,"Bergman","Dusty",06/09/2004,,,
bergs001,"Bergman","Sean",07/07/1993,,,
bergj001,"Bergmann","Jason",08/28/2005,,,
bergw001,"Bergolla","William",05/09/2005,,,
berkf101,"Berkelbach","Frank",07/04/1884,,,
berkj001,"Berken","Jason",05/26/2009,,,
berkn101,"Berkenstock","Nate",10/30/1871,,,
berkl001,"Berkman","Lance",07/16/1999,,,
berlj101,"Berly","Jack",04/22/1924,,,
bermb101,"Berman","Bob",06/04/1918,,,
bernr001,"Bernadina","Roger",06/29/2008,,,
bernv101,"Bernal","Victor",04/06/1977,,,
bernc101,"Bernard","Curt",09/17/1900,,,
bernd101,"Bernard","Dwight",06/29/1978,,,
bernj102,"Bernard","Joe",09/23/1909,,,
bernt001,"Bernazard","Tony",07/13/1979,,,
berna001,"Bernero","Adam",08/01/2000,,,
bernb101,"Bernhard","Bill",04/24/1899,,,05/23/1903
bernj101,"Bernhardt","Juan",07/10/1976,,,
bernw101,"Bernhardt","Walter",07/16/1918,,,
bernc102,"Bernier","Carlos",04/22/1953,,,
bernd001,"Bernier","Doug",06/17/2008,,,
beroj101,"Bero","Johnny",09/26/1948,,,
berrd001,"Berra","Dale",08/22/1977,,,
berry101,"Berra","Yogi",09/22/1946,4/16/1964,04/09/1963,
berrd101,"Berran","Dennis",08/11/1912,,,
berrr101,"Berres","Ray",04/24/1934,,04/19/1949,
berrj001,"Berrios","Jose",04/27/2016,,,
berra001,"Berroa","Angel",09/18/2001,,,
berrg001,"Berroa","Geronimo",04/05/1989,,,
berrk101,"Berry","Ken",09/09/1962,,,
berrc103,"Berry","Charlie",06/15/1925,,04/14/1936,09/10/1942
berrc102,"Berry","Charlie",04/30/1884,,,
berrc101,"Berry","Claude",04/22/1904,,,
berrn101,"Berry","Neil",04/20/1948,,,
berrj102,"Berry","Joe",09/06/1942,,,
berrj103,"Berry","Joe",07/18/1921,,,
berrj101,"Berry","Joe",09/04/1902,,,
berrq001,"Berry","Quintin",05/23/2012,,,
berrs001,"Berry","Sean",09/17/1990,,07/12/2006,
berrt101,"Berry","Tom",09/02/1871,,,
berrd002,"Berryhill","Damon",09/05/1987,,,
bertf101,"Bertaina","Frank",08/01/1964,,,
berth102,"Berte","Harry",09/17/1903,,,
bertd101,"Bertell","Dick",09/22/1960,,,
berth101,"Berthrong","Henry",05/05/1871,,,05/24/1872
bertj001,"Berti","Jon",09/26/2018,,,
bertr101,"Bertoia","Reno",09/22/1953,,,
bertm001,"Bertotti","Mike",07/29/1995,,,
bertl101,"Bertrand","Lefty",04/15/1936,,,
berua001,"Berumen","Andres",04/27/1995,,,
besaf101,"Besana","Fred",04/18/1956,,,
bescb101,"Bescher","Bob",09/05/1908,,,
bessh101,"Besse","Herman",04/19/1940,,,
bessd101,"Bessent","Don",07/17/1955,,,
bestk001,"Best","Karl",08/19/1983,,,
bestu101,"Bestick","William",06/20/1872,,,
beswj101,"Beswick","Jim",08/09/1978,,,
betad001,"Betances","Dellin",09/22/2011,,,
betar001,"Betancourt","Rafael",07/13/2003,,,
betay001,"Betancourt","Yuniesky",07/28/2005,,,
betcf101,"Betcher","Frank",05/21/1910,,,
betew001,"Betemit","Wilson",09/18/2001,,,
bethc001,"Bethancourt","Christian",09/29/2013,,,
bethb101,"Bethea","Bill",09/13/1964,,,
bethj101,"Bethke","Jim",04/12/1965,,,
bettl101,"Bettencourt","Larry",06/02/1928,,,
bettj001,"Bettendorf","Jeff",04/08/1984,,,
bettc001,"Bettis","Chad",08/01/2013,,,
betth102,"Betts","Harry",09/22/1903,,,
bettm001,"Betts","Mookie",06/29/2014,,,
betth101,"Betts","Huck",04/26/1920,,,
betzb101,"Betzel","Bruno",09/03/1914,,,
bevak001,"Bevacqua","Kurt",06/22/1971,,,
bevah101,"Bevan","Hal",04/24/1952,,,
beveb101,"Bevens","Bill",05/12/1944,,,
bevej001,"Beverlin","Jason",07/29/2002,,,
bevib001,"Bevil","Brian",06/17/1996,,,
bevil101,"Bevil","Lou",09/02/1942,,,
bevib101,"Beville","Ben",05/24/1901,,,
bevim101,"Beville","Monte",04/24/1903,,,07/07/1903
biagj001,"Biagini","Joe",04/08/2016,,,
bianb001,"Biancalana","Buddy",09/12/1982,,,
bianj001,"Bianchi","Jeff",07/13/2012,,,
biant101,"Bianco","Tommy",05/28/1975,,,
biash101,"Biasatti","Hank",04/23/1949,,,
bibbj001,"Bibby","Jim",09/04/1972,,,
bibea001,"Bibens-Dirkx","Austin",05/17/2017,,,
bichd001,"Bichette","Dante",09/05/1988,,04/01/2013,
bickv101,"Bickford","Vern",04/24/1948,,,
bickd101,"Bickham","Dan",08/13/1886,,,
bickc101,"Bicknell","Charlie",04/22/1948,,,
biddj001,"Biddle","Jesse",04/21/2018,,,
biddr001,"Biddle","Rocky",08/10/2000,,,
biebs001,"Bieber","Shane",05/31/2018,,,
beece102,"Biecher","Ed",09/26/1897,,,
bielo101,"Bielaski","Oscar",04/24/1872,,,05/18/1874
bielm001,"Bielecki","Mike",09/14/1984,,,
biemh101,"Biemiller","Harry",08/26/1920,,,
bierl101,"Bierbauer","Lou",04/17/1886,,,
biern001,"Bierbrodt","Nick",06/07/2001,,,
bierr001,"Bierd","Randor",04/02/2008,,,
bierc101,"Bierman","Charles",06/21/1871,,,
biess001,"Bieser","Steve",04/01/1997,,,
bigbc101,"Bigbee","Carson",08/24/1916,,,
bigbl101,"Bigbee","Lyle",04/15/1920,,,
bigbl001,"Bigbie","Larry",06/23/2001,,,
bigee101,"Bigelow","Elliot",04/18/1929,,,
biggc001,"Biggio","Craig",06/26/1988,,,
biggc101,"Biggs","Charlie",09/03/1932,,,
bigli101,"Bigler","Ivan",05/06/1917,,,
bigng101,"Bignell","George",09/27/1884,,,
biitl101,"Biittner","Larry",07/17/1970,,,
bilad001,"Bilardello","Dann",04/11/1983,,,
bilbj101,"Bilbrey","Jim",05/17/1949,,,
bilde101,"Bildilli","Emil",08/24/1937,,,
bilks101,"Bilko","Steve",09/22/1949,,,
billh101,"Billiard","Harry",07/31/1908,,,
billj101,"Billingham","Jack",04/11/1968,,,
billb002,"Billings","Bruce",05/27/2011,,,
billj102,"Billings","Josh",08/17/1927,,,
billj103,"Billings","Josh",09/09/1913,,,
billd101,"Billings","Dick",09/11/1968,,,
billb001,"Billingsley","Brent",05/20/1999,,,
billc001,"Billingsley","Chad",06/15/2006,,,
binkg101,"Binks","George",09/23/1944,,,
biras101,"Biras","Steve",09/15/1944,,,
bircj101,"Birchall","Jud",05/02/1882,,,
birdf101,"Bird","Frank",04/16/1892,,,
birdg101,"Bird","George",05/06/1871,,,
birdg001,"Bird","Greg",08/13/2015,,,
birdd101,"Bird","Doug",04/29/1973,,,
birdr101,"Bird","Red",09/17/1921,,,
birdd102,"Birdsall","Dave",05/05/1871,,,07/14/1873
birkm001,"Birkbeck","Mike",08/17/1986,,,
birkk001,"Birkins","Kurt",05/04/2006,,,
birkr101,"Birkofer","Ralph",04/25/1933,,,
birmj101,"Birmingham","Joe",09/12/1906,9/2/1912,,
birrb101,"Birrer","Babe",06/05/1955,,,
birtt001,"Birtsas","Tim",05/03/1985,,,
biscf101,"Biscan","Frank",05/03/1942,,,
biscj101,"Bischoff","John",04/18/1925,,,
bisej001,"Bisenius","Joe",04/05/2007,,,
bishc101,"Bishop","Charlie",08/22/1952,,,
bishf101,"Bishop","Frank",05/27/1884,,,
bishj101,"Bishop","Jim",04/26/1923,,,
bishl101,"Bishop","Lloyd",09/05/1914,,,
bishm102,"Bishop","Max",04/15/1924,,,
bishm101,"Bishop","Mike",04/16/1983,,,
bishb102,"Bishop","Bill",09/15/1921,,,
bishb101,"Bishop","Bill",09/13/1886,,,
bislr101,"Bisland","Rivington",09/13/1912,,,
bissd101,"Bissonette","Del",04/11/1928,7/31/1945,04/17/1945,
bithh101,"Bithorn","Hi",04/15/1942,,,
bitkj001,"Bitker","Joe",07/31/1990,,,
bittj001,"Bittiger","Jeff",09/02/1986,,,
bittr101,"Bittmann","Red",10/10/1889,,,10/05/1889
bivij101,"Bivin","Jim",04/16/1935,,,
bixlb001,"Bixler","Brian",04/06/2008,,,
bjorg101,"Bjorkman","George",07/10/1983,,,
blact002,"Blach","Ty",09/05/2016,,,
blacd102,"Black","Dave",05/02/1914,,,
blacd101,"Black","Don",04/24/1943,,,
blacb001,"Black","Buddy",09/05/1981,4/3/2007,04/03/2000,
blacj101,"Black","John",06/20/1911,,,
blacb103,"Black","Bill",05/04/1924,,,
blacj103,"Black","Joe",05/01/1952,,,
blacr001,"Black","Ray",07/08/2018,,,
blacb102,"Black","Bob",08/19/1884,,,
blacv001,"Black","Vic",07/25/2013,,,
blacb101,"Black","Bud",09/13/1952,,,
blace103,"Blackaby","Ethan",09/06/1962,,,
blace101,"Blackburn","Earl",09/17/1912,,,
blacc101,"Blackburn","Charlie",04/17/1915,,,
blacg102,"Blackburn","George",07/06/1897,,,
blacj102,"Blackburn","Jim",07/24/1948,,,
blacp001,"Blackburn","Paul",07/01/2017,,,
blacn001,"Blackburn","Nick",09/03/2007,,,
blacr101,"Blackburn","Ron",04/15/1958,,,
blacl101,"Blackburne","Lena",04/14/1910,7/6/1928,04/12/1927,
blacg101,"Blackerby","George",08/10/1928,,,
blact001,"Blackley","Travis",07/01/2004,,,
blacc001,"Blackmon","Charlie",06/07/2011,,,
blace102,"Blackwell","Ewell",04/21/1942,,,
blacf101,"Blackwell","Fred",09/25/1917,,,
blact101,"Blackwell","Tim",07/03/1974,,,
bladr102,"Blades","Ray",08/19/1922,4/18/1939,04/15/1930,
bladr101,"Bladt","Rick",06/15/1969,,,
blaeg101,"Blaeholder","George",04/20/1925,,,
blaer101,"Blaemire","Rae",09/13/1941,,,
blaia001,"Blair","Aaron",04/24/2016,,,
blaic001,"Blair","Carson",09/06/2015,,,
blaif101,"Blair","Footsie",04/28/1929,,,
blaid101,"Blair","Dennis",05/26/1974,,,
blaib102,"Blair","Buddy",04/14/1942,,,
blaip101,"Blair","Paul",09/09/1964,,,
blaiw101,"Blair","Walter",09/17/1907,6/4/1915,,
blaiw001,"Blair","Willie",04/11/1990,,04/01/2013,
blaib101,"Blair","Bill",07/19/1888,,,
blaid102,"Blaisdell","Dick",07/09/1884,,,
blake101,"Blake","Ed",05/01/1951,,,
blakh101,"Blake","Harry",07/07/1894,,,
blaks101,"Blake","Sheriff",06/29/1920,,,
blakc001,"Blake","Casey",08/14/1999,,,
blakl101,"Blakely","Linc",04/29/1934,,,
blakb101,"Blakiston","Bob",05/02/1882,,,08/12/1884
blalh001,"Blalock","Hank",04/01/2002,,,
blanj101,"Blanchard","Johnny",09/25/1955,,,
blana101,"Blanche","Al",08/23/1935,,,
blana001,"Blanco","Andres",04/17/2004,,,
bland101,"Blanco","Damaso",05/26/1972,,,
blang101,"Blanco","Gil",04/24/1965,,,
blang001,"Blanco","Gregor",03/30/2008,,,
blanh001,"Blanco","Henry",07/25/1997,,03/29/2018,
blano101,"Blanco","Ossie",05/26/1970,,,
blant001,"Blanco","Tony",04/04/2005,,,
blann001,"Bland","Nate",05/05/2003,,,
blanf102,"Blanding","Fred",09/15/1910,,,
blana002,"Blandino","Alex",04/10/2018,,,
blanm001,"Blank","Matt",04/03/2000,,,
blanc102,"Blank","Coonie",08/15/1909,,,
blanf101,"Blank","Fred",06/20/1894,,,
blanc103,"Blankenship","Cliff",04/17/1905,,,09/24/1907
blanh101,"Blankenship","Homer",09/06/1922,,,
blank001,"Blankenship","Kevin",09/20/1988,,,
blanl001,"Blankenship","Lance",09/04/1988,,,
blant101,"Blankenship","Ted",07/02/1922,,,
blank002,"Blanks","Kyle",06/19/2009,,,
blanl101,"Blanks","Larvell",07/19/1972,,,
blanc101,"Blanton","Cy",09/23/1934,,,
blanj001,"Blanton","Joe",09/21/2004,,,
blasj001,"Blash","Jabari",04/04/2016,,,
blasd101,"Blasingame","Don",09/20/1955,,,
blasw101,"Blasingame","Wade",09/17/1963,,,
blass101,"Blass","Steve",05/10/1964,,,
blats101,"Blateric","Steve",09/17/1971,,,
blatj101,"Blatnik","Johnny",04/21/1948,,,
blatb101,"Blattner","Buddy",04/18/1942,,,
blauj001,"Blauser","Jeff",07/05/1987,,,
blauh101,"Blauvelt","Harvey",06/22/1890,,,
blayg101,"Blaylock","Gary",04/10/1959,,04/03/1984,
blaym101,"Blaylock","Marv",09/26/1950,,,
blayb101,"Blaylock","Bob",07/22/1956,,,
blazm001,"Blazek","Michael",06/22/2013,,,
blazr001,"Blazier","Ron",05/31/1996,,,
blefc101,"Blefary","Curt",04/14/1965,,,
bleij001,"Bleich","Jeremy",07/13/2018,,,
bleir001,"Bleier","Richard",05/30/2016,,,
blemr101,"Blemker","Ray",07/03/1960,,,
blesi101,"Blessitt","Ike",09/07/1972,,,
bletc101,"Blethen","Clarence",09/17/1923,,,
blevj001,"Blevins","Jerry",09/16/2007,,,
blewb101,"Blewett","Bob",06/17/1902,,,
blign101,"Bligh","Ned",06/26/1886,,,
blise101,"Bliss","Elmer",09/28/1903,,,
blisf101,"Bliss","Frank",06/20/1878,,,
blisj101,"Bliss","Jack",05/10/1908,,,
blocb101,"Block","Bruno",08/05/1907,,,
blocc101,"Block","Cy",09/07/1942,,,
bloct001,"Blocker","Terry",04/11/1985,,,
blogw101,"Blogg","Wes",06/20/1883,,,05/12/1886
blomr101,"Blomberg","Ron",09/10/1969,,,
blomb001,"Blomdahl","Ben",04/28/1995,,,
blonj101,"Blong","Joe",05/04/1875,,,
blooj101,"Bloodworth","Jimmy",09/14/1937,,,
bloob101,"Bloomfield","Bud",09/25/1963,,,
bloow001,"Bloomquist","Willie",09/01/2002,,,
blosg001,"Blosser","Greg",09/05/1993,,,
blotj101,"Blott","Jack",07/30/1924,,,
blowm001,"Blowers","Mike",09/01/1989,,,
blueb101,"Blue","Bert",06/15/1908,,,
bluel101,"Blue","Lu",04/14/1921,,,
bluev001,"Blue","Vida",07/20/1969,,,
blueo102,"Bluege","Ossie",04/24/1922,4/20/1943,04/14/1941,08/02/1938
blueo101,"Bluege","Otto",04/12/1932,,,
bluej101,"Bluejacket","Jim",08/06/1914,,,
bluhr101,"Bluhm","Red",07/03/1918,,,
blumg001,"Blum","Geoff",08/09/1999,,,
blumj001,"Bluma","Jaime",08/09/1996,,,
blumc101,"Blume","Clint",09/30/1922,,,
blylb001,"Blyleven","Bert",06/05/1970,,,
blyzm101,"Blyzka","Mike",04/21/1953,,,
boakc101,"Boak","Chet",09/18/1960,,,
boarc101,"Boardman","Charlie",09/26/1913,,,
boarf101,"Boardman","Frederick",08/29/1874,,,05/04/1875
bobbr101,"Bobb","Randy",08/15/1968,,,
bocah001,"Bocachica","Hiram",09/13/2000,,,
boccj101,"Boccabella","John",09/02/1963,,,
bocem101,"Bocek","Milt",09/03/1933,,,
bochb001,"Bochte","Bruce",07/19/1974,04/02/2017,,
bochd001,"Bochtler","Doug",05/05/1995,,04/04/2016,
bochb003,"Bochy","Brett",09/13/2014,,,
bochb002,"Bochy","Bruce",07/19/1978,4/26/1995,04/06/1993,
bocke101,"Bockman","Eddie",09/11/1946,,,
bockr001,"Bockus","Randy",09/10/1986,,,
bocob001,"Bocock","Brian",03/31/2008,,,
boddm001,"Boddicker","Mike",10/04/1980,,,
bodip101,"Bodie","Ping",04/22/1911,,,
boect101,"Boeckel","Tony",07/23/1917,,,
boehg101,"Boehler","George",09/13/1912,,,
boehj101,"Boehling","Joe",06/20/1912,,,
boehl101,"Boehmer","Len",06/18/1967,,,
boehb001,"Boehringer","Brian",04/30/1995,,,
boerl101,"Boerner","Larry",06/30/1932,,,
boesb001,"Boesch","Brennan",04/23/2010,,,
boevj001,"Boever","Joe",07/19/1985,,,
bogax001,"Bogaerts","Xander",08/20/2013,,,
bogat001,"Bogar","Tim",04/21/1993,9/5/2014,04/07/2009,
bogaj101,"Bogart","John",09/17/1920,,,
boget101,"Bogener","Terry",06/14/1982,,,
boggb001,"Boggs","Brandon",04/29/2008,,,
boggm001,"Boggs","Mitchell",06/06/2008,,,
boggr101,"Boggs","Ray",09/01/1928,,,
boggt001,"Boggs","Tommy",07/19/1976,,,
boggw001,"Boggs","Wade",04/10/1982,,04/03/2001,
boglw101,"Bogle","Warren",07/31/1968,,,
bogub001,"Bogusevic","Brian",09/01/2010,,,
bohab001,"Bohanon","Brian",04/10/1990,,,
bohep101,"Bohen","Pat",10/01/1913,,,
bohnc101,"Bohn","Charlie",06/20/1882,,,
bohnt001,"Bohn","T.J.",08/22/2006,,,
bohns101,"Bohne","Sam",09/09/1916,,,
bohnj101,"Bohnet","John",05/10/1982,,,
boisb101,"Boisclair","Bruce",09/11/1974,,,
boitd101,"Boitano","Dan",10/01/1978,,,
boked101,"Bokelmann","Dick",08/03/1951,,,
bokeb101,"Boken","Bob",04/25/1933,,,
bokij101,"Bokina","Joe",04/16/1936,,,
bolab101,"Boland","Bernie",04/14/1915,,,
bolae101,"Boland","Ed",09/18/1934,,,
bolau101,"Boland",,09/04/1875,,,
boldc101,"Bold","Charlie",08/24/1914,,,
boldb101,"Bolden","Bill",06/27/1919,,,
boles101,"Bolen","Stew",04/15/1926,,,
bolec101,"Boles","Carl",08/02/1962,,,
bolej101,"Boley","Joe",04/12/1927,,,
bolgj101,"Bolger","Jim",06/24/1950,,,
bolif001,"Bolick","Frank",04/05/1993,,,
bolib101,"Bolin","Bobby",04/18/1961,,,
bollf101,"Bolling","Frank",04/13/1954,,,
bollj101,"Bolling","Jack",06/10/1939,,,
bollm101,"Bolling","Milt",09/10/1952,,,
bollg101,"Bollo","Greg",05/09/1965,,,
bolld101,"Bollweg","Don",09/28/1950,,,
bolsm001,"Bolsinger","Mike",04/14/2014,,,
boltc102,"Bolton","Cecil",09/21/1928,,,
boltr001,"Bolton","Rod",04/10/1993,,,
boltt001,"Bolton","Tom",05/17/1987,,,
boltc101,"Bolton","Cliff",04/20/1931,,,
bombm101,"Bomback","Mark",09/12/1978,,,
bondt101,"Bond","Tommy",05/05/1874,07/11/1882,,10/27/1875
bondw101,"Bond","Walt",04/19/1960,,,
bondj001,"Bonderman","Jeremy",04/02/2003,,,
bondb001,"Bonds","Barry",05/30/1986,,04/05/2016,
bondb101,"Bonds","Bobby",06/25/1968,,04/03/1984,
boneg101,"Bone","George",09/18/1901,,,
boner001,"Bones","Ricky",08/11/1991,,04/05/2012,
bonej101,"Bonetti","Julio",04/22/1937,,,
boneh101,"Boney","Hank",06/28/1927,,,
bongj001,"Bong","Jung",04/23/2002,,,
bongn101,"Bongiovanni","Nino",04/23/1938,,,
bonht101,"Bonham","Tiny",08/05/1940,,,
bonhb101,"Bonham","Bill",04/07/1971,,,
bonie001,"Bonifacio","Emilio",09/02/2007,,,
bonij002,"Bonifacio","Jorge",04/21/2017,,,
bonij101,"Bonikowski","Joe",04/12/1962,,,
bonij001,"Bonilla","Juan",04/09/1981,,,
bonil001,"Bonilla","Lisalverto",09/04/2014,,,
bonib001,"Bonilla","Bobby",04/09/1986,,,
bonil101,"Bonin","Luther",04/13/1913,,,
bonie002,"Bonine","Eddie",06/14/2008,,,
bonnb001,"Bonnell","Barry",05/04/1977,,,
bonnf101,"Bonner","Frank",04/26/1894,,,07/13/1894
bonnb101,"Bonner","Bobby",09/12/1980,,,
bonnb102,"Bonness","Bill",09/26/1944,,,
bonog101,"Bono","Gus",09/13/1920,,,
bonsb001,"Bonser","Boof",05/21/2006,,,
bonuz101,"Bonura","Zeke",04/17/1934,,,
booee101,"Booe","Everett",04/13/1913,,,
bookc001,"Booker","Chris",09/05/2005,,,
bookg001,"Booker","Greg",09/11/1983,,04/01/1997,
bookb101,"Booker","Buddy",06/04/1966,,,
bookr001,"Booker","Rod",04/29/1987,,,
boola101,"Bool","Al",09/29/1928,,,
boolr101,"Booles","Red",07/30/1909,,,
boona001,"Boone","Aaron",06/20/1997,03/29/2018,,
boonb002,"Boone","Bret",08/19/1992,,,
boond101,"Boone","Danny",04/11/1981,,,
boong101,"Boone","George",04/23/1891,,,
booni101,"Boone","Ike",04/22/1922,,,
boond102,"Boone","Dan",09/10/1919,,,
boonl101,"Boone","Luke",09/09/1913,,,
boonr101,"Boone","Ray",09/03/1948,,,
boonb001,"Boone","Bob",09/10/1972,4/26/1995,04/03/1994,
bootc001,"Bootcheck","Chris",09/09/2003,,,
boota101,"Booth","Amos",04/25/1876,,,09/19/1882
boote101,"Booth","Eddie",04/26/1872,,,
bootu101,"Booth",,05/01/1875,,,
bootj001,"Booty","Josh",09/24/1996,,,
boozj101,"Boozer","John",07/22/1962,,,
borbj001,"Borbon","Julio",06/29/2009,,,
borbp101,"Borbon","Pedro",04/09/1969,,,
borbp001,"Borbon","Pedro",10/02/1992,,,
borcj001,"Borchard","Joe",09/02/2002,,,
borcg101,"Borchers","George",05/18/1888,,,
bordf101,"Bordagaray","Frenchy",04/17/1934,,,
bordj101,"Borden","Joe",07/24/1875,,,
bordp001,"Borders","Pat",04/06/1988,,,
bordr001,"Bordi","Rich",07/16/1980,,,
bordm001,"Bordick","Mike",04/11/1990,,,
bordb101,"Bordley","Bill",06/30/1980,,,
borgg101,"Borgmann","Glenn",07/01/1972,,,
borip101,"Boris","Paul",05/21/1982,,,
borkf101,"Bork","Frank",04/15/1964,,,
borkd001,"Borkowski","Dave",07/17/1999,,,
borkb101,"Borkowski","Bob",04/22/1950,,,
borlt101,"Borland","Tom",05/15/1960,,,
borlt001,"Borland","Toby",05/27/1994,,,
bormj001,"Bormann","John",04/30/2017,,,
boror101,"Borom","Red",04/23/1944,,,
boros101,"Boros","Steve",06/19/1957,4/4/1983,04/07/1975,
boroj001,"Borowski","Joe",07/09/1995,,,
boroh101,"Borowy","Hank",04/18/1942,,,
bortb101,"Borton","Babe",09/02/1912,,,
borur001,"Borucki","Ryan",06/26/2018,,,
boscj001,"Boscan","J.C.",10/01/2010,,,
boscw001,"Boscan","Wilfredo",05/19/2016,,,
boscd101,"Bosch","Don",09/19/1966,,,
boser101,"Bosetti","Rick",09/09/1976,,,
boshb001,"Boshers","Buddy",08/10/2013,,,
bosic001,"Bosio","Chris",08/03/1986,,03/31/2003,
bosks001,"Boskie","Shawn",05/20/1990,,,
boslt001,"Bosley","Thad",06/29/1977,,04/05/1999,
bosmd101,"Bosman","Dick",06/01/1966,,04/07/1986,
bossh101,"Boss","Harley",07/19/1928,,,
bossm101,"Bosser","Mel",04/29/1945,,,
bostc001,"Bostick","Chris",05/08/2017,,,
bosth101,"Bostick","Henry",05/18/1915,,,
bostl101,"Bostock","Lyman",04/08/1975,,,
bostd001,"Boston","Daryl",05/13/1984,,04/01/2013,
boswa101,"Boswell","Andy",05/10/1895,,,
boswd101,"Boswell","Dave",09/18/1964,,,
boswk101,"Boswell","Ken",09/18/1967,,,
boted002,"Bote","David",04/21/2018,,,
boted001,"Botelho","Derek",07/18/1982,,,
bottr001,"Bottalico","Ricky",07/29/1994,,,
bottj102,"Bottarini","John",04/22/1937,,,
bottk001,"Bottenfield","Kent",07/06/1992,,,
bottr101,"Botting","Ralph",06/28/1979,,,
bottj101,"Bottomley","Jim",08/18/1922,7/21/1937,04/21/1937,
bottj001,"Botts","Jason",09/14/2005,,,
botzb101,"Botz","Bob",05/08/1962,,,
bouce101,"Bouchee","Ed",09/19/1956,,,
bouca101,"Boucher","Al",04/16/1914,,,
boucd001,"Boucher","Denis",04/12/1991,,,
boucm101,"Boucher","Medric",05/20/1914,,,
boudl101,"Boudreau","Lou",09/09/1938,4/14/1942,,
boulc101,"Bouldin","Carl",09/02/1961,,,
boulj101,"Boultes","Jake",04/18/1907,,,
bourj002,"Bour","Justin",06/05/2014,,,
bourj001,"Bourgeois","Jason",09/09/2008,,,
bours001,"Bourgeois","Steve",04/03/1996,,,
bourc101,"Bourjos","Chris",08/31/1980,,,
bourp001,"Bourjos","Peter",08/03/2010,,,
bourm001,"Bourn","Michael",07/30/2006,,,
bourr001,"Bournigal","Rafael",09/01/1992,,,
bourp101,"Bourque","Pat",09/06/1971,,,
boutj101,"Bouton","Jim",04/22/1962,,,
bovem001,"Bovee","Mike",09/13/1997,,,
bowal001,"Bowa","Larry",04/07/1970,4/6/1987,09/23/1988,
bowcb101,"Bowcock","Benny",09/18/1903,,,
bowdt101,"Bowden","Tim",09/17/1914,,,
bowdm001,"Bowden","Michael",08/30/2008,,,
bowec102,"Bowen","Chick",09/15/1919,,,
bower002,"Bowen","Rob",09/01/2003,,,
bower001,"Bowen","Ryan",07/22/1991,,,
bowes101,"Bowen","Sam",08/25/1977,,,
bowec101,"Bowen","Cy",04/28/1896,,,
bowes103,"Bowens","Sam",09/07/1963,,,
bowef102,"Bowerman","Frank",08/24/1895,4/14/1909,,
boweb001,"Bowers","Brent",08/16/1996,,,
bowec001,"Bowers","Cedrick",07/02/2008,,,
boweb101,"Bowers","Billy",04/24/1949,,,
bowes001,"Bowers","Shane",07/26/1997,,,
bowes102,"Bowers","Stew",08/05/1935,,,
bowef101,"Bowes","Frank",04/17/1890,,,
bowij001,"Bowie","Jim",08/03/1994,,,
bowim001,"Bowie","Micah",07/24/1999,,,
bowkj001,"Bowker","John",04/12/2008,,,
bowlg101,"Bowler","Grant",08/21/1931,,,
bowlb001,"Bowles","Brian",06/27/2001,,,
bowlc101,"Bowles","Charlie",09/25/1943,,,
bowle101,"Bowles","Emmett",09/12/1922,,,
bowlw101,"Bowlin","Weldon",09/16/1967,,,
bowls101,"Bowling","Steve",09/07/1976,,,
bowma101,"Bowman","Abe",05/19/1914,,,
bowme102,"Bowman","Elmer",08/03/1920,,,
bowme101,"Bowman","Ernie",04/12/1961,,,
bowmj101,"Bowman","Joe",04/18/1932,,,
bowmm001,"Bowman","Matt",04/06/2016,,,
bowmb103,"Bowman","Bob",04/21/1939,,,
bowmb102,"Bowman","Bob",04/16/1955,,,
bowmr101,"Bowman","Roger",09/22/1949,,,
bowms101,"Bowman","Sumner",06/11/1890,,,
bowmb101,"Bowman","Bill",06/18/1891,,,
bowsr101,"Bowser","Red",09/13/1910,,,
bowst101,"Bowsfield","Ted",07/20/1958,,,
bowyt001,"Bowyer","Travis",09/10/2005,,,
boxbb001,"Boxberger","Brad",06/10/2012,,,
boydo001,"Boyd","Oil Can",09/13/1982,,,
boydf101,"Boyd","Frank",05/18/1893,,,
boydg101,"Boyd","Gary",08/01/1969,,,
boydj101,"Boyd","Jake",09/20/1894,,,
boydj001,"Boyd","Jason",09/10/1999,,,
boydm001,"Boyd","Matt",06/27/2015,,,
boydr101,"Boyd","Ray",09/24/1910,,,
boydb102,"Boyd","Bob",09/08/1951,,,
boydb101,"Boyd","Bill",04/22/1872,09/25/1875,,10/10/1873
boyeb001,"Boyer","Blaine",06/12/2005,,,
boyec102,"Boyer","Clete",06/05/1955,,04/10/1980,
boyec101,"Boyer","Cloyd",04/23/1949,,04/08/1975,
boyek101,"Boyer","Ken",04/12/1955,4/29/1978,04/06/1971,
boyld101,"Boyland","Doe",09/04/1978,,,
boyle101,"Boyle","Eddie",04/17/1896,,,
boylh102,"Boyle","Henry",07/09/1884,,,08/30/1886
boylj103,"Boyle","Jim",06/20/1926,,,
boylj102,"Boyle","Jack",10/08/1886,,,08/07/1888
boylj101,"Boyle","Jack",06/28/1912,,,
boylb101,"Boyle","Buzz",09/11/1929,,,
boylh101,"Boyles","Harry",08/03/1938,,,
bozem001,"Boze","Marshall",04/28/1996,,,
brabg101,"Brabender","Gene",05/11/1966,,,
bracb001,"Brach","Brad",08/31/2011,,,
bracs001,"Bracho","Silvino",08/30/2015,,,
bracg101,"Brack","Gibby",04/23/1937,,,
bracj102,"Bracken","Jack",08/07/1901,,,
bracj101,"Brackenridge","John",04/15/1904,,,
braca001,"Brackman","Andrew",09/22/2011,,,
bradz001,"Braddock","Zach",05/23/2010,,,
bradd002,"Braden","Dallas",04/24/2007,,,
bradd102,"Bradey","Don",09/25/1964,,,
bradc001,"Bradford","Chad",08/01/1998,,,
bradb105,"Bradford","Buddy",09/09/1966,,,
bradc002,"Bradford","Chasen",06/25/2017,,,
bradv101,"Bradford","Vic",05/01/1943,,,
bradl101,"Bradford","Larry",09/24/1977,,,
bradb106,"Bradford","Bill",04/24/1956,,,
brada101,"Bradley","Al",05/21/1884,,,
brada001,"Bradley","Archie",04/11/2015,,,
bradf102,"Bradley","Fred",05/01/1948,,,
bradf101,"Bradley","Foghorn",08/23/1876,,,10/14/1875
bradg101,"Bradley","George",04/28/1946,,,
bradg103,"Bradley","George",05/04/1875,,,07/04/1884
bradh102,"Bradley","Herb",05/09/1927,,,
bradh101,"Bradley","Hugh",04/25/1910,,,
bradj001,"Bradley","Jackie",04/01/2013,,,
bradj002,"Bradley","Jed",09/03/2016,,,
bradj103,"Bradley","Jack",06/18/1916,,,
bradm101,"Bradley","Mark",09/03/1981,,,
bradm001,"Bradley","Milton",07/19/2000,,,
bradp001,"Bradley","Phil",09/02/1983,,,
bradr001,"Bradley","Ryan",08/22/1998,,,
brads001,"Bradley","Scott",09/09/1984,,,
bradb101,"Bradley","Bert",09/03/1983,,,
bradt102,"Bradley","Tom",09/09/1969,,,
bradb102,"Bradley","Bill",08/26/1899,7/2/1905,,
bradd101,"Bradshaw","Dallas",06/05/1917,,,
bradg102,"Bradshaw","George",08/10/1952,,,
bradj101,"Bradshaw","Joe",05/09/1929,,,
bradt001,"Bradshaw","Terry",05/04/1995,,03/29/2018,
bradb001,"Brady","Brian",04/16/1989,,,
bradc101,"Brady","Cliff",08/08/1920,,,
bradn101,"Brady","Neal",09/25/1915,,,
bradj102,"Brady","Jim",05/12/1956,,,
bradk101,"Brady","King",09/21/1905,,,
bradm002,"Brady","Michael",06/20/2017,,,
bradu102,"Brady","Spike",09/25/1875,,,
bradb103,"Brady","Bob",08/24/1946,,,
brads101,"Brady","Steve",07/23/1874,,,
bradd001,"Brady","Doug",09/05/1995,,,
bradb104,"Brady","Bill",07/09/1912,,,
bragb101,"Bragan","Bobby",04/16/1940,4/17/1956,04/12/1960,
bragd001,"Bragg","Darren",04/12/1994,,,
bragd101,"Braggins","Dick",05/16/1901,,,
bragg001,"Braggs","Glenn",07/18/1986,,,
braid101,"Brain","Dave",04/24/1901,,,
braia102,"Brainard","Asa",05/05/1871,,,08/22/1872
braif101,"Brainard","Fred",10/06/1914,,,
braia101,"Braithwood","Al",09/01/1915,,,
brame101,"Brame","Erv",04/14/1928,,,
brama101,"Bramhall","Art",04/18/1935,,,
branr103,"Branca","Ralph",06/12/1944,,,
brana101,"Brancato","Al",09/07/1939,,,
branh101,"Branch","Harvey",09/18/1962,,,
brann101,"Branch","Norm",05/05/1941,,,
branr102,"Branch","Roy",09/11/1979,,,
branr101,"Brand","Ron",05/26/1963,,,
branm002,"Brandenburg","Mark",07/20/1995,,,
branc101,"Brandom","Chick",09/03/1908,,,
branb102,"Brandon","Bucky",04/19/1966,,,
brane101,"Brandt","Ed",04/15/1928,,,
branj101,"Brandt","Jackie",04/21/1956,,,
branb101,"Brandt","Bill",09/20/1941,,,
brano101,"Brannan","Otis",04/11/1928,,,
branm102,"Brannock","Mike",10/21/1871,,,
brand101,"Branom","Dud",04/12/1927,,,
brank101,"Bransfield","Kitty",08/22/1898,,,04/11/1917
branj002,"Branson","Jeff",04/12/1992,,03/31/2014,
branm101,"Brant","Marshall",10/01/1980,,,
branc001,"Brantley","Cliff",09/03/1991,,,
branj001,"Brantley","Jeff",08/05/1988,,,
branm003,"Brantley","Michael",09/01/2009,,,
branm001,"Brantley","Mickey",08/09/1986,,04/05/1999,
branr002,"Brantly","Rob",08/14/2012,,,
branr001,"Branyan","Russell",09/26/1998,,,
brask101,"Brashear","Kitty",06/25/1899,,,
brasr101,"Brashear","Roy",04/25/1902,,,
brasr001,"Brasier","Ryan",05/02/2013,,,
bratj101,"Bratcher","Joe",08/26/1924,,,
bratf101,"Bratschi","Fred",07/24/1921,,,
braus002,"Brault","Steven",07/05/2016,,,
brauj101,"Braun","John",10/02/1964,,,
braur002,"Braun","Ryan",05/25/2007,,,
braur001,"Braun","Ryan",09/02/2006,,,
braus001,"Braun","Steve",04/06/1971,,04/09/1990,
brava101,"Bravo","Angel",06/06/1969,,,
braxg101,"Braxton","Garland",05/27/1921,,,
brayb101,"Bray","Buster",04/18/1941,,,
brayb001,"Bray","Bill",06/03/2006,,,
brazc001,"Brazell","Craig",08/17/2004,,,
brazd001,"Brazelton","Dewon",09/13/2002,,,
brazf101,"Brazill","Frank",04/13/1921,,,
braza101,"Brazle","Al",07/25/1943,,,
brazy001,"Brazoban","Yhency",08/05/2004,,,
breal001,"Brea","Leslie",08/13/2000,,,
breas001,"Bream","Sid",09/01/1983,,,
breaj101,"Breazeale","Jim",09/13/1969,,,
brebj001,"Brebbia","John",05/28/2017,,,
brech101,"Brecheen","Harry",04/22/1940,,04/13/1954,
brecb101,"Breckinridge","Bill",06/30/1929,,,
bredb001,"Brede","Brent",09/08/1996,,,
breed101,"Breeden","Danny",07/24/1969,,,
breeh101,"Breeden","Hal",04/07/1971,,,
breem101,"Breeding","Marv",04/19/1960,,,
brega001,"Bregman","Alex",07/25/2016,,,
breif001,"Breining","Fred",09/04/1980,,,
breia101,"Breitenstein","Alonzo",07/07/1883,,,
breit101,"Breitenstein","Ted",04/28/1891,,,07/02/1900
bremh101,"Bremer","Herb",09/16/1937,,,
brens101,"Brenegan","Sam",04/24/1914,,,
brenb001,"Brenly","Bob",08/14/1981,4/3/2001,04/06/1992,
brena101,"Brennan","Ad",05/19/1910,,,
brenj102,"Brennan","Jack",04/20/1884,,,08/11/1888
brend101,"Brennan","Don",04/16/1933,,,
brent001,"Brennan","Tom",09/05/1981,,,
brenw001,"Brennan","William",07/19/1988,,,
brenj101,"Brenneman","Jim",07/09/1965,,,
brenb102,"Brenner","Bert",09/21/1912,,,
brenl101,"Brenton","Lynn",08/10/1913,,,
brenb002,"Brentz","Bryce",09/17/2014,,,
brenb101,"Brenzel","Bill",04/13/1932,,,
bresc001,"Breslow","Craig",07/23/2005,,,
bresr102,"Bresnahan","Roger",08/27/1897,4/14/1909,04/14/1925,
bresr101,"Bressler","Rube",04/24/1914,,,
brese101,"Bressoud","Eddie",06/14/1956,,,
bretj101,"Breton","Jim",08/25/1913,,,
bretg001,"Brett","George",08/02/1973,,05/30/2013,
bretd101,"Brett","Duke",08/08/1924,,,
bretk101,"Brett","Ken",09/27/1967,,,
bretr001,"Brett","Ryan",04/18/2015,,,
breum101,"Breuer","Marv",05/04/1939,,,
brewt001,"Brewer","Tony",08/01/1984,,,
brewc001,"Brewer","Charles",06/10/2013,,,
brewc002,"Brewer","Colten",04/12/2018,,,
brewj101,"Brewer","Jack",07/15/1944,,,
brewj102,"Brewer","Jim",07/17/1960,,04/09/1977,
brewm001,"Brewer","Mike",06/11/1986,,,
brewr001,"Brewer","Rod",09/05/1990,,,
brewt101,"Brewer","Tom",04/18/1954,,,
brewb001,"Brewer","Billy",04/08/1993,,,
brewj001,"Brewington","Jamie",07/24/1995,,,
brewc101,"Brewster","Charlie",05/02/1943,,,
brica101,"Brice","Alan",09/22/1961,,,
brica001,"Brice","Austin",08/12/2016,,,
bricj001,"Briceno","Jose",05/26/2018,,,
bricf102,"Brickell","Fritz",04/30/1958,,,
bricf101,"Brickell","Fred",08/19/1926,,,
bricg101,"Brickley","George",09/26/1913,,,
bricr101,"Brickner","Ralph",05/04/1952,,,
bridj101,"Brideweser","Jim",09/29/1951,,,
bridr101,"Bridges","Rocky",04/17/1951,,04/10/1962,
bridm101,"Bridges","Marshall",06/17/1959,,,
bridt101,"Bridges","Tommy",08/13/1930,,,
brida101,"Bridwell","Al",04/16/1905,,,
bridp001,"Bridwell","Parker",08/21/2016,,,
brieb101,"Brief","Bunny",09/22/1912,,,
brigc101,"Briggs","Charlie",05/02/1884,,,
brigd101,"Briggs","Dan",09/10/1975,,,
brigg101,"Briggs","Grant",04/17/1890,,,
brigb101,"Briggs","Buttons",04/23/1896,,,
brigj102,"Briggs","John",04/17/1964,,,
brigj101,"Briggs","John",04/17/1956,,,
brigj001,"Brigham","Jake",06/30/2015,,,
brigj002,"Brigham","Jeff",09/02/2018,,,
brigh101,"Bright","Harry",07/25/1958,,,
brigr001,"Brignac","Reid",07/04/2008,,,
briln101,"Briles","Nelson",04/19/1965,,,
brilg001,"Briley","Greg",06/27/1988,,,
brilf101,"Brill","Frank",06/23/1884,,,
brilj101,"Brillheart","Jim",04/17/1922,,,
brinb001,"Brink","Brad",05/17/1992,,,
brinb101,"Brinker","Bill",04/24/1912,,,
brinc101,"Brinkman","Chuck",07/10/1969,,,
brine101,"Brinkman","Ed",09/06/1961,,04/07/1979,
brinl101,"Brinkopf","Leon",04/18/1952,,,
brinl001,"Brinson","Lewis",06/11/2017,,,
briof101,"Briody","Fatty",06/16/1880,,,09/26/1881
brisj001,"Briscoe","John",04/18/1991,,,
brisl101,"Brissie","Lou",09/28/1947,,,
brisg101,"Bristow","George",04/15/1899,,,
britb001,"Brito","Bernardo",09/15/1992,,,
brite001,"Brito","Eude",08/21/2005,,,
britj001,"Brito","Jorge",04/30/1995,,,
britj002,"Brito","Juan",05/03/2002,,,
brits001,"Brito","Socrates",09/08/2015,,,
britt001,"Brito","Tilson",04/01/1996,,,
britj103,"Britt","Jim",05/02/1872,,,
britg102,"Brittain","Gus",07/22/1937,,,
britj102,"Brittin","Jack",09/15/1950,,,
britc001,"Britton","Chris",04/12/2006,,,
britj101,"Britton","Jim",09/20/1967,,,
britd001,"Britton","Drake",07/20/2013,,,
britg101,"Britton","Gil",09/20/1913,,,
britz001,"Britton","Zach",04/03/2011,,,
brizt001,"Brizzolara","Tony",05/19/1979,,,
broaj101,"Broaca","Johnny",06/02/1934,,,
broal001,"Broadway","Lance",09/07/2007,,,
broam001,"Broadway","Mike",06/13/2015,,,
brobp101,"Broberg","Pete",06/20/1971,,,
brocd001,"Brocail","Doug",09/08/1992,,06/14/2011,
brocg001,"Brock","Greg",09/01/1982,,,
brocj101,"Brock","John",08/10/1917,,,
brocl102,"Brock","Lou",09/10/1961,,,
broct001,"Brock","Tarrik",03/29/2000,,04/01/2014,
brocc001,"Brock","Chris",06/11/1997,,,
brocl101,"Brockett","Lew",04/25/1907,,,
brodb001,"Broderick","Brian",04/03/2011,,,
brodm101,"Broderick","Matt",05/01/1903,,,
brods101,"Brodie","Steve",04/21/1890,,,
brodd101,"Brodowski","Dick",06/15/1952,,,
broge101,"Broglio","Ernie",04/11/1959,,,
brogr001,"Brogna","Rico",08/08/1992,,,
brohj101,"Brohamer","Jack",04/18/1972,,,
broht001,"Brohawn","Troy",04/14/2001,,,
bronk101,"Brondell","Ken",05/03/1944,,,
bronj001,"Bronkey","Jeff",05/02/1993,,,
bronh101,"Bronkie","Herman",09/20/1910,,,
bronj101,"Bronstad","Jim",06/07/1959,,,
brooi101,"Brookens","Ike",06/17/1975,,,
broot001,"Brookens","Tom",07/10/1979,,04/05/2010,
brooa001,"Brooks","Aaron",05/03/2014,,,
broof001,"Brooks","Frank",08/27/2004,,,
brooh001,"Brooks","Hubie",09/04/1980,,,
brooj001,"Brooks","Jerry",09/06/1993,,,
broom101,"Brooks","Mandy",05/30/1925,,,
broob101,"Brooks","Bobby",09/01/1969,,,
bross001,"Brosius","Scott",08/07/1991,,03/29/2018,
bross101,"Broskie","Sig",09/11/1940,,,
brosj101,"Brosnan","Jim",04/15/1954,,,
brost001,"Bross","Terry",09/04/1991,,,
brosf101,"Brosseau","Frank",09/10/1969,,,
brotr001,"Brothers","Rex",06/06/2011,,,
brott101,"Brottem","Tony",04/17/1916,,,
brouc101,"Broughton","Cal",05/02/1883,,,
broum001,"Brouhard","Mark",04/12/1980,,,
broub001,"Broussard","Ben",06/22/2002,,,
broua101,"Brouthers","Art",04/14/1906,,,
broud101,"Brouthers","Dan",06/23/1879,,,
brovj101,"Brovia","Joe",07/03/1955,,,
brows002,"Brow","Scott",04/28/1993,,,
browf102,"Brower","Frank",08/14/1920,,,
browj003,"Brower","Jim",09/05/1999,,,
browl106,"Brower","Louis",06/13/1931,,,
browb002,"Brower","Bob",09/03/1986,,,
browa001,"Brown","Adrian",05/16/1997,,,
browa101,"Brown","Alton",04/21/1951,,,
browa002,"Brown","Andrew",08/13/2006,,,
browa003,"Brown","Andrew",06/12/2011,,,
browb003,"Brown","Brant",06/15/1996,,03/29/2018,
browb005,"Brown","Brooks",07/06/2014,,,
browb103,"Brown","Boardwalk",09/27/1911,,,
browc101,"Brown","Charlie",08/04/1897,,,
browb102,"Brown","Buster",06/22/1905,,,
browc104,"Brown","Curly",09/08/1911,,,
browc103,"Brown","Clint",09/27/1928,,,
browc003,"Brown","Corey",09/06/2011,,,
browc102,"Brown","Curtis",05/27/1973,,,
browc001,"Brown","Curt",06/10/1983,,,
browd001,"Brown","Darrell",04/11/1981,,,
browd103,"Brown","Delos",06/12/1914,,,
browd002,"Brown","Dee",09/14/1998,,,
browd004,"Brown","Domonic",07/28/2010,,,
browd101,"Brown","Drummond",04/25/1913,,,
browd003,"Brown","Dusty",06/23/2009,,,
browe103,"Brown","Ed",08/19/1882,,,
browe102,"Brown","Eddie",09/26/1920,,,
browr102,"Brown","Randy",09/11/1969,,,
browe101,"Brown","Elmer",09/16/1911,,,
browe001,"Brown","Emil",04/03/1997,,,
browf101,"Brown","Fred",05/04/1901,,,
browg001,"Brown","Gary",09/03/2014,,,
browh101,"Brown","Hal",04/19/1951,,,
browi101,"Brown","Ike",06/17/1969,,,
browj109,"Brown","Jackie",07/02/1970,,04/07/1979,
browj108,"Brown","Jim",09/13/1915,,,
browk001,"Brown","Kevin",09/30/1986,,,
browj107,"Brown","Jimmy",04/23/1937,,04/18/1949,
browj106,"Brown","Jim",04/17/1884,,,
browj004,"Brown","Jamie",05/20/2004,,,
browj002,"Brown","Jarvis",07/02/1991,,,
browj105,"Brown","Jake",05/17/1975,,,
browj005,"Brown","Jeremy",09/03/2006,,,
browc002,"Brown","Chris",09/03/1984,,,
browj101,"Brown","John",08/11/1897,,,
browl105,"Brown","Lindsay",07/13/1937,,,
browj104,"Brown","Jophrey",09/21/1968,,,
browj006,"Brown","Jordan",08/01/2010,,,
browj103,"Brown","Joe",08/16/1884,,,
browj102,"Brown","Joe",05/17/1927,,,
browk002,"Brown","Keith",08/25/1988,,,
browk003,"Brown","Kevin",07/27/1990,,,
browk004,"Brown","Kevin",09/12/1996,,,
browl104,"Brown","Larry",07/06/1963,,,
browl103,"Brown","Leon",05/19/1976,,,
browl102,"Brown","Lew",06/17/1876,,,
browl101,"Brown","Lloyd",07/17/1925,,,
browm103,"Brown","Mace",05/21/1935,,04/12/1965,
browm001,"Brown","Mark",08/09/1984,,,
browm004,"Brown","Marty",09/04/1988,,,
browm006,"Brown","Matthew",05/10/2007,,,
browm002,"Brown","Mike",07/21/1983,,,
browm003,"Brown","Mike",09/16/1982,,03/31/2002,
browm102,"Brown","Mordecai",04/19/1903,4/16/1914,,
browm101,"Brown","Myrl",08/19/1922,,,
brown101,"Brown","Norm",10/03/1943,,,
browo103,"Brown","Oliver",08/01/1872,,,
browo102,"Brown","Ollie",09/10/1965,,,
browo101,"Brown","Oscar",09/03/1969,,,
browp101,"Brown","Paul",07/23/1961,,,
browr101,"Brown","Ray",09/29/1909,,,
browd102,"Brown","Dick",06/20/1957,,,
brows102,"Brown","Stub",08/15/1893,,,
browu101,"Brown","Robert",07/29/1874,,,
browb106,"Brown","Bob",04/21/1930,,,
browb105,"Brown","Bobby",09/22/1946,,,
browb001,"Brown","Bobby",04/05/1979,,,
browr001,"Brown","Roosevelt",05/18/1999,,,
brows103,"Brown","Sam",04/21/1906,,,08/30/1907
brows101,"Brown","Scott",08/11/1981,,,
brows001,"Brown","Steve",08/01/1983,,,
browt104,"Brown","Tom",09/14/1978,,,
browt103,"Brown","Tommy",08/03/1944,,,
browt102,"Brown","Tom",07/06/1882,06/09/1897,,07/04/1898
browt101,"Brown","Tom",04/08/1963,,,
browt002,"Brown","Trevor",09/19/2015,,,
browj110,"Brown","Jumbo",08/26/1925,,,
broww103,"Brown","Walter",05/16/1947,,,
broww101,"Brown","Willard",07/19/1947,,,
browg101,"Brown","Gates",06/19/1963,,04/07/1978,
broww102,"Brown","William",05/10/1887,,,
browb104,"Brown","Bill",08/15/1912,,,
browb101,"Browne","Byron",09/09/1965,,,
browe104,"Browne","Earl",09/12/1935,,,
browg102,"Browne","George",09/27/1901,,,
browj001,"Browne","Jerry",09/06/1986,,,
browp103,"Browne","Pidge",04/13/1962,,,
browc105,"Browning","Cal",06/12/1960,,,
browf103,"Browning","Frank",04/16/1910,,,
browb004,"Browning","Barret",06/30/2012,,,
browp102,"Browning","Pete",05/02/1882,,,
browt001,"Browning","Tom",09/09/1984,,,
browm005,"Brownson","Mark",07/21/1998,,,
broxj001,"Broxton","Jonathan",07/29/2005,,,
broxk001,"Broxton","Keon",09/21/2015,,,
brubb102,"Brubaker","Bruce",04/15/1967,,,
brubb101,"Brubaker","Bill",09/08/1932,,,
brucj001,"Bruce","Jay",05/27/2008,,,
brucl101,"Bruce","Lou",06/22/1904,,,
brucb101,"Bruce","Bob",09/14/1959,,,
brucf101,"Bruckbauer","Fred",04/25/1961,,,
bruce102,"Brucker","Earle",10/02/1948,,,
bruce101,"Brucker","Earle",04/19/1937,7/30/1952,04/14/1942,
bruca101,"Bruckmiller","Andy",06/26/1905,,,
bruej001,"Bruett","J.T.",06/03/1992,,,
brugf101,"Bruggy","Frank",04/13/1921,,,
brugj001,"Brugman","Jaycob",06/09/2017,,,
bruhm101,"Bruhert","Mike",04/09/1978,,,
brumc001,"Brumbaugh","Cliff",05/30/2001,,,
brumj001,"Brumfield","Jacob",04/06/1992,,,
brumm001,"Brumley","Mike",06/16/1987,,04/05/2010,
brumd001,"Brumley","Duff",06/01/1994,,,
brumm101,"Brumley","Mike",04/18/1964,,,
brumg001,"Brummer","Glenn",05/25/1981,,,
brumg002,"Brummett","Greg",05/29/1993,,,
brumt001,"Brummett","Tyson",10/03/2012,,,
brunt001,"Brunansky","Tom",04/09/1981,,04/01/2013,
brunj101,"Bruner","Jack",09/16/1949,,,
brunr101,"Bruner","Roy",09/14/1939,,,
brung101,"Brunet","George",09/14/1956,,,
brunj001,"Brunette","Justin",04/13/2000,,,
brunb001,"Bruney","Brian",05/08/2004,,,
brunt101,"Bruno","Tom",08/01/1976,,,
bruna101,"Brunsberg","Arlo",09/23/1966,,,
brunw001,"Brunson","Will",06/21/1998,,,
brune001,"Bruntlett","Eric",06/27/2003,,,
brusb101,"Brush","Bob",04/20/1907,,,
brusj001,"Bruske","Jim",08/25/1995,,,
brusw001,"Brusstar","Warren",05/06/1977,,,
brutb101,"Bruton","Bill",04/13/1953,,,
bruye101,"Bruyette","Ed",08/06/1901,,,
bryab101,"Bryan","Billy",09/12/1961,,,
bryad102,"Bryant","Derek",04/24/1979,,,
bryad101,"Bryant","Don",07/17/1966,,04/05/1974,
bryag101,"Bryant","George",08/06/1885,,,
bryac101,"Bryant","Clay",04/19/1935,,04/11/1961,
bryak001,"Bryant","Kris",04/17/2015,,,
bryar001,"Bryant","Ralph",09/08/1985,,,
bryar101,"Bryant","Ron",09/29/1967,,,
brydt001,"Bryden","T.R.",04/10/1986,,,
bryes101,"Brye","Steve",09/03/1970,,,
brynt101,"Brynan","Tod",06/22/1888,,,
bubej001,"Bubela","Jaime",09/15/2005,,,
bubsh101,"Bubser","Hal",04/15/1922,,,
buchj104,"Bucha","Johnny",05/02/1948,,,
buchb002,"Buchanan","Brian",05/19/2000,,04/02/2017,
buchd001,"Buchanan","David",05/24/2014,,,
buchj001,"Buchanan","Jake",06/21/2014,,,
buchj103,"Buchanan","Jim",04/16/1905,,,
buchb001,"Buchanan","Bob",07/13/1985,,,
buchj102,"Buchek","Jerry",06/30/1961,,,
buchj101,"Bucher","Jim",04/18/1934,,,
buchc001,"Buchholz","Clay",08/17/2007,,,
bucht001,"Buchholz","Taylor",04/07/2006,,,
buchr001,"Buchter","Ryan",06/20/2014,,,
buckj001,"Buck","John",06/25/2004,,,
buckt001,"Buck","Travis",04/02/2007,,,
buckg001,"Buckels","Gary",07/23/1994,,,
buckg101,"Buckeye","Garland",06/19/1918,,,
bucke101,"Buckingham","Fred",08/30/1895,,,
buckj102,"Buckles","Jess",09/17/1916,,,
buckj101,"Buckley","John",07/15/1890,,,
buckk001,"Buckley","Kevin",09/04/1984,,,
buckd101,"Buckley","Dick",04/20/1888,,,
buckb002,"Buckner","Billy",08/25/2007,,,
buckb001,"Buckner","Bill",09/21/1969,,03/31/1996,
budam101,"Budaska","Mark",06/06/1978,,03/29/2018,
buddu101,"Budd","Jay",09/10/1890,,,
buddr001,"Budde","Ryan",07/31/2007,,,
buddm001,"Buddie","Mike",04/06/1998,,,
buddd101,"Buddin","Don",04/17/1956,,,
budnm101,"Budnick","Mike",04/18/1946,,,
budzm001,"Budzinski","Mark",08/03/2003,,,
buecs001,"Buechele","Steve",07/19/1985,,04/06/2015,
buehw001,"Buehler","Walker",09/07/2017,,,
buehm001,"Buehrle","Mark",07/16/2000,,,
buelc101,"Buelow","Charlie",06/01/1901,,,07/06/1901
buelf101,"Buelow","Fritz",09/28/1899,,,07/16/1906
buenf001,"Bueno","Francisley",08/13/2008,,,
buenj001,"Buente","Jay",05/27/2010,,,
buesa101,"Bues","Art",04/17/1913,,,
buffc101,"Buffinton","Charlie",05/17/1882,05/14/1890,,05/07/1883
bufod001,"Buford","Damon",05/04/1993,,,
bufod101,"Buford","Don",09/14/1963,,04/09/1981,
buhlb101,"Buhl","Bob",04/17/1953,,,
buhnj001,"Buhner","Jay",09/11/1987,,,
buicd001,"Buice","DeWayne",04/25/1987,,,
bukec101,"Buker","Cy",05/17/1945,,,
bukeh101,"Buker","Henry",06/11/1884,,,
bukvr001,"Bukvich","Ryan",07/12/2002,,,
bulgj001,"Bulger","Jason",08/26/2005,,,
bullg101,"Bullard","George",09/17/1954,,,
bulls101,"Bullas","Sim",05/02/1884,,,
bulls001,"Bullett","Scott",09/03/1991,,,
bullb101,"Bulling","Bud",07/03/1977,,,
bullj001,"Bullinger","Jim",05/27/1992,,,
bullk001,"Bullinger","Kirk",08/30/1998,,,
bullb001,"Bullington","Bryan",09/18/2005,,,
bulle001,"Bullock","Eric",08/26/1985,,,
bullr101,"Bullock","Red",05/19/1936,,,
bumba001,"Bumbry","Al",09/05/1972,,04/04/1988,
bumgm001,"Bumgarner","Madison",09/08/2009,,,
bumma001,"Bummer","Aaron",07/27/2017,,,
bumpn001,"Bump","Nate",06/28/2003,,,
buncj101,"Bunce","Josh",08/27/1877,,,04/30/1877
buncm001,"Bunch","Melvin",05/06/1995,,,
bundd001,"Bundy","Dylan",09/23/2012,,,
bunkw101,"Bunker","Wally",09/29/1963,,,
bunnj101,"Bunning","Jim",07/20/1955,,,
burad001,"Burawa","Danny",06/21/2015,,,
burbd001,"Burba","Dave",09/08/1990,,,
burbb101,"Burbach","Bill",04/11/1969,,,
burbn101,"Burbrink","Nelson",06/05/1955,,,
burca101,"Burch","Al",06/19/1906,,,
burce101,"Burch","Ernie",08/15/1884,,,
burcl101,"Burchart","Larry",04/10/1969,,,
burcf101,"Burchell","Fred",04/17/1903,,,
burdb102,"Burda","Bob",08/25/1962,,,
burdf101,"Burdette","Freddie",09/05/1962,,,
burdl101,"Burdette","Lew",09/26/1950,,04/15/1972,
burdn001,"Burdi","Nick",09/11/2018,,,
burdb101,"Burdick","Bill",07/23/1888,,,
burdj101,"Burdock","Jack",05/02/1872,05/01/1883,,07/09/1872
burgp101,"Burg","Joe",09/26/1910,,,
burgs101,"Burgess","Smoky",04/19/1949,,,
burgt101,"Burgess","Tom",04/17/1954,,04/07/1977,
burgt001,"Burgmeier","Tom",04/10/1968,,04/08/1991,
burgb101,"Burgo","Bill",09/22/1943,,,
burga001,"Burgos","Ambiorix",04/23/2005,,,
burge002,"Burgos","Enrique",04/29/2015,,,
burge001,"Burgos","Enrique",07/15/1993,,,
burgh001,"Burgos","Hiram",04/20/2013,,,
burib101,"Burich","Bill",04/14/1942,,,
burks101,"Burk","Sandy",09/12/1910,,,
burkm101,"Burk","Mack",05/25/1956,,,
burkc101,"Burkam","Chauncey",06/24/1915,,,
burke102,"Burkart","Elmer",09/14/1936,,,
burkc001,"Burke","Chris",07/04/2004,,,
burkd101,"Burke","Dan",04/18/1890,,,
burke101,"Burke","Eddie",04/19/1890,,,
burkf101,"Burke","Frank",09/14/1906,,,
burkg101,"Burke","Glenn",04/09/1976,,,
burkg001,"Burke","Greg",05/16/2009,,,
burkj105,"Burke","James",06/10/1882,,,
burkj003,"Burke","Jamie",05/09/2001,,,
burkj104,"Burke","Jimmy",10/06/1898,5/4/1905,04/14/1914,
burkj002,"Burke","John",08/13/1996,,,
burkj103,"Burke","John",06/27/1902,,,
burkj102,"Burke","Joe",09/26/1890,,,
burkl102,"Burke","Leo",09/07/1958,,,
burkl101,"Burke","Les",05/02/1923,,,
burkm102,"Burke","Mike",05/01/1879,,,
burkp101,"Burke","Pat",09/23/1924,,,
burkb102,"Burke","Bobby",04/16/1927,,,
burks102,"Burke","Steve",09/10/1977,,,
burkt001,"Burke","Tim",04/08/1985,,,
burkb101,"Burke","Billy",04/30/1910,,,
burkw101,"Burke","William",07/20/1887,,,
burkj101,"Burkett","Jesse",04/22/1890,,04/13/1921,
burkj001,"Burkett","John",09/15/1987,,,
burkk101,"Burkhart","Ken",04/21/1945,,,04/16/1957
burkm001,"Burkhart","Morgan",06/27/2000,,,
burke001,"Burks","Ellis",04/30/1987,,,
burlr001,"Burleson","Rick",05/04/1974,,04/09/1991,
burnc002,"Burnes","Corbin",07/10/2018,,,
burna002,"Burnett","Alex",04/08/2010,,,
burna001,"Burnett","A.J.",08/17/1999,,,
burnh101,"Burnett","Hercules",06/26/1888,,,
burnj108,"Burnett","Johnny",05/07/1927,,,
burns001,"Burnett","Sean",05/30/2004,,,
burnw101,"Burnette","Wally",07/15/1956,,,
burnj001,"Burnitz","Jeromy",06/21/1993,,,
burna003,"Burns","Andy",05/09/2016,,,
burnc101,"Burns","C.B.",08/19/1902,,,
burnc001,"Burns","Cory",08/04/2012,,,
burnd101,"Burns","Dennis",09/19/1923,,,
burne101,"Burns","Ed",06/25/1912,,,
burng102,"Burns","George",04/14/1914,,,
burng101,"Burns","George",10/03/1911,,04/14/1931,
burnf101,"Burns","Farmer",07/06/1901,,,
burnj106,"Burns","Jim",09/25/1888,,,
burnp101,"Burns","John",08/11/1884,,,
burnj105,"Burns","Jack",09/17/1930,,04/12/1955,
burnj104,"Burns","Jack",09/11/1903,,,
burnj102,"Burns","Joe",04/18/1924,,,
burnj103,"Burns","Joseph",06/19/1910,,,
burnj101,"Burns","Joe",04/24/1943,,,
burnm001,"Burns","Mike",05/13/2005,,,
burnd102,"Burns","Dick",05/03/1883,,,
burnb001,"Burns","Britt",08/05/1978,,,
burnt101,"Burns","Tom",05/01/1880,05/21/1892,,08/25/1892
burno101,"Burns","Oyster",08/18/1884,,,07/06/1888
burnt001,"Burns","Todd",05/31/1988,,,
burnb002,"Burns","Billy",07/28/2014,,,
burnb101,"Burns","Bill",04/18/1908,,,
burnp102,"Burnside","Pete",09/20/1955,,,
burns101,"Burnside","Sheldon",09/04/1978,,,
burpg101,"Burpo","George",06/09/1946,,,
burra102,"Burr","Tom",04/21/1914,,,
burrr002,"Burr","Ryan",08/23/2018,,,
burrb101,"Burrell","Buster",08/01/1891,,,
burrh102,"Burrell","Harry",09/13/1891,,,
burrp001,"Burrell","Pat",05/24/2000,,,
burrb001,"Burres","Brian",09/08/2006,,,
burrl101,"Burright","Larry",04/12/1962,,,
burra101,"Burris","Al",06/22/1894,,,
burrr001,"Burris","Ray",04/08/1973,,04/09/1990,
burrp101,"Burris","Paul",10/02/1948,,,
burre001,"Burriss","Emmanuel",04/20/2008,,,
burrh101,"Burroughs","Henry",05/05/1871,,,
burrj001,"Burroughs","Jeff",07/20/1970,,,
burrs001,"Burroughs","Sean",04/02/2002,,,
burrj101,"Burrows","John",04/25/1943,,,
burrt001,"Burrows","Terry",06/12/1994,,,
burrd101,"Burrus","Dick",06/23/1919,,,
burtf101,"Burt","Frank",05/02/1882,,,
burte101,"Burton","Ellis",09/18/1958,,,
burtj101,"Burton","Jim",06/10/1975,,,
burtj001,"Burton","Jared",04/04/2007,,,
burtm101,"Burtschy","Moe",06/17/1950,,,
burtd001,"Burtt","Dennis",09/04/1985,,,
burwd101,"Burwell","Dick",09/13/1960,,,
burwb101,"Burwell","Bill",05/01/1920,9/28/1947,04/18/1944,
busbj101,"Busby","Jim",04/23/1950,,04/11/1961,
busbm001,"Busby","Mike",04/07/1996,,,
busbp101,"Busby","Paul",09/14/1941,,,
busbs101,"Busby","Steve",09/08/1972,,,
busce101,"Busch","Ed",09/30/1943,,,
buscm001,"Busch","Mike",08/30/1995,,,
buscb001,"Buscher","Brian",07/27/2007,,,
buscd101,"Buschhorn","Don",05/15/1965,,,
buscm002,"Buschmann","Matt",04/10/2016,,,
busea001,"Busenitz","Alan",06/17/2017,,,
bushd001,"Bush","David",07/02/2004,,,
bushg101,"Bush","Guy",09/17/1923,,,
bushh001,"Bush","Homer",08/16/1997,,,
bushj102,"Bush","Bullet Joe",09/30/1912,,,
bushm001,"Bush","Matt",05/13/2016,,,
bushd102,"Bush","Donie",09/18/1908,4/18/1923,,
bushr001,"Bush","Randy",05/01/1982,,,
bushj101,"Bushelman","Jack",10/05/1909,,,
bushf101,"Bushey","Frank",09/17/1927,,,
bushc001,"Bushing","Chris",09/03/1993,,,
bushd101,"Bushong","Doc",07/19/1875,,,07/05/1880
buskj101,"Buskey","Joe",04/19/1926,,,
buskm101,"Buskey","Mike",09/05/1977,,,
buskt101,"Buskey","Tom",08/05/1973,,,
bussn001,"Buss","Nick",09/14/2013,,,
bussr101,"Busse","Ray",07/24/1971,,,
butcm101,"Butcher","Max",04/20/1936,,,
butch101,"Butcher","Hank",07/08/1911,,,
butcj001,"Butcher","John",09/08/1980,,,
butcm001,"Butcher","Mike",07/06/1992,,04/03/2006,
buted001,"Butera","Drew",04/09/2010,,,
butes001,"Butera","Sal",04/10/1980,,04/01/1998,
butke101,"Butka","Ed",09/26/1943,,,
butlb103,"Butland","Bill",05/29/1940,,,
butla001,"Butler","Adam",03/31/1998,,,
butla101,"Butler","Art",04/14/1911,,,
butlb003,"Butler","Billy",05/01/2007,,,
butlb001,"Butler","Brett",08/20/1981,,04/04/2005,
butlc102,"Butler","Cecil",04/23/1962,,,
butlc101,"Butler","Charlie",05/01/1933,,,
butld001,"Butler","Dan",08/10/2014,,,
butlf101,"Butler","Frank",07/30/1895,,,
butlk101,"Butler","Kid",05/20/1884,,,
butli101,"Butler","Ike",08/05/1902,,,
butlj102,"Butler","John",09/28/1901,,,
butlj101,"Butler","Johnny",04/18/1926,,04/12/1932,
butlj002,"Butler","Joey",08/07/2013,,,
butlj001,"Butler","Josh",09/21/2009,,,
butlb002,"Butler","Brent",07/04/2001,,,
butlk001,"Butler","Keith",06/01/2013,,,
butlr002,"Butler","Rich",09/06/1997,,,
butld101,"Butler","Dick",06/16/1897,,,05/23/1897
butlr001,"Butler","Rob",06/12/1993,,,
butle001,"Butler","Eddie",06/06/2014,,,
butlb101,"Butler","Bill",04/09/1969,,,
butlb102,"Butler","Bill",06/29/1884,,,
butlk102,"Butler","Kid",04/30/1907,,,
buttt101,"Butters","Tom",09/08/1962,,,
buttf101,"Buttery","Frank",04/26/1872,,,
buttt001,"Buttrey","Ty",08/16/2018,,,
buxtb001,"Buxton","Byron",06/14/2015,,,
buxtr101,"Buxton","Ralph",09/11/1938,,,
buzaj101,"Buzas","Joe",04/17/1945,,,
buzhj101,"Buzhardt","John",09/10/1958,,,
byerb103,"Byerly","Bud",09/26/1943,,,
byerb101,"Byers","Bill",04/15/1904,,,
byerr001,"Byers","Randy",09/07/1987,,,
bynuf001,"Bynum","Freddie",08/30/2005,,,
bynum001,"Bynum","Mike",08/17/2002,,,
byrdh101,"Byrd","Harry",04/21/1950,,,
byrdj001,"Byrd","Jim",05/31/1993,,,
byrdj101,"Byrd","Jeff",06/20/1977,,,
byrdm001,"Byrd","Marlon",09/08/2002,,,
byrdp001,"Byrd","Paul",07/28/1995,,,
byrds101,"Byrd","Samuel",05/11/1929,,,
byrdt001,"Byrdak","Tim",08/07/1998,,,
byrnj102,"Byrne","Jerry",08/31/1929,,,
byrnb101,"Byrne","Bobby",04/11/1907,,,
byrnt101,"Byrne","Tommy",04/27/1943,,,
byrne001,"Byrnes","Eric",08/22/2000,,,
byrnj101,"Byrnes","Jim",04/19/1906,,,
byrnm101,"Byrnes","Milt",04/21/1943,,,
bystm001,"Bystrom","Marty",09/07/1980,,,
