ID,Last,First,Play debut,Mgr debut,Coach debut,Ump debut
eaddd101,"Eaddy","Don",04/24/1959,,,
eagat101,"Eagan","Truck",05/01/1901,,,
eagab101,"Eagan","Bill",04/08/1891,,,
eaglb101,"Eagle","Bill",08/20/1898,,,
eaklc101,"Eakle","Charlie",08/20/1915,,,
earlh101,"Earl","Howard",04/19/1890,,,
earls001,"Earl","Scott",09/10/1984,,,
earlb101,"Earle","Billy",04/27/1889,,,10/07/1892
earla101,"Earley","Arnold",09/27/1960,,,
earlt101,"Earley","Tom",09/27/1938,,,
earlb001,"Earley","Bill",09/22/1986,,,
earlj101,"Early","Jake",05/04/1939,,,
earng101,"Earnshaw","George",06/03/1928,,04/18/1949,
easlm001,"Easler","Mike",09/05/1973,,04/06/1992,
easle001,"Easley","Ed",05/29/2015,,,
easld001,"Easley","Damion",08/13/1992,,,
easll001,"Easley","Logan",04/09/1987,,,
easom101,"Eason","Mal",10/01/1900,,,07/25/1902
eastc101,"East","Carl",08/24/1915,,,
easth103,"East","Hugh",09/13/1941,,,
easth102,"East","Harry",06/17/1882,,,
eastl101,"Easter","Luke",08/11/1949,,04/08/1969,
easth101,"Easterday","Henry",06/23/1884,,,
eastp101,"Easterling","Paul",04/11/1928,,,
eastj001,"Easterly","Jamie",04/06/1974,,,
eastt101,"Easterly","Ted",04/17/1909,,,
eastr102,"Easterwood","Roy",04/21/1944,,,
eastj102,"Easton","John",06/19/1955,,,
eastj101,"Easton","Jack",09/23/1889,,,09/14/1891
eastr101,"Eastwick","Rawly",09/12/1974,,,
eatoa002,"Eaton","Adam",09/04/2012,,,
eatoa001,"Eaton","Adam",05/30/2000,,,
eatoc101,"Eaton","Craig",09/05/1979,,,
eatoz101,"Eaton","Zeb",04/19/1944,,,
eaveg001,"Eave","Gary",04/12/1988,,,
eavev101,"Eaves","Vallie",09/12/1935,,,
eayre101,"Eayrs","Eddie",06/30/1913,,,
eberd001,"Ebert","Derrin",04/06/1999,,,
ebrih101,"Ebright","Hi",04/24/1889,,,
ecclh101,"Eccles","Harry",09/13/1915,,,
echea001,"Echevarria","Angel",07/15/1996,,,
echoj101,"Echols","Johnny",05/24/1939,,,
eckee001,"Eckenstahler","Eric",09/09/2002,,,
ecked001,"Eckersley","Dennis",04/12/1975,,,
eckea101,"Eckert","Al",04/21/1930,,,
eckec101,"Eckert","Charlie",09/18/1919,,,
eckho101,"Eckhardt","Ox",04/16/1932,,,
ecksd001,"Eckstein","David",04/03/2001,,,
eddyc001,"Eddy","Chris",04/26/1995,,,
eddyd101,"Eddy","Don",09/07/1970,,,
eddys101,"Eddy","Steve",06/13/1979,,,
edelj101,"Edelen","Joe",04/18/1981,,,
edele101,"Edelen","Ed",08/20/1932,,,
edelj102,"Edelman","John",06/02/1955,,,
edenc101,"Eden","Charlie",08/17/1877,,,
edenm101,"Eden","Mike",08/02/1976,,,
edenk001,"Edenfield","Ken",05/11/1995,,,
edent001,"Edens","Tom",06/02/1987,,,
edgeb102,"Edge","Butch",08/13/1979,,,
edgeb101,"Edgerton","Bill",09/03/1966,,,
edgij001,"Edgin","Josh",07/13/2012,,,
edins101,"Edington","Stump",06/20/1912,,,
edles001,"Edlefsen","Steve",08/21/2011,,,
edled101,"Edler","Dave",09/04/1980,,,
edmoj001,"Edmonds","Jim",09/09/1993,,,
edmob001,"Edmondson","Brian",04/02/1998,,,
edmog101,"Edmondson","George",08/15/1922,,,
edmop101,"Edmondson","Paul",06/20/1969,,,
edmob101,"Edmondson","Bob",09/15/1906,,,
edmoe101,"Edmonson","Eddie",10/04/1913,,,
edmos101,"Edmonston","Sam",06/24/1907,,,
edwac001,"Edwards","Carl",09/07/2015,,,
edwab101,"Edwards","Bruce",06/23/1946,,,
edwad101,"Edwards","Dave",09/11/1978,,,
edwaf101,"Edwards","Foster",07/02/1925,,,
edwah101,"Edwards","Hank",09/10/1941,,,
edwad102,"Edwards","Doc",04/21/1962,7/16/1987,04/07/1970,
edwaj102,"Edwards","James",05/14/1922,,,
edwaj101,"Edwards","Johnny",06/27/1961,,,
edwaj001,"Edwards","Jon",08/15/2014,,,
edwam102,"Edwards","Marshall",04/11/1981,,,
edwam001,"Edwards","Mike",09/20/2003,,,
edwam101,"Edwards","Mike",09/10/1977,,,
edwar101,"Edwards","Ralph",09/17/1915,,,
edwas101,"Edwards","Sherman",09/21/1934,,,
edwaw001,"Edwards","Wayne",09/11/1989,,,
edwau101,"Edwards",,09/11/1875,,,
eellh101,"Eells","Harry",04/22/1906,,,
eenhr001,"Eenhoorn","Robert",04/27/1994,,,
efliz001,"Eflin","Zach",06/14/2016,,,
eganw101,"Egan","Wish",09/03/1902,,,
eganb101,"Egan","Ben",09/29/1908,,04/15/1924,
eganj101,"Egan","Jim",05/15/1882,,,
eganr101,"Egan","Jack",04/30/1894,,,08/20/1903
egand102,"Egan","Dick",09/15/1908,,,
egand101,"Egan","Dick",04/09/1963,,04/04/1988,
egant101,"Egan","Tom",05/27/1965,,,
egbej001,"Egbert","Jack",04/21/2009,,,
ege-c001,"Ege","Cody",04/23/2016,,,
eggee101,"Eggert","Mose",04/27/1927,,,
eggld101,"Eggler","Dave",05/18/1871,,,
eglob001,"Egloff","Bruce",04/13/1991,,,
elanu101,"Ehlen","Fred",04/14/1873,,,
ehmkh101,"Ehmke","Howard",04/12/1915,,,
ehrer101,"Ehret","Red",07/07/1888,,,06/22/1890
ehrhr101,"Ehrhardt","Rube",07/18/1924,,,
eibeh101,"Eibel","Hack",06/13/1912,,,
eibnb001,"Eibner","Brett",05/27/2016,,,
eichj001,"Eichelberger","Juan",09/07/1978,,,
eichm001,"Eichhorn","Mark",08/30/1982,,,
eichi101,"Eichrodt","Ike",09/07/1925,,,
eickj001,"Eickhoff","Jerad",08/21/2015,,,
eilad001,"Eiland","Dave",08/03/1988,,04/01/2008,
eiled101,"Eilers","Dave",07/27/1964,,,
eined001,"Einertson","Darrell",04/15/2000,,,
eiscj001,"Eischen","Joey",06/19/1994,,,
eisej101,"Eisenhart","Jake",06/10/1944,,,
eisej001,"Eisenreich","Jim",04/06/1982,,,
eiseh101,"Eisenstat","Harry",05/19/1935,,,
eitee101,"Eiteljorge","Ed",05/02/1890,,,
ekstm001,"Ekstrom","Mike",09/10/2008,,,
elars001,"Elarton","Scott",06/20/1998,,,
elbek101,"Elberfeld","Kid",05/30/1898,6/25/1908,,
elbes001,"Elbert","Scott",08/29/2008,,,
elded001,"Elder","Dave",07/24/2002,,,
eldeg101,"Elder","George",07/22/1949,,,
eldeh101,"Elder","Heinie",07/07/1913,,,
eldrb001,"Eldred","Brad",07/22/2005,,,
eldrc001,"Eldred","Cal",09/24/1991,,03/29/2018,
elial101,"Elia","Lee",04/23/1966,4/5/1982,04/11/1980,
eliar001,"Elias","Roenis",04/03/2014,,,
elkop101,"Elko","Pete",09/17/1943,,,
ellar101,"Ellam","Roy",09/18/1909,,,
elleh101,"Eller","Hod",04/16/1917,,,
ellef101,"Ellerbe","Frank",08/28/1919,,,
ellij104,"Ellick","Joe",05/13/1875,09/02/1884,,05/05/1886
ellib104,"Ellingsen","Bruce",07/04/1974,,,
ellib001,"Ellington","Brian",08/03/2015,,,
ellil101,"Elliot","Larry",04/19/1962,,,
ellia101,"Elliott","Allen",06/14/1923,,,
ellic102,"Elliott","Carter",09/10/1921,,,
ellic101,"Elliott","Claude",04/16/1904,,,
ellid001,"Elliott","Donnie",04/23/1994,,,
ellig103,"Elliott","Gene",04/13/1911,,,
ellir104,"Elliott","Rowdy",09/24/1910,,,
ellih102,"Elliott","Hal",04/19/1929,,,
ellih101,"Elliott","Harry",08/01/1953,,,
ellig102,"Elliott","Glenn",04/17/1947,,,
ellij103,"Elliott","Jumbo",04/21/1923,,,
ellir101,"Elliott","Randy",09/10/1972,,,
ellib103,"Elliott","Bob",09/02/1939,4/19/1960,04/11/1961,
ellib101,"Ellis","Ben",07/16/1896,,,
ellia001,"Ellis","A.J.",09/15/2008,,,
ellid101,"Ellis","Dock",06/18/1968,,,
ellir102,"Ellis","Rube",04/15/1909,,,
ellij102,"Ellis","Jim",08/11/1967,,,
ellij101,"Ellis","John",05/17/1969,,,
ellim001,"Ellis","Mark",04/09/2002,,,
ellir001,"Ellis","Robert",09/12/1996,,,
ellir103,"Ellis","Rob",06/18/1971,,,
ellis101,"Ellis","Sammy",04/14/1962,,04/11/1982,
ellig101,"Ellison","George",08/21/1920,,,
ellib102,"Ellison","Babe",09/18/1916,,,
ellij001,"Ellison","Jason",05/09/2003,,,
ellsj001,"Ellsbury","Jacoby",06/30/2007,,,
ellsd101,"Ellsworth","Dick",06/22/1958,,,
ellss001,"Ellsworth","Steve",04/07/1988,,,
elmoj001,"Elmore","Jake",08/11/2012,,,
elmov101,"Elmore","Verdo",09/11/1924,,,
elshr101,"Elsh","Roy",04/19/1923,,,
elstk001,"Elster","Kevin",09/02/1986,,,
elstd101,"Elston","Don",09/17/1953,,,
elvin001,"Elvira","Narciso",09/09/1990,,,
ely-h101,"Ely","Harry",09/24/1892,,,
ely-j001,"Ely","John",04/28/2010,,,
ely-b101,"Ely","Bones",06/19/1884,,,
emaub001,"Emaus","Brad",04/01/2011,,,
embra001,"Embree","Alan",09/15/1992,,,
embrr101,"Embree","Red",09/10/1941,,,
embrs101,"Embry","Slim",10/01/1923,,,
emerc102,"Emerson","Chester",09/27/1911,,,
emerc101,"Emery","Cal",07/15/1963,,04/04/1988,
emers101,"Emery","Spoke",07/18/1924,,,
emigc101,"Emig","Charlie",09/04/1896,,,
emmef101,"Emmer","Frank",04/25/1916,,,
emmeb101,"Emmerich","Bob",09/22/1923,,,
emmes101,"Emmerich","Slim",05/14/1945,,,
emslb101,"Emslie","Bob",07/25/1883,,,04/17/1890
encaa001,"Encarnacion","Angelo",05/02/1995,,,
encae001,"Encarnacion","Edwin",06/24/2005,,,
encaj001,"Encarnacion","Juan",09/02/1997,,,
encal001,"Encarnacion","Luis",07/27/1990,,,
encam001,"Encarnacion","Mario",08/26/2001,,,
endet001,"Enders","Trevor",09/02/2000,,,
endib101,"Endicott","Bill",04/21/1946,,,
engea001,"Engel","Adam",05/27/2017,,,
engej101,"Engel","Joe",05/30/1912,,,
enges001,"Engel","Steve",07/30/1985,,,
englc103,"Engle","Clyde",04/12/1909,,,
englc102,"Engle","Charlie",09/14/1925,,,
engld001,"Engle","Dave",04/14/1981,,03/31/1998,
englr101,"Engle","Rick",09/02/1981,,,
englc101,"English","Charlie",07/23/1932,,,
englw101,"English","Woody",04/26/1927,,,
englg101,"English","Gil",09/20/1931,,,
englj001,"English","Jesse",04/05/2010,,,
ennid101,"Ennis","Del",04/28/1946,,,
ennij001,"Ennis","John",04/10/2002,,,
ennir101,"Ennis","Russ",09/19/1926,,,
ennsd001,"Enns","Dietrich",08/10/2017,,,
enrib001,"Enright","Barry",06/30/2010,,,
enrig101,"Enright","George",08/08/1976,,,
enrij101,"Enright","Jack",09/26/1917,,,
ens-m101,"Ens","Mutz",09/02/1912,,,
ens-j101,"Ens","Jewel",04/28/1922,8/28/1929,04/13/1926,
ensbm001,"Ensberg","Morgan",09/20/2000,,,
enwrc101,"Enwright","Charlie",04/19/1909,,,
enyat101,"Enyart","Terry",06/17/1974,,,
enzej101,"Enzenroth","Jack",05/01/1914,,,
enzmj101,"Enzmann","Johnny",07/10/1914,,,
eovan001,"Eovaldi","Nathan",08/06/2011,,,
eppaj001,"Eppard","Jim",09/08/1987,,05/16/2012,
eppea101,"Epperly","Al",04/25/1938,,,
epplc001,"Eppley","Cody",04/23/2011,,,
eppsa101,"Epps","Aubrey",09/29/1935,,,
eppsh101,"Epps","Hal",09/09/1938,,,
epstm101,"Epstein","Mike",09/16/1966,,,
erarg101,"Erardi","Greg",09/06/1977,,,
eraue101,"Erautt","Eddie",04/16/1947,,,
erauj101,"Erautt","Joe",05/09/1950,,,
erdot001,"Erdos","Todd",06/08/1997,,,
ericj001,"Ericks","John",06/24/1995,,,
ericd101,"Erickson","Don",09/01/1958,,,
erice101,"Erickson","Eric",10/06/1914,,,
erich102,"Erickson","Hal",04/14/1953,,,
erich101,"Erickson","Hank",04/17/1935,,,
ericm001,"Erickson","Matt",07/09/2004,,,
ericp101,"Erickson","Paul",04/17/1941,,,
ericr102,"Erickson","Ralph",09/11/1929,,,
ericr101,"Erickson","Roger",04/06/1978,,,
erics001,"Erickson","Scott",06/25/1990,,,
erlir001,"Erlin","Robbie",04/30/2013,,,
ermec101,"Ermer","Cal",09/26/1947,6/9/1967,04/10/1962,
ernaf101,"Ernaga","Frank",05/24/1957,,,
errid101,"Errickson","Dick",04/27/1938,,,
erskc101,"Erskine","Carl",07/25/1948,,,
erstd001,"Erstad","Darin",06/14/1996,,,
ervip001,"Ervin","Phillip",04/22/2017,,,
erwit101,"Erwin","Tex",08/26/1907,,,
esasn001,"Esasky","Nick",06/19/1983,,,
escan101,"Escalera","Nino",04/17/1954,,,
escae001,"Escalona","Edgmer",09/10/2010,,,
escaf001,"Escalona","Felix",04/04/2002,,,
escas001,"Escalona","Sergio",05/17/2009,,,
escac101,"Escarrega","Chico",04/26/1982,,,
eschj001,"Esch","Jake",08/31/2016,,,
eschj101,"Eschen","Jim",07/10/1915,,,
eschl101,"Eschen","Larry",06/16/1942,,,
escoa003,"Escobar","Alcides",09/03/2008,,,
escoa002,"Escobar","Alex",05/08/2001,,,
escoa001,"Escobar","Angel",05/17/1988,,,
escoe001,"Escobar","Eduardo",09/02/2011,,,
escoe002,"Escobar","Edwin",08/27/2014,,,
escoj001,"Escobar","Jose",04/13/1991,,,
escok001,"Escobar","Kelvim",06/29/1997,,,
escoy001,"Escobar","Yunel",06/02/2007,,,
eshev001,"Eshelman","Vaughn",05/02/1995,,,
esmoj101,"Esmond","Jimmy",04/20/1911,,,
esped101,"Esper","Duke",04/18/1890,,,
espig001,"Espineli","Geno",07/20/2008,,,
espij001,"Espino","Juan",06/25/1982,,,
espip001,"Espino","Paolo",05/19/2017,,,
espin101,"Espinosa","Nino",09/13/1974,,,
espid001,"Espinosa","Danny",09/01/2010,,,
espia001,"Espinoza","Alvaro",09/14/1984,,,
espob001,"Esposito","Brian",06/02/2007,,,
espom001,"Esposito","Mike",09/21/2005,,,
espos101,"Esposito","Sammy",09/28/1952,,,
espyc001,"Espy","Cecil",09/02/1983,,,
essec101,"Essegian","Chuck",04/15/1958,,,
essem101,"Esser","Mark",04/22/1979,,,
essij001,"Essian","Jim",09/15/1973,5/22/1991,,
essib101,"Essick","Bill",09/12/1906,,,
estab001,"Estalella","Bobby",09/17/1996,,,
estab101,"Estalella","Bobby",09/07/1935,,,
ested102,"Estelle","Dick",09/04/1964,,,
ested101,"Esterbrook","Dude",05/01/1880,04/17/1889,,
estes001,"Estes","Shawn",09/16/1995,,,
estec001,"Estevez","Carlos",04/23/2016,,,
estog101,"Estock","George",04/21/1951,,,
estrc101,"Estrada","Chuck",04/21/1960,,04/07/1973,
estrf101,"Estrada","Frank",09/14/1971,,,
estrh001,"Estrada","Horacio",05/04/1999,,,
estrj001,"Estrada","Johnny",05/15/2001,,,
estrm001,"Estrada","Marco",08/20/2008,,,
estro101,"Estrada","Oscar",04/21/1929,,,
estrl001,"Estrella","Leo",07/18/2000,,,
etcha101,"Etchebarren","Andy",09/26/1962,,04/06/1977,
etchb101,"Etchison","Buck",09/22/1943,,,
etheb101,"Etheridge","Bobby",07/16/1967,,,
ethes001,"Etherton","Seth",05/26/2000,,,
ethia001,"Ethier","Andre",05/02/2006,,,
etten101,"Etten","Nick",09/08/1938,,,
ettlm001,"Ettles","Mark",06/05/1993,,,
eubaj101,"Eubank","John",09/19/1905,,,
eubau101,"Eubanks","Uel",07/20/1922,,,
eufef001,"Eufemia","Frank",05/21/1985,,,
eunif101,"Eunick","Fred",08/29/1917,,,
euset001,"Eusebio","Tony",08/08/1991,,,
eustf101,"Eustace","Frank",04/16/1896,,,
evana101,"Evans","Al",09/13/1939,,,
evanb101,"Evans","Barry",09/04/1978,,,
evanb001,"Evans","Bart",06/16/1998,,,
evanc101,"Evans","Chick",09/19/1909,,,
evand001,"Evans","Darrell",04/20/1969,,04/12/1990,
evand002,"Evans","Dwight",09/16/1972,,04/04/1994,
evanj101,"Evans","Joe",07/03/1915,,,
evans101,"Evans","Steve",04/16/1908,,,
evant002,"Evans","Terry",06/17/2007,,,
evann001,"Evans","Nick",05/24/2008,,,
evanp001,"Evans","Phillip",09/08/2017,,,
evanr102,"Evans","Roy",05/15/1897,,,
evanr101,"Evans","Red",04/24/1936,,,
evant001,"Evans","Tom",09/02/1997,,,
evanj102,"Evans","Jake",05/01/1879,,,05/05/1886
evana102,"Evans","Art",06/20/1932,,,
evanb102,"Evans","Bill",08/13/1916,,,
evanb103,"Evans","Bill",04/21/1949,,,
evanu101,"Evans",,06/01/1875,,,
eveld001,"Eveland","Dana",07/16/2005,,,
everc001,"Everett","Carl",07/01/1993,,,
evera001,"Everett","Adam",08/30/2001,,09/01/2014,
evert001,"Everidge","Tommy",07/28/2009,,,
everl101,"Everitt","Leon",04/21/1969,,,
everb101,"Everitt","Bill",04/18/1895,,,
everj102,"Evers","Johnny",09/01/1902,4/12/1913,04/14/1920,
everj101,"Evers","Joe",04/24/1913,,,
evert101,"Evers","Tom",05/25/1882,,,
everh101,"Evers","Hoot",09/16/1941,,04/07/1970,
everb001,"Eversgerd","Bryan",04/30/1994,,03/29/2018,
ewelg101,"Ewell","George",06/26/1871,,,
ewinb102,"Ewing","Bob",04/19/1902,,,
ewinj101,"Ewing","John",06/18/1883,,,08/15/1889
ewinr101,"Ewing","Reuben",06/21/1921,,,
ewins101,"Ewing","Sam",09/11/1973,,,
ewinb101,"Ewing","Buck",09/09/1880,04/19/1890,,06/28/1882
ewola101,"Ewoldt","Art",09/17/1919,,,
expol001,"Exposito","Luis",05/04/2012,,,
eyres001,"Eyre","Scott",08/01/1997,,,
eyrew001,"Eyre","Willie",04/06/2006,,,
eyrig101,"Eyrich","George",06/13/1943,,,
ezzeh101,"Ezzell","Homer",04/22/1923,,,
