ID,Last,First,Play debut,Mgr debut,Coach debut,Ump debut
haady001,"Haad","Yamid",07/05/1999,,,
haasb102,"Haas","Bert",09/09/1937,,,
haasb101,"Haas","Bruno",06/23/1915,,,
haasm001,"Haas","Moose",09/08/1976,,,
haase101,"Haas","Eddie",09/08/1957,4/9/1985,04/04/1974,
haasm101,"Haas","Mule",08/15/1925,,04/16/1940,
haasd001,"Haas","Dave",09/08/1991,,,
haase001,"Haase","Eric",09/02/2018,,,
habeb101,"Habenicht","Bob",04/17/1951,,,
habee101,"Haberer","Emil",07/09/1901,,,
habyj001,"Habyan","John",09/29/1985,,,
hachi101,"Hach","Irv",07/01/1897,,,
hacks101,"Hack","Stan",04/12/1932,4/13/1954,04/16/1957,
hacke001,"Hacker","Eric",09/22/2009,,,
hackr101,"Hacker","Rich",07/02/1971,,04/08/1986,
hackw102,"Hacker","Warren",09/24/1948,,,
hackj101,"Hackett","Jim",09/14/1902,,,
hackm101,"Hackett","Mert",05/02/1883,,,06/11/1886
hackw101,"Hackett","Walter",04/17/1884,,,
hackl001,"Hackman","Luther",09/01/1999,,,
haddh101,"Haddix","Harvey",08/20/1952,,04/15/1966,
haddg101,"Haddock","George",09/27/1888,,,06/08/1889
hadej001,"Hader","Josh",06/10/2017,,,
hadlb101,"Hadley","Bump",04/20/1926,,,
hadlk101,"Hadley","Kent",09/14/1958,,,
haefb101,"Haeffner","Bill",06/29/1915,,,
haefm101,"Haefner","Mickey",04/22/1943,,,
haegc001,"Haeger","Charlie",05/10/2006,,,
hafec101,"Hafey","Chick",08/28/1924,,,
hafeb101,"Hafey","Bud",04/21/1935,,,
hafet101,"Hafey","Tom",07/21/1939,,,
haffl101,"Hafford","Leo",04/15/1906,,,
hafnf101,"Hafner","Frank",05/05/1888,,,
hafnt001,"Hafner","Travis",08/06/2002,,,
hagan001,"Hagadone","Nick",09/01/2011,,,
hagaa101,"Hagan","Art",06/30/1883,,,
hagec101,"Hageman","Casey",09/18/1911,,,
hagek001,"Hagen","Kevin",06/04/1983,,,
hageb001,"Hagens","Bradin",08/14/2014,,,
hager101,"Hagerman","Rip",04/16/1909,,,
haguj101,"Hague","Joe",09/19/1968,,,
hagum001,"Hague","Matt",04/07/2012,,,
hagub101,"Hague","Bill",05/04/1875,,,
hahnd102,"Hahn","Don",04/08/1969,,,
hahnn101,"Hahn","Noodles",04/18/1899,,,
hahnf101,"Hahn","Fred",04/19/1952,,,
hahnj001,"Hahn","Jesse",06/03/2014,,,
hahnd101,"Hahn","Dick",09/07/1940,,,
hahne101,"Hahn","Ed",08/31/1905,,,
haidh101,"Haid","Hal",09/05/1919,,,
haige101,"Haigh","Ed",08/14/1892,,,
hainh101,"Haines","Hinkey",04/20/1923,,,
hainj101,"Haines","Jesse",07/20/1918,,04/19/1938,
hairj002,"Hairston","Jerry",09/11/1998,,,
hairj001,"Hairston","Jerry",07/26/1973,,,
hairj101,"Hairston","John",09/06/1969,,,
hairs101,"Hairston","Sam",07/21/1951,,04/07/1978,
hairs001,"Hairston","Scott",05/07/2004,,,
haisj101,"Haislip","Jim",08/27/1913,,,
hajdc101,"Hajduk","Chet",04/16/1941,,,
hajed001,"Hajek","Dave",09/15/1995,,,
halaj001,"Halama","John",04/02/1998,,,
halag101,"Halas","George",05/06/1919,,,
halbe101,"Halbriter","Ed",05/23/1882,,,
haldj101,"Haldeman","John",07/03/1877,,,
haleo101,"Hale","Odell",08/01/1931,,,
haled001,"Hale","David",09/13/2013,,,
haleg101,"Hale","George",08/24/1914,,,
halej101,"Hale","John",09/08/1974,,,
haled101,"Hale","Dad",04/21/1902,,,
haleb101,"Hale","Bob",07/04/1955,,,
hales101,"Hale","Sammy",04/20/1920,,,
halec001,"Hale","Chip",08/27/1989,4/6/2015,04/02/2007,
halef101,"Haley","James",06/22/1880,,,
halej001,"Haley","Justin",04/05/2017,,,
haler101,"Haley","Raymond",04/21/1915,,,
halie101,"Halicki","Ed",07/08/1974,,,
halla001,"Hall","Albert",09/12/1981,,,
halld001,"Hall","Drew",09/14/1986,,,
halla101,"Hall","Al",05/01/1879,,,
hallc103,"Hall","Charley",07/12/1906,,,
hallc101,"Hall","Charlie",05/03/1887,,,
hallc001,"Hall","Cody",09/03/2015,,,
hallj103,"Hall","Jim",05/20/1872,,,10/05/1872
hallg101,"Hall","George",05/05/1871,,,05/31/1873
hallb108,"Hall","Bert",08/21/1911,,,
hallh101,"Hall","Herb",04/25/1918,,,
halli101,"Hall","Irv",04/20/1943,,,
hallj107,"Hall","Jimmie",04/09/1963,,,
hallj106,"Hall","John",04/21/1948,,,
hallj001,"Hall","Joe",04/05/1994,,,
hallj002,"Hall","Josh",08/02/2003,,,
hallm101,"Hall","Marc",08/20/1910,,,
hallm002,"Hall","Matt",09/15/2018,,,
hallm001,"Hall","Mel",09/03/1981,,,
halld002,"Hall","Darren",04/30/1994,,,
halld101,"Hall","Dick",04/15/1952,,,
hallb103,"Hall","Bob",04/23/1949,,,
hallb106,"Hall","Bob",04/18/1904,,,
hallr101,"Hall","Russ",04/15/1898,,,
hallt001,"Hall","Toby",09/15/2000,,,
hallt101,"Hall","Tom",06/09/1968,,,
hallb001,"Hall","Bill",09/01/2002,,,
hallb107,"Hall","Bill",07/04/1913,,,
hallb105,"Hall","Bill",04/18/1954,,,
hallj104,"Halla","John",08/18/1905,,,
hallr001,"Halladay","Roy",09/20/1998,,,
hallb104,"Hallahan","Bill",04/16/1925,,,
hallt102,"Haller","Tom",04/11/1961,,04/07/1977,
hallj105,"Hallett","Jack",09/13/1940,,,
halln101,"Halliday","Newt",08/19/1916,,,
hallj102,"Halligan","Jocko",05/13/1890,,,
halle101,"Hallinan","Ed",05/13/1911,,,
hallj101,"Hallinan","Jimmy",07/26/1871,,,
hallb102,"Hallman","Bill",04/25/1901,,,
hallb101,"Hallman","Bill",04/23/1888,07/17/1897,,04/28/1890
hallc102,"Hallstrom","Charlie",09/23/1885,,,
halmg001,"Halman","Greg",09/23/2010,,,
halpj101,"Halpin","Jim",06/15/1882,,,
halsb001,"Halsey","Brad",06/19/2004,,,
halta101,"Halt","Al",05/29/1914,,,
halts001,"Halter","Shane",04/06/1997,,,
halts002,"Halton","Sean",06/27/2013,,,
ham-r101,"Ham","Ralph",05/06/1871,,,
hamad101,"Hamann","Doc",09/21/1922,,,
hambr101,"Hambright","Roger",07/19/1971,,,
hambc101,"Hamburg","Charlie",04/18/1890,,,
hambm001,"Hamburger","Mark",08/31/2011,,,
hambj101,"Hamby","Jim",09/20/1926,,,
hameb001,"Hamelin","Bob",09/12/1993,,,
hamec001,"Hamels","Cole",05/12/2006,,,
hamij102,"Hamill","John",05/01/1884,,,
hamib001,"Hamilton","Billy",09/03/2013,,,
hamid001,"Hamilton","Darryl",06/03/1988,,,
hamid101,"Hamilton","Dave",05/29/1972,,,
hamie101,"Hamilton","Earl",04/14/1911,,,
hamii001,"Hamilton","Ian",08/31/2018,,,
hamij101,"Hamilton","Jack",04/13/1962,,,
hamij001,"Hamilton","Jeff",06/28/1986,,,
hamij002,"Hamilton","Joey",05/24/1994,,,
hamij003,"Hamilton","Josh",04/02/2007,,,
hamim001,"Hamilton","Mark",09/20/2010,,,
hamis101,"Hamilton","Steve",04/23/1961,,04/10/1975,
hamit101,"Hamilton","Tom",09/04/1952,,,
hamib101,"Hamilton","Billy",07/31/1888,,,
hamlk101,"Hamlin","Ken",06/17/1957,,,
hamll101,"Hamlin","Luke",09/18/1933,,,
hammp101,"Hamm","Pete",07/29/1970,,,
hamma001,"Hammaker","Atlee",08/13/1981,,,
hammj002,"Hammel","Jason",04/11/2006,,,
hammr001,"Hammock","Robby",04/11/2003,,,
hammc001,"Hammond","Chris",07/16/1990,,,
hamms101,"Hammond","Steve",06/28/1982,,,
hammj101,"Hammond","Jack",04/15/1915,,,
hammj001,"Hammonds","Jeffrey",06/25/1993,,,
hamng102,"Hamner","Granny",09/14/1944,,,
hamnr101,"Hamner","Ralph",04/28/1946,,,
hamng101,"Hamner","Garvin",04/17/1945,,,
hampg001,"Hampson","Garrett",07/21/2018,,,
hampj001,"Hampson","Justin",09/10/2006,,,
hampi101,"Hampton","Ike",09/12/1974,,,
hampm001,"Hampton","Mike",04/17/1993,,04/04/2016,
hamre001,"Hamren","Erik",08/01/2011,,,
hamrb101,"Hamric","Bert",04/24/1955,,,
hamrr101,"Hamrick","Ray",08/14/1943,,,
hamut001,"Hamulack","Tim",09/02/2005,,,
hancb101,"Hancken","Buddy",05/14/1940,,04/10/1968,
hancf101,"Hancock","Fred",04/26/1949,,,
hancj001,"Hancock","Josh",09/10/2002,,,
hancj002,"Hancock","Justin",05/09/2018,,,
hancl001,"Hancock","Lee",09/03/1995,,,
hancg001,"Hancock","Garry",07/16/1978,,,
hancr001,"Hancock","Ryan",06/08/1996,,,
handb001,"Hand","Brad",06/07/2011,,,
handd001,"Hand","Donovan",05/26/2013,,,
handr101,"Hand","Rich",04/09/1970,,,
handm101,"Handiboe","Mike",09/08/1911,,,
handj101,"Handiboe","Jim",05/28/1886,,,
handg101,"Handley","Gene",04/16/1946,,,
handl101,"Handley","Lee",04/15/1936,,,
handv101,"Handrahan","Vern",04/14/1964,,,
handb101,"Hands","Bill",06/03/1965,,,
haneh101,"Hanebrink","Harry",05/03/1953,,,
hanec001,"Haney","Chris",06/21/1991,,,
hanef101,"Haney","Fred",04/18/1922,4/22/1939,04/17/1956,
hanet001,"Haney","Todd",09/09/1992,,,
hanel101,"Haney","Larry",07/27/1966,,04/07/1978,
hanfc101,"Hanford","Charlie",04/13/1914,,,
hanhe001,"Hanhold","Eric",09/04/2018,,,
hanir001,"Hanigan","Ryan",09/09/2007,,,
hanim001,"Haniger","Mitch",08/16/2016,,,
hankd101,"Hankins","Don",04/23/1927,,,
hankj101,"Hankins","Jay",04/15/1961,,,
hankf101,"Hankinson","Frank",05/01/1878,,,
hanlj101,"Hanley","Jim",07/03/1913,,,
hanln101,"Hanlon","Ned",05/01/1880,08/13/1889,,06/04/1892
hanlb101,"Hanlon","Bill",04/16/1903,,,
hannj103,"Hanna","John",05/23/1884,,,
hannp101,"Hanna","Preston",09/13/1975,,,
hannt101,"Hannah","Truck",04/15/1918,,,
hannj001,"Hannahan","Jack",05/25/2006,,,
hanng101,"Hannahs","Gerry",09/08/1976,,,
hannj102,"Hannan","Jim",04/17/1962,,,
hannj002,"Hannemann","Jacob",09/09/2017,,,
hannj101,"Hannifin","Jack",04/19/1906,,,
hannl101,"Hanning","Loy",09/20/1939,,,
hannp102,"Hannivan","Pat",04/29/1897,,,
hanrj001,"Hanrahan","Joel",07/28/2007,,,
hansd002,"Hansack","Devern",09/23/2006,,,
hansg001,"Hansell","Greg",04/28/1995,,,
hansa101,"Hansen","Andy",06/30/1944,,,
hansc001,"Hansen","Craig",09/19/2005,,,
hansd001,"Hansen","Dave",09/16/1990,,07/20/2011,
hansd101,"Hansen","Doug",09/04/1951,,,
hansj001,"Hansen","Jed",07/29/1997,,,
hansb101,"Hansen","Bob",05/10/1974,,,
hansr102,"Hansen","Ron",04/15/1958,,04/21/1980,
hanss101,"Hansen","Snipe",07/05/1930,,,
hansr101,"Hansen","Roy",05/28/1918,,,
hansf101,"Hansford","Frank",06/09/1898,,,
hansd102,"Hanski","Don",05/06/1943,,,
hansa001,"Hanson","Alen",05/16/2016,,,
hanso101,"Hanson","Ollie",04/27/1921,,,
hanse001,"Hanson","Erik",09/05/1988,,,
hansh101,"Hanson","Harry",07/14/1913,,,
hanst001,"Hanson","Tommy",06/07/2009,,,
hanye101,"Hanyzewski","Ed",05/12/1942,,,
happi001,"Happ","Ian",05/13/2017,,,
happj001,"Happ","J.A.",06/30/2007,,,
happj101,"Happenny","John",07/02/1923,,,
haraa001,"Harang","Aaron",05/25/2002,,,
harbb101,"Harbridge","Bill",05/15/1875,,,
hardr001,"Harden","Rich",07/21/2003,,,
hardm101,"Harder","Mel",04/24/1928,10/1/1961,04/15/1947,
hards101,"Hardesty","Scott",08/17/1899,,,
hardp101,"Hardgrove","Pat",06/08/1918,,,
hardl102,"Hardie","Lou",05/22/1884,,,05/03/1887
hardj101,"Hardin","Jim",06/23/1967,,,
hardb101,"Hardin","Bud",04/15/1952,,,
hardc102,"Harding","Charlie",09/18/1913,,,
hardj002,"Hardtke","Jason",09/08/1996,,,
hardb001,"Hardy","Blaine",06/16/2014,,,
hardc101,"Hardy","Carroll",04/15/1958,,,
harda101,"Hardy","Alex",09/04/1902,,,
hardr101,"Hardy","Red",06/20/1951,,,
hardh101,"Hardy","Harry",09/26/1905,,,
hardl101,"Hardy","Larry",04/28/1974,,04/26/1995,
hardj003,"Hardy","J.J.",04/04/2005,,,
hardj102,"Hardy","Jack",08/29/1903,,,
hardj001,"Hardy","Jack",05/23/1989,,,
hares001,"Hare","Shawn",09/06/1991,,,
hared001,"Haren","Dan",06/30/2003,,,
hargs101,"Hargan","Steve",08/03/1965,,,
harga001,"Hargesheimer","Alan",07/14/1980,,,
hargg101,"Hargis","Gary",09/29/1979,,,
hargb101,"Hargrave","Bubbles",09/18/1913,,,
hargp101,"Hargrave","Pinky",05/18/1923,,,
hargc101,"Hargreaves","Charlie",06/27/1923,,,
hargm001,"Hargrove","Mike",04/07/1974,7/6/1991,04/12/1990,
harit001,"Harikkala","Tim",05/27/1995,,,
harkm001,"Harkey","Mike",09/05/1988,,04/03/2006,
harkj101,"Harkins","John",05/02/1884,,,
harks101,"Harkness","Spec",06/13/1910,,,
harkt101,"Harkness","Tim",09/12/1961,,,
harld102,"Harley","Dick",04/15/1905,,,
harld101,"Harley","Dick",06/02/1897,,,
harll101,"Harlow","Larry",09/20/1975,,,
harmb001,"Harman","Brad",04/22/2008,,,
harmb102,"Harman","Bill",06/17/1941,,,
harmc101,"Harmon","Chuck",04/17/1954,,,
harmb101,"Harmon","Bob",06/23/1909,,,
harmt101,"Harmon","Terry",07/23/1967,,,
harnp001,"Harnisch","Pete",09/13/1988,,,
harpb002,"Harper","Brandon",08/09/2006,,,
harpb001,"Harper","Brian",09/29/1979,,,
harpb003,"Harper","Bryce",04/28/2012,,,
harpj102,"Harper","Jack",09/18/1899,,,
harpg101,"Harper","George",04/15/1916,,,
harph101,"Harper","Harry",06/27/1913,,,
harpg102,"Harper","George",07/11/1894,,,
harpj101,"Harper","Jack",04/17/1915,,,
harpt001,"Harper","Terry",09/12/1980,,,
harpt101,"Harper","Tommy",04/09/1962,,04/10/1980,
harpt002,"Harper","Travis",08/04/2000,,,
harpb101,"Harper","Bill",06/10/1911,,,
harrt001,"Harrah","Toby",09/05/1969,7/9/1992,04/04/1989,
harrj106,"Harrell","John",10/01/1969,,,
harrl002,"Harrell","Lucas",07/30/2010,,,
harrs103,"Harrell","Slim",06/21/1912,,,
harrr103,"Harrell","Ray",04/16/1935,,,
harrb103,"Harrell","Billy",09/02/1955,,,
harrb101,"Harrelson","Bud",09/02/1965,5/29/1990,04/08/1982,
harrk101,"Harrelson","Ken",06/09/1963,,,
harrb110,"Harrelson","Bill",07/31/1968,,,
harrd002,"Harriger","Denny",06/16/1998,,,
harra102,"Harrington","Andy",09/08/1913,,,
harra101,"Harrington","Andy",04/18/1925,,,
harrm102,"Harrington","Mickey",07/10/1963,,,
harrj104,"Harrington","Jerry",04/30/1890,,,
harrj105,"Harrington","Joe",09/10/1895,,,
harrb102,"Harrington","Bill",04/16/1953,,,
harrc103,"Harris","Candy",04/13/1967,,,
harrs102,"Harris","Spence",04/14/1925,,,
harrb111,"Harris","Ben",04/19/1914,,,
harrg101,"Harris","Gail",06/03/1955,,,
harrb001,"Harris","Brendan",07/06/2004,,,
harrl101,"Harris","Lum",04/19/1941,9/1/1961,04/17/1951,
harrb104,"Harris","Bubba",04/29/1948,,,
harrc102,"Harris","Charlie",05/26/1899,,,
harrd101,"Harris","Dave",04/14/1925,,,
harrd001,"Harris","Donald",09/04/1991,,,
harrg001,"Harris","Greg",05/20/1981,,,
harrg002,"Harris","Greg",09/19/1988,,,
harrh101,"Harris","Herb",07/21/1936,,,
harrp001,"Harris","Pep",08/14/1996,,,
harrf101,"Harris","James",04/17/1884,,,
harrb108,"Harris","Billy",06/16/1968,,,
harrj001,"Harris","Jeff",08/02/2005,,,
harrj101,"Harris","John",09/26/1979,,,
harrj103,"Harris","Joe",06/09/1914,,,
harrj102,"Harris","Joe",09/22/1905,,,08/23/1906
harrl001,"Harris","Lenny",09/07/1988,,05/11/2007,
harrm101,"Harris","Mickey",04/23/1940,,,
harrm002,"Harris","Mitch",04/25/2015,,,
harrr001,"Harris","Reggie",07/04/1990,,,
harrb109,"Harris","Bob",09/19/1938,,,
harrn101,"Harris","Ned",04/20/1941,,,
harrb106,"Harris","Bucky",08/28/1919,4/15/1924,,
harrg003,"Harris","Gene",04/05/1989,,,
harrv101,"Harris","Vic",07/21/1972,,,
harrb107,"Harris","Buddy",09/10/1970,,,
harrw001,"Harris","Willie",09/02/2001,,,
harrb105,"Harris","Bill",04/22/1923,,,
harrw002,"Harris","Will",08/13/2012,,,
harrb112,"Harris","Bill",09/27/1957,,,
harrc101,"Harrison","Chuck",09/15/1965,,,
harrj002,"Harrison","Josh",05/31/2011,,,
harrm001,"Harrison","Matt",07/08/2008,,,
harrb114,"Harrison","Bob",09/23/1955,,,
harrr102,"Harrison","Roric",04/18/1972,,,
harrt101,"Harrison","Tom",05/07/1965,,,
harrr101,"Harrison","Rit",05/20/1875,,,
harrb113,"Harrison","Ben",09/27/1901,,,
harrs101,"Harriss","Slim",04/19/1920,,,
harre101,"Harrist","Earl",08/18/1945,,,
harss101,"Harshaney","Sam",09/28/1937,,,
harsj101,"Harshman","Jack",09/16/1948,,,
harso101,"Harstad","Oscar",04/23/1915,,,
hartb001,"Hart","Bo",06/19/2003,,,
hartd002,"Hart","Donnie",07/17/2016,,,
harth101,"Hart","Hub",07/16/1905,,,
hartb104,"Hart","Jimmy",06/06/1901,,,
hartm101,"Hart","Mike",06/12/1980,,,
hartj102,"Hart","Jim Ray",07/07/1963,,,
hartj002,"Hart","Jason",08/18/2002,,,
hartc001,"Hart","Corey",05/25/2004,,,
hartk001,"Hart","Kevin",09/04/2007,,,
hartm001,"Hart","Mike",05/08/1984,,,
hartb103,"Hart","Billy",07/13/1890,,,
hartt101,"Hart","Tom",04/15/1891,,,
hartb106,"Hart","Bill",07/26/1886,,,06/28/1896
hartb101,"Hart","Bill",09/18/1943,,,
hartc105,"Hartenstein","Chuck",09/11/1965,,04/05/1979,
hartf102,"Harter","Frank",08/31/1912,,,
hartb102,"Hartford","Bruce",06/03/1914,,,
hartd001,"Hartgraves","Dean",05/03/1995,,,
hardl103,"Harting","Jumbo",10/05/1886,,,
hartc101,"Hartje","Chris",09/09/1939,,,
hartg102,"Hartley","Grover",05/13/1911,,04/16/1929,07/29/1935
hartm002,"Hartley","Mike",09/10/1989,,,
hartc104,"Hartley","Chick",06/04/1902,,,
hartc103,"Hartman","Charlie",06/24/1908,,,
hartf101,"Hartman","Fred",07/26/1894,,,
hartj101,"Hartman","J.C.",07/21/1962,,,
hartb105,"Hartman","Bob",04/26/1959,,,
hartg103,"Hartnett","Gabby",04/12/1922,7/21/1938,04/19/1938,
hartp101,"Hartnett","Pat",04/18/1890,,,
hartr103,"Hartranft","Ray",06/16/1913,,,
hartg101,"Harts","Greg",09/15/1973,,,
hartt102,"Hartsel","Topsy",09/14/1898,,,
hartr101,"Hartsfield","Roy",04/28/1950,4/7/1977,04/07/1969,
hartj001,"Hartsock","Jeff",09/12/1992,,,
hartc102,"Hartung","Clint",04/15/1947,,,
hartp001,"Hartzell","Paul",04/10/1976,,,
hartr102,"Hartzell","Roy",04/17/1906,,,
harvl101,"Harvel","Luther",07/31/1928,,,
harvb001,"Harvey","Bryan",05/16/1987,,,
harve101,"Harvey","Zaza",05/03/1900,,,
harvk001,"Harvey","Ken",09/18/2001,,,
harvm001,"Harvey","Matt",07/26/2012,,,
harvc001,"Harville","Chad",06/23/1999,,,
hasbz101,"Hasbrook","Ziggy",09/06/1916,,,
hases001,"Hasegawa","Shigetoshi",04/05/1997,,,
haseb001,"Haselman","Bill",09/03/1990,,05/06/2004,
hased101,"Hasenmayer","Don",05/02/1945,,,
hashh101,"Hash","Herb",04/19/1940,,,
haslm101,"Haslin","Mickey",09/07/1933,,,
hasnp101,"Hasney","Pete",09/13/1890,,,
hassb102,"Hassamaer","Bill",04/19/1894,,,
hassa002,"Hassan","Alex",06/01/2014,,,
hassb101,"Hassett","Buddy",04/14/1936,,,
hassr001,"Hassey","Ron",04/23/1978,,04/05/1993,
hassa001,"Hassler","Andy",05/30/1971,,,
hassj101,"Hassler","Joe",05/26/1928,,,
hassg101,"Hasson","Gene",09/09/1937,,,
hastc101,"Hastings","Charlie",05/03/1893,,,
hasts101,"Hastings","Scott",05/06/1871,05/06/1871,,07/07/1871
hastb101,"Hasty","Bob",09/11/1919,,,
hatcc001,"Hatcher","Chris",09/06/1998,,,
hatcc002,"Hatcher","Chris",09/19/2010,,,
hatcm001,"Hatcher","Mickey",08/03/1979,,04/05/1993,
hatcb001,"Hatcher","Billy",09/10/1984,,03/31/1998,
hatff101,"Hatfield","Fred",08/31/1950,,04/07/1977,
hatfg101,"Hatfield","Gil",09/24/1885,,,09/09/1889
hatfj101,"Hatfield","John",05/18/1871,06/11/1872,,05/07/1872
hathh001,"Hathaway","Hilly",09/08/1992,,,
hathr101,"Hathaway","Ray",04/20/1945,,,
haths001,"Hathaway","Steve",07/31/2016,,,
hatlm001,"Hatley","Marcus",07/01/2015,,,
hatts001,"Hatteberg","Scott",09/08/1995,,,
hattj101,"Hatten","Joe",04/21/1946,,,
hattc101,"Hatter","Clyde",04/23/1935,,,
hattj001,"Hattig","John",08/19/2006,,,
hattg101,"Hatton","Grady",04/16/1946,4/12/1966,04/06/1973,
hauga101,"Hauger","Arthur",07/17/1912,,,
haugc101,"Haughey","Chris",10/03/1943,,,
haugg001,"Haught","Gary",07/16/1997,,,
haugp101,"Haugstad","Phil",09/01/1947,,,
hausm001,"Hauschild","Mike",04/08/2017,,,
hausa101,"Hauser","Arnold",04/21/1910,,,
hausj101,"Hauser","Joe",04/18/1922,,,
haust101,"Hausman","Tom",04/26/1975,,,
hausc101,"Hausmann","Clem",04/28/1944,,,
hausg101,"Hausmann","George",04/18/1944,,,
hautc101,"Hautz","Charlie",05/04/1875,,,04/25/1876
haveb001,"Havens","Brad",06/05/1981,,,
hawbr001,"Hawblitzel","Ryan",06/09/1996,,,
hawer101,"Hawes","Roy",09/23/1951,,,
haweb101,"Hawes","Bill",05/01/1879,,,09/09/1880
hawke101,"Hawk","Ed",09/07/1911,,,
hawkb101,"Hawke","Bill",07/28/1892,,,
hawkt101,"Hawkes","Thorny",05/01/1879,,,
hawkl001,"Hawkins","LaTroy",04/29/1995,,,
hawka001,"Hawkins","Andy",07/17/1982,,08/02/2008,
hawkw101,"Hawkins","Wynn",04/22/1960,,,
hawkc101,"Hawks","Chicken",04/14/1921,,,
hawkb001,"Hawksworth","Blake",06/06/2009,,,
hawlp101,"Hawley","Pink",08/13/1892,,,
hawls101,"Hawley","Marvin",09/22/1894,,,
hawoh101,"Haworth","Howie",08/14/1915,,,
hawpb001,"Hawpe","Brad",05/01/2004,,,
haydh101,"Haydel","Hal",09/07/1970,,,
haydl101,"Hayden","Lefty",06/26/1958,,,
haydj101,"Hayden","Jack",04/26/1901,,,
hayed001,"Hayes","Drew",04/21/2016,,,
hayeb102,"Hayes","Ben",06/25/1982,,,
hayeb001,"Hayes","Brett",05/22/2009,,,
hayec001,"Hayes","Charlie",09/11/1988,,,
hayef101,"Hayes","Frankie",09/21/1933,,,
hayej103,"Hayes","Jim",07/13/1935,,,
hayem101,"Hayes","John",09/09/1876,,,
hayej102,"Hayes","Jackie",05/02/1882,,,
hayej101,"Hayes","Jackie",08/05/1927,,,
hayev001,"Hayes","Von",04/14/1981,,,
hayeb101,"Hayes","Bill",09/30/1980,,03/31/1998,
hayhd001,"Hayhurst","Dirk",08/23/2008,,,
heynj101,"Hayner","Fred",08/19/1890,,,
haynh001,"Haynes","Heath",06/01/1994,,,
haynj001,"Haynes","Jimmy",09/13/1995,,,
haynj101,"Haynes","Joe",04/24/1939,,04/16/1953,
haynn001,"Haynes","Nathan",05/28/2007,,,
haysa001,"Hays","Austin",09/07/2017,,,
haywr001,"Hayward","Ray",09/20/1986,,,
haywb101,"Haywood","Bill",07/28/1968,,,
haywr102,"Hayworth","Red",04/21/1944,,,
haywr101,"Hayworth","Ray",06/27/1926,,04/17/1945,
hazej001,"Hazelbaker","Jeremy",04/03/2016,,,
hazld101,"Hazelton","Doc",04/17/1902,,,
hazed101,"Hazewood","Drungo",09/19/1980,,,
hazlb101,"Hazle","Bob",09/08/1955,,,
heade101,"Head","Ed",07/27/1940,,,
headj001,"Head","Jerad",08/28/2011,,,
headr101,"Head","Ralph",04/18/1923,,,
headc001,"Headley","Chase",06/15/2007,,,
healt101,"Healey","Tom",06/13/1878,,,
healf102,"Healy","Fran",09/03/1969,,,
healf101,"Healy","Francis",04/29/1930,,,
heale101,"Healy","Egyptian",09/11/1885,,,08/19/1887
healr001,"Healy","Ryon",07/15/2016,,,
healt102,"Healy","Thomas",07/13/1915,,,
heana001,"Heaney","Andrew",06/19/2014,,,
hearc101,"Heard","Charlie",07/14/1890,,,
hearj101,"Heard","Jay",04/24/1954,,,
hearb102,"Hearn","Bunny",09/17/1910,,,
heare001,"Hearn","Ed",05/17/1986,,,
hearb101,"Hearn","Bunny",04/13/1926,,,
hearj102,"Hearn","Jim",04/17/1947,,,
heare101,"Hearne","Ed",06/09/1910,,,
hearh101,"Hearne","Hughie",08/29/1901,,,
hearj001,"Hearron","Jeff",08/25/1985,,,
heatd001,"Heath","Deunte",09/01/2012,,,
heatj101,"Heath","Jeff",09/13/1936,,,
heatk101,"Heath","Kelly",04/20/1982,,,
heatm001,"Heath","Mike",06/03/1978,,,
heatm101,"Heath","Mickey",04/18/1931,,,
heats101,"Heath","Spencer",05/04/1920,,,
heatt101,"Heath","Tommy",04/23/1935,,,
heatb101,"Heath","Bill",10/03/1965,,,
heatj001,"Heathcock","Jeff",09/03/1983,,,
heatc101,"Heathcote","Cliff",06/04/1918,,,
heatm002,"Heathcott","Mike",08/28/1998,,,
heats001,"Heathcott","Slade",05/20/2015,,,
heatn001,"Heaton","Neal",09/03/1982,,,
heavd101,"Heaverlo","Dave",04/14/1975,,,
hebew101,"Hebert","Wally",05/01/1931,,,
hebnr001,"Hebner","Richie",09/23/1968,,04/03/1989,
hebsb001,"Hebson","Bryan",07/06/2003,,,
hecha001,"Hechavarria","Adeiny",08/04/2012,,,
hechm101,"Hechinger","Mike",09/27/1912,,,
heckg101,"Hecker","Guy",05/02/1882,04/19/1890,,06/29/1888
hedga001,"Hedges","Austin",05/04/2015,,,
hedgh101,"Hedgpeth","Harry",10/03/1913,,,
hedlm101,"Hedlund","Mike",05/08/1965,,,
heepd001,"Heep","Danny",08/31/1979,,,
heffb001,"Heffernan","Bert",05/13/1992,,,
heffd101,"Heffner","Don",04/17/1934,4/15/1966,04/15/1958,
heffb101,"Heffner","Bob",06/19/1963,,,
heflb001,"Heflin","Bronson",08/01/1996,,,
heflr101,"Heflin","Randy",06/09/1945,,,
hefnj001,"Hefner","Jeremy",04/23/2012,,,
hegaj101,"Hegan","Jim",09/09/1941,,04/19/1960,
hegam101,"Hegan","Mike",09/13/1964,,,
hegmb001,"Hegman","Bob",08/08/1985,,,
hehlj101,"Hehl","Jake",06/20/1918,,,
heidj101,"Heidemann","Jack",05/02/1969,,,
heide101,"Heidrick","Emmet",09/14/1898,,,
heiff101,"Heifer","Frank",06/03/1875,,,
heilc101,"Heileman","Chink",07/08/1901,,,
heila001,"Heilman","Aaron",06/26/2003,,,
heilh101,"Heilmann","Harry",05/16/1914,,04/12/1932,
heimv101,"Heim","Val",08/31/1942,,,
heimf101,"Heimach","Fred",10/01/1920,,,
heimg001,"Heimueller","Gorman",07/12/1983,,,
heinb101,"Heine","Bud",10/01/1921,,,
heind001,"Heinkel","Don",04/07/1988,,,
heinc001,"Heintz","Chris",09/10/2005,,,
heink101,"Heintzelman","Ken",10/03/1937,,,
heint101,"Heintzelman","Tom",08/12/1973,,,
heinj101,"Heinzman","Jack",10/02/1886,,,
heisc102,"Heise","Clarence",04/22/1934,,,
heisj101,"Heise","Jim",06/29/1957,,,
heisb101,"Heise","Bob",09/12/1967,,,
heisr101,"Heiser","Roy",09/02/1961,,,
heisr001,"Heiserman","Rick",05/23/1999,,,
heisc001,"Heisey","Chris",05/03/2010,,,
heisc101,"Heismann","Crese",09/25/1901,,,
heisa101,"Heist","Al",07/17/1960,,04/12/1966,
heith102,"Heitmann","Harry",07/27/1918,,,
heith101,"Heitmuller","Heinie",04/26/1909,,,
heldm101,"Held","Mel",04/27/1956,,,
heldw101,"Held","Woodie",09/05/1954,,,
helfh101,"Helf","Hank",05/05/1938,,,
helfe001,"Helfand","Eric",09/04/1993,,,
helft101,"Helfrich","Ty",06/30/1915,,,
hellb001,"Heller","Ben",08/26/2016,,,
hellj001,"Hellickson","Jeremy",08/02/2010,,,
hellr001,"Helling","Rick",04/10/1994,,,
hellu101,"Hellings",,07/19/1875,,,
hellt101,"Hellman","Tony",10/10/1886,,,
hellj002,"Hellweg","Johnny",06/28/2013,,,
helmh101,"Helmbold","Horace",10/11/1890,,,
helmt101,"Helms","Tommy",09/23/1964,5/2/1988,04/09/1981,
helmw001,"Helms","Wes",09/05/1998,,,
heltt001,"Helton","Todd",08/02/1997,,,
helth101,"Heltzel","Heinie",07/27/1943,,,
hemar101,"Heman","Russ",04/20/1961,,,
hembh001,"Hembree","Heath",09/03/2013,,,
hemie101,"Hemingway","Ed",09/17/1914,,,
hemmg101,"Hemming","George",04/21/1890,,,06/11/1895
hemos001,"Hemond","Scott",09/09/1989,,,
hempd101,"Hemp","Ducky",10/06/1887,,,
hempb001,"Hemphill","Bret",06/28/1999,,,
hempc101,"Hemphill","Charlie",06/27/1899,,,
hempf101,"Hemphill","Frank",04/17/1906,,,
hemsr101,"Hemsley","Rollie",04/19/1928,,04/13/1954,
hemus101,"Hemus","Solly",04/27/1949,4/10/1959,04/11/1962,
hendb103,"Henderson","Bernie",09/05/1921,,,
hendd001,"Henderson","Dave",04/09/1981,,,
hende101,"Henderson","Ed",04/29/1914,,,
hendj001,"Henderson","Jim",07/26/2012,,,
hendh102,"Henderson","Hardie",05/02/1883,,,06/16/1889
hendj102,"Henderson","Joe",06/07/1974,,,
hendk101,"Henderson","Ken",04/23/1965,,,
hendr001,"Henderson","Rickey",06/24/1979,,07/12/2007,
hendr002,"Henderson","Rod",04/19/1994,,,
hends001,"Henderson","Steve",06/16/1977,,04/04/1994,
hendb102,"Henderson","Bill",06/20/1930,,,
hendb101,"Hendley","Bob",06/23/1961,,,
hendg001,"Hendrick","George",06/04/1971,,04/01/1996,
hendh101,"Hendrick","Harvey",04/20/1923,,,
hende102,"Hendricks","Ed",09/15/1910,,,
hende103,"Hendricks","Elrod",04/13/1968,,04/07/1978,
hendj101,"Hendricks","Jack",06/12/1902,4/16/1918,,
hendk001,"Hendricks","Kyle",07/10/2014,,,
hendb001,"Hendrickson","Ben",06/02/2004,,,
hendd101,"Hendrickson","Don",07/04/1945,,,
hendm001,"Hendrickson","Mark",08/06/2002,,,
hendl001,"Hendriks","Liam",09/06/2011,,,
hendc101,"Hendrix","Claude",05/15/1911,,,
hendt101,"Hendryx","Tim",09/04/1911,,,
hengd001,"Hengel","Dave",09/03/1986,,,
hengm101,"Hengel","Moxie",04/20/1884,,,07/22/1884
henil101,"Henion","Lafayette",09/10/1919,,,
henkt001,"Henke","Tom",09/10/1982,,,
henlg101,"Henley","Gail",04/13/1954,,,
henlb001,"Henley","Bob",07/19/1998,,03/31/2014,
henlw101,"Henley","Weldon",04/23/1903,,,
henlb101,"Henline","Butch",04/13/1921,,,04/17/1945
henns001,"Henn","Sean",05/04/2005,,,
hennm001,"Henneman","Mike",05/11/1987,,,
hennb001,"Hennessey","Brad",08/07/2004,,,
henng101,"Hennessey","George",09/02/1937,,04/18/1950,
hennl101,"Hennessy","Les",06/04/1913,,,
hennp102,"Hennigan","Phil",09/02/1969,,,
hennp101,"Henning","Pete",04/17/1914,,,
hennr101,"Henninger","Rick",09/03/1973,,,
hennr001,"Hennis","Randy",09/17/1990,,,
henrf101,"Henrich","Fritz",04/19/1924,,,
henrb103,"Henrich","Bobby",05/03/1957,,,
henrt101,"Henrich","Tommy",05/11/1937,,04/17/1951,
henro101,"Henriksen","Olaf",08/11/1911,,,
henro001,"Henriquez","Oscar",09/07/1997,,,
henrd001,"Henry","Dwayne",09/07/1984,,,
henre101,"Henry","Earl",09/23/1944,,,
henrb001,"Henry","Butch",04/09/1992,,,
henrd101,"Henry","Dutch",09/15/1921,,,
henrs101,"Henry","Snake",09/15/1922,,,
henrg101,"Henry","George",04/27/1893,,,
henrj103,"Henry","Jim",04/23/1936,,,
henrj102,"Henry","John",08/13/1884,,,
henrj101,"Henry","John",07/08/1910,,,
henrd002,"Henry","Doug",07/15/1991,,04/01/2013,
henrr101,"Henry","Ron",04/15/1961,,,
henrb102,"Henry","Bill",09/13/1966,,,
henrb101,"Henry","Bill",04/17/1952,,,
hensr101,"Henshaw","Roy",04/15/1933,,,
hensp101,"Hensiek","Phil",08/15/1935,,,
hensc001,"Hensley","Chuck",05/10/1986,,,
hensc002,"Hensley","Clay",07/20/2005,,,
hensm001,"Hensley","Matt",05/04/2004,,,
hensd001,"Henson","Drew",09/05/2002,,,
hentp001,"Hentgen","Pat",09/03/1991,,04/01/2011,
heplb101,"Hepler","Bill",04/23/1966,,,
herbr102,"Herbel","Ron",09/10/1963,,,
herbe101,"Herbert","Ernie",07/27/1913,,,
herbf101,"Herbert","Fred",09/25/1915,,,
herbr101,"Herbert","Ray",08/27/1950,,,
heref001,"Heredia","Felix",08/09/1996,,,
hereg001,"Heredia","Gil",09/01/1991,,,
hereg002,"Heredia","Guillermo",07/29/2016,,,
hereu001,"Heredia","Ubaldo",05/12/1987,,,
herew001,"Heredia","Wilson",04/27/1995,,,
hergm001,"Herges","Matt",08/03/1999,,03/29/2018,
herma101,"Herman","Art",06/29/1896,,,
hermb102,"Herman","Babe",04/14/1926,,04/16/1951,
hermb101,"Herman","Billy",08/29/1931,4/15/1947,04/15/1952,
herma102,"Hermann","Al",07/13/1923,,,
hermc001,"Hermansen","Chad",09/07/1999,,,
hermg101,"Hermanski","Gene",08/14/1943,,,
hermd001,"Hermanson","Dustin",05/08/1995,,,
hermj001,"Hermida","Jeremy",08/31/2005,,,
hermm001,"Hermosillo","Michael",05/18/2018,,,
hermr101,"Hermoso","Remy",09/14/1967,,,
hernj101,"Hernaiz","Jesus",06/14/1974,,,
herna002,"Hernandez","Adrian",04/21/2001,,,
herna001,"Hernandez","Alex",09/01/2000,,,
herna003,"Hernandez","Anderson",09/18/2005,,,
herna004,"Hernandez","Ariel",04/24/2017,,,
hernc001,"Hernandez","Carlos",04/20/1990,,04/02/2017,
hernc003,"Hernandez","Carlos",05/26/1999,,,
hernc004,"Hernandez","Carlos",08/18/2001,,,
hernc005,"Hernandez","Cesar",05/29/2013,,,
hernc002,"Hernandez","Cesar",07/19/1992,,,
hernd002,"Hernandez","David",05/28/2009,,,
hernd001,"Hernandez","Diory",05/21/2009,,,
hernl003,"Hernandez","Livan",09/24/1996,,,
herne002,"Hernandez","Elieser",05/10/2018,,,
herne001,"Hernandez","Enrique",07/01/2014,,,
herne102,"Hernandez","Enzo",04/17/1971,,,
hernf002,"Hernandez","Felix",08/04/2005,,,
hernf001,"Hernandez","Fernando",04/03/1997,,,
hernf003,"Hernandez","Fernando",04/09/2008,,,
hernx001,"Hernandez","Xavier",06/04/1989,,,
herng001,"Hernandez","Gorkys",05/21/2012,,,
herne101,"Hernandez","Evelio",09/12/1956,,,
hernw001,"Hernandez","Guillermo",04/09/1977,,,
hernj102,"Hernandez","Jackie",09/14/1965,,,
hernj002,"Hernandez","Jeremy",09/02/1991,,,
hernj001,"Hernandez","Jose",08/09/1991,,,
hernk001,"Hernandez","Keith",08/30/1974,,,
hernl002,"Hernandez","Leo",09/19/1982,,,
hernl004,"Hernandez","Luis",07/08/2007,,,
hernm001,"Hernandez","Manny",06/05/1986,,,
hernm003,"Hernandez","Marco",04/17/2016,,,
hernm002,"Hernandez","Michel",09/06/2003,,,
herno001,"Hernandez","Orlando",06/03/1998,,,
herno002,"Hernandez","Oscar",07/12/2015,,,
hernp101,"Hernandez","Pedro",09/08/1979,,,
hernp001,"Hernandez","Pedro",07/18/2012,,,
hernr102,"Hernandez","Ramon",04/11/1967,,,
hernr002,"Hernandez","Ramon",06/29/1999,,,
hernr001,"Hernandez","Roberto",09/02/1991,,,
hernr103,"Hernandez","Rudy",09/06/1972,,,
hernr101,"Hernandez","Rudy",07/03/1960,,,
hernr003,"Hernandez","Runelvys",07/15/2002,,,
hernc101,"Hernandez","Chico",04/16/1942,,,
hernt002,"Hernandez","Teoscar",08/12/2016,,,
hernt001,"Hernandez","Toby",06/22/1984,,,
herny001,"Hernandez","Yoel",05/05/2007,,,
hernj003,"Herndon","Junior",08/02/2001,,,
hernd003,"Herndon","David",04/05/2010,,,
hernl001,"Herndon","Larry",09/04/1974,,04/06/1992,
hernt101,"Hernon","Tom",09/13/1897,,,
herre101,"Herr","Joseph",04/16/1887,,,08/11/1888
herrt001,"Herr","Tom",08/13/1979,,,
herrw101,"Herrell","Walt",06/10/1911,,,
herra001,"Herrera","Alex",09/13/2002,,,
herrd001,"Herrera","Danny",06/03/2008,,,
herro001,"Herrera","Odubel",04/06/2015,,,
herrd002,"Herrera","Dilson",08/29/2014,,,
herre001,"Herrera","Elian",05/15/2012,,,
herrj002,"Herrera","Jonathan",04/30/2008,,,
herrj102,"Herrera","Jose",06/03/1967,,,
herrj001,"Herrera","Jose",08/12/1995,,,
herrp101,"Herrera","Pancho",04/15/1958,,,
herrk001,"Herrera","Kelvin",09/21/2011,,,
herrb102,"Herrera","Bobby",04/19/1951,,,
herrm101,"Herrera","Mike",09/22/1925,,,
herrr001,"Herrera","Ronald",06/14/2017,,,
herrr002,"Herrera","Rosell",04/26/2018,,,
herry001,"Herrera","Yoslan",07/12/2008,,,
herrt102,"Herriage","Troy",04/25/1956,,,
herrt101,"Herrin","Tom",04/13/1954,,,
herra101,"Herring","Art",09/12/1929,,,
herrh101,"Herring","Herb",09/04/1912,,,
herrl102,"Herring","Lefty",05/16/1899,,,
herrb101,"Herring","Bill",06/26/1915,,,
herrc001,"Herrmann","Chris",09/16/2012,,,
herre102,"Herrmann","Ed",09/01/1967,,,
herrf001,"Herrmann","Frank",06/04/2010,,,
herrl101,"Herrmann","Leroy",07/30/1932,,,
herrm102,"Herrmann","Marty",07/10/1918,,,
herrj101,"Herrnstein","John",09/15/1962,,,
herrr101,"Herrscher","Rick",08/01/1962,,,
herse101,"Hersh","Earl",09/04/1956,,,
hersm101,"Hershberger","Mike",09/05/1961,,,
hersw101,"Hershberger","Willard",04/19/1938,,,
hersf101,"Hershey","Frank",04/20/1905,,,
herso001,"Hershiser","Orel",09/01/1983,,04/01/2002,
hertn101,"Hertweck","Neal",09/27/1952,,,
herts101,"Hertz","Steve",04/21/1964,,,
herzb101,"Herzog","Buck",04/17/1908,4/14/1914,,
herzw101,"Herzog","Whitey",04/17/1956,4/7/1973,04/12/1965,
heskj001,"Hesketh","Joe",08/07/1984,,,
hessd001,"Hess","David",05/12/2018,,,
hesso101,"Hess","Otto",08/03/1902,,,
hesst101,"Hess","Tom",06/06/1892,,,
hessg101,"Hesselbacher","George",06/29/1916,,,
hessk001,"Hessler","Keith",08/08/2015,,,
hessm001,"Hessman","Mike",08/22/2003,,,
hestj001,"Hester","John",08/28/2009,,,
hestl101,"Hesterfer","Larry",09/05/1901,,,
hestc001,"Heston","Chris",09/13/2014,,,
hetkj101,"Hetki","Johnny",09/14/1945,,,
hetlg101,"Hetling","Gus",10/06/1906,,,
hetze001,"Hetzel","Eric",07/01/1989,,,
heubg101,"Heubel","George",05/20/1871,,,09/18/1873
heuse101,"Heusser","Ed",04/25/1935,,,
hevij102,"Heving","Johnnie",09/24/1920,,,
hevij101,"Heving","Joe",04/29/1930,,,
hewij101,"Hewitt","Jake",08/06/1895,,,
heydg101,"Heydeman","Greg",09/02/1973,,,
heydm101,"Heydon","Mike",10/12/1898,,,
heywj001,"Heyward","Jason",04/05/2010,,,
hiatj101,"Hiatt","Jack",09/07/1964,,04/09/1981,
hiatp001,"Hiatt","Phil",04/07/1993,,,
hibbg001,"Hibbard","Greg",05/31/1989,,,
hibbj102,"Hibbard","John",07/31/1884,,,
hibbj101,"Hibbs","Jim",04/12/1967,,,
hickb001,"Hickerson","Bryan",07/25/1991,,,
hicke102,"Hickey","Eddie",09/03/1901,,,
hickj107,"Hickey","Jim",04/25/1942,,,
hickj106,"Hickey","Jack",04/16/1904,,,
hickk001,"Hickey","Kevin",04/14/1981,,,
hickm101,"Hickey","Mike",09/14/1899,,,
hickc101,"Hickman","Charlie",09/08/1897,,,04/29/1907
hickj102,"Hickman","Jim",09/17/1915,,,
hicke101,"Hickman","Ernie",06/07/1884,,,
hickj103,"Hickman","Jim",04/14/1962,,,
hickj104,"Hickman","Jesse",06/05/1965,,,
hicka001,"Hicks","Aaron",04/01/2013,,,
hickb002,"Hicks","Brandon",05/05/2010,,,
hickb101,"Hicks","Buddy",04/17/1956,,,
hickj105,"Hicks","Jim",09/19/1964,,,
hickj001,"Hicks","John",08/29/2015,,04/02/2017,
hickj002,"Hicks","Jordan",03/29/2018,,,
hickn101,"Hicks","Nat",04/22/1872,04/16/1874,,07/01/1885
hickj101,"Hicks","Joe",09/18/1959,,,
hidar001,"Hidalgo","Richard",09/01/1997,,,
hietj001,"Hietpas","Joe",10/03/2004,,,
higak001,"Higashioka","Kyle",04/10/2017,,,
higbk101,"Higbe","Kirby",10/03/1937,,,
higbm101,"Higbee","Mahlon",09/27/1922,,,
higbu101,"Higby",,09/18/1872,,,
higdb101,"Higdon","Bill",09/10/1949,,,
higgi101,"Higginbotham","Irv",08/11/1906,,,
higgd101,"Higgins","Dennis",04/12/1966,,,
higgk001,"Higgins","Kevin",05/29/1993,,,
higgm001,"Higgins","Mark",09/07/1989,,,
higgm101,"Higgins","Pinky",06/25/1930,4/12/1955,,
higgb102,"Higgins","Bob",09/13/1909,,,
higge101,"Higgins","Eddie",05/14/1909,,,
higgb101,"Higgins","Bill",08/09/1888,,,08/31/1890
higgb001,"Higginson","Bobby",04/26/1995,,,
higha101,"High","Andy",04/12/1922,,04/20/1937,
highc101,"High","Charlie",09/05/1919,,,
highe101,"High","Ed",07/04/1901,,,
highh101,"High","Hugh",04/11/1913,,,
highd101,"Higham","Dick",06/01/1871,06/27/1874,,07/08/1872
higut001,"Higuera","Teddy",04/23/1985,,,
hilaj101,"Hiland","John",08/20/1885,,,
hilcw101,"Hilcher","Whitey",09/17/1931,,,
hildg101,"Hildebrand","George",04/17/1902,,,04/10/1913
hildo101,"Hildebrand","Oral",09/08/1931,,,
hildp101,"Hildebrand","Palmer",05/14/1913,,,
hildt001,"Hildenberger","Trevor",06/23/2017,,,
hilgt101,"Hilgendorf","Tom",08/15/1969,,,
hilje001,"Hiljus","Erik",09/10/1999,,,
hilla001,"Hill","Aaron",05/20/2005,,,
hillb101,"Hill","Belden",08/27/1890,,,
hillc102,"Hill","Carmen",08/24/1915,,,
hillr101,"Hill","Red",04/21/1917,,,
hilld101,"Hill","Dave",08/22/1957,,,
hillt001,"Hill","Taylor",06/25/2014,,,
hilld001,"Hill","Donnie",07/25/1983,,,
hillg101,"Hill","Garry",06/12/1969,,,
hillg001,"Hill","Glenallen",07/31/1989,,04/02/2007,
hillh105,"Hill","Herbert",07/17/1915,,,
hillh102,"Hill","Herman",09/02/1969,,,
hillh104,"Hill","Hugh",05/01/1903,,,
hillh101,"Hill","Hunter",07/01/1903,,,
hillj001,"Hill","Jeremy",09/07/2002,,,
hillj102,"Hill","Jesse",04/17/1935,,,
hillk001,"Hill","Ken",09/03/1988,,,
hillk002,"Hill","Koyie",09/05/2003,,,
hillm001,"Hill","Marc",09/28/1973,,04/05/1988,
hillm002,"Hill","Milt",08/01/1991,,,
hillo101,"Hill","Oliver",04/19/1939,,,
hillr001,"Hill","Rich",06/15/2005,,,
hills003,"Hill","Shawn",06/29/2004,,,
hills004,"Hill","Steven",08/15/2010,,,
hillt002,"Hill","Tim",03/29/2018,,,
hillb102,"Hill","Bill",04/18/1896,,,
hillb001,"Hill","Bobby",05/10/2002,,,
hillh103,"Hillebrand","Homer",04/24/1905,,,
hildr101,"Hillebrand","R.E.",08/29/1902,,,
hills001,"Hillegas","Shawn",08/09/1987,,,
hills002,"Hillenbrand","Shea",04/02/2001,,,
hillc101,"Hiller","Chuck",04/11/1961,,04/07/1973,
hillf101,"Hiller","Frank",05/25/1946,,,
hillh106,"Hiller","Hob",04/22/1920,,,
hillj101,"Hiller","John",09/06/1965,,,
hille101,"Hilley","Ed",09/29/1903,,,
hillm101,"Hillis","Mack",09/13/1924,,,
hilld102,"Hillman","Dave",04/30/1955,,,
hille001,"Hillman","Eric",05/18/1992,,,
hillp101,"Hilly","Pat",05/07/1914,,,
hilsc101,"Hilsey","Charlie",09/27/1883,,,
hilth001,"Hilton","Howard",04/09/1990,,,
hiltd101,"Hilton","Dave",09/10/1972,,04/06/1987,
himej101,"Himes","Jack",09/18/1905,,,
hinca001,"Hinch","A.J.",04/01/1998,5/8/2009,,
hincb001,"Hinchliffe","Brett",04/05/1999,,,
hinch101,"Hinchman","Harry",07/29/1907,,,
hincb101,"Hinchman","Bill",09/24/1905,,04/17/1923,
hincm001,"Hinckley","Mike",09/02/2008,,,
hinds101,"Hinds","Sam",05/21/1977,,,
hineh101,"Hines","Hunkey",05/16/1895,,,
hinem101,"Hines","Mike",05/01/1883,,,10/15/1884
hinep101,"Hines","Paul",04/20/1872,,,
hinkg101,"Hinkle","Gordie",04/19/1934,,04/18/1939,
hinod001,"Hinojosa","Dalier",05/03/2015,,,
hinrp101,"Hinrichs","Paul",05/16/1951,,,
hinrd101,"Hinrichs","Dutch",06/25/1910,,,
hinsa001,"Hinshaw","Alex",05/15/2008,,,
hinsg101,"Hinshaw","George",09/19/1982,,,
hinse001,"Hinske","Eric",04/01/2002,,03/31/2014,
hinsj101,"Hinsley","Jerry",04/18/1964,,,
hinsp101,"Hinson","Paul",04/19/1928,,,
hintc101,"Hinton","Chuck",05/14/1961,,,
hintj101,"Hinton","John",06/03/1901,,,
hintr101,"Hinton","Rich",07/17/1971,,,
hinzt001,"Hinzo","Tommy",07/16/1987,,,
hipph101,"Hippauf","Herb",04/27/1966,,,
hiray001,"Hirano","Yoshihisa",03/29/2018,,,
hirsj001,"Hirsh","Jason",08/12/2006,,,
hiseg101,"Hiser","Gene",08/20/1971,,,
hisll101,"Hisle","Larry",04/10/1968,,04/06/1992,
hisnh101,"Hisner","Harley",09/30/1951,,,
hitcj101,"Hitchcock","Jim",08/24/1938,,,
hitcs001,"Hitchcock","Sterling",09/11/1992,,,
hitcb101,"Hitchcock","Billy",04/14/1942,8/3/1960,04/12/1955,
hittb101,"Hitt","Bruce",09/23/1917,,,
hittr101,"Hitt","Roy",04/27/1907,,,
hittl101,"Hittle","Lloyd",06/12/1949,,,
hoagm101,"Hoag","Myril",04/15/1931,,,
hoakd101,"Hoak","Don",04/18/1954,,04/11/1967,
hobae101,"Hobaugh","Ed",04/19/1961,,,
hobbg101,"Hobbie","Glen",09/20/1957,,,
hobbj101,"Hobbs","John",08/31/1981,,,
hobbb101,"Hobbs","Bill",08/09/1913,,,
hobld101,"Hoblitzell","Dick",09/05/1908,,,
hobsb101,"Hobson","Butch",09/07/1975,4/7/1992,,
hochh101,"Hoch","Harry",04/16/1908,,,
hochl001,"Hochevar","Luke",09/08/2007,,,
hocke101,"Hock","Ed",07/08/1920,,,
hockc101,"Hockenbery","Chuck",07/04/1975,,,
hocko101,"Hockett","Oris",09/04/1938,,,
hockg101,"Hockette","George",09/17/1934,,,
hockd001,"Hocking","Denny",09/10/1993,,,
hodaj101,"Hodapp","Johnny",08/19/1925,,,
hodem101,"Hoderlein","Mel",08/16/1951,,,
hodec101,"Hodes","Charlie",05/08/1871,,,07/23/1874
hodgs101,"Hodge","Shovel",09/06/1920,,,
hodge001,"Hodge","Ed",05/01/1984,,,
hodgg102,"Hodge","Gomer",04/06/1971,,,
hodgb101,"Hodges","Bert",04/14/1942,,,
hodgg101,"Hodges","Gil",10/03/1943,5/23/1963,,
hodgk001,"Hodges","Kevin",04/24/2000,,,
hodgr001,"Hodges","Ron",06/13/1973,,,
hodgt001,"Hodges","Trey",09/10/2002,,,
hodgr101,"Hodgin","Ralph",04/19/1939,,,
hodgp101,"Hodgson","Paul",08/31/1980,,,
hodke101,"Hodkey","Eli",09/12/1946,,,
hodnc101,"Hodnett","Charlie",05/03/1883,,,
hodsg101,"Hodson","George",08/09/1894,,,
hoefb101,"Hoeft","Billy",04/18/1952,,,
hoela101,"Hoelskoetter","Art",09/10/1905,,,
hoerj101,"Hoerner","Joe",09/27/1963,,,
hoerl101,"Hoerst","Lefty",04/26/1940,,,
hoesl001,"Hoes","L.J.",09/25/2012,,,
hoeyj001,"Hoey","Jim",08/23/2006,,,
hoeyj101,"Hoey","Jack",06/27/1906,,,
hoffr102,"Hoff","Red",09/06/1911,,,
hoffb102,"Hoffer","Bill",04/26/1895,,,07/31/1896
hoffs101,"Hofferth","Stew",04/19/1944,,07/25/1942,
hoffd102,"Hoffman","Dutch",04/23/1929,,,
hoffd101,"Hoffman","Danny",04/20/1903,,,
hofft101,"Hoffman","Tex",07/11/1915,,,
hofff101,"Hoffman","Frank",08/13/1888,,,
hoffg001,"Hoffman","Glenn",04/12/1980,6/22/1998,04/05/1999,
hoffg002,"Hoffman","Guy",07/04/1979,,,
hoffi101,"Hoffman","Izzy",04/14/1904,,,
hoffj003,"Hoffman","Jeff",08/20/2016,,,
hoffj104,"Hoffman","John",07/30/1964,,,
hoffl101,"Hoffman","Larry",07/04/1901,,,
hoffr101,"Hoffman","Ray",08/30/1942,,,
hofft001,"Hoffman","Trevor",04/06/1993,,,
hoffh101,"Hoffman","Sonny",05/10/1879,,,
hoffb101,"Hoffman","Bill",08/13/1939,,,
hoffj001,"Hoffmann","Jamie",05/22/2009,,,
hoffj102,"Hoffmeister","Jesse",07/24/1897,,,
hoffj101,"Hofford","John",09/26/1885,,,
hoffm001,"Hoffpauir","Micah",05/18/2008,,,
hoffj002,"Hoffpauir","Jarrett",07/03/2009,,,
hofms101,"Hofman","Solly",07/28/1903,,,
hofmb101,"Hofman","Bobby",04/19/1949,,04/12/1966,
hofmf101,"Hofmann","Fred",09/26/1919,,04/19/1938,
hogag101,"Hogan","George",04/18/1914,,,
hogah101,"Hogan","Harry",08/13/1901,,,
hogas101,"Hogan","Shanty",06/23/1925,,,
hogak101,"Hogan","Kenny",10/02/1921,,,
hogam101,"Hogan","Marty",08/06/1894,,,
hogam102,"Hogan","Mortimer",09/27/1884,,,08/02/1897
hogae101,"Hogan","Eddie",07/05/1882,,,
hogaw101,"Hogan","Willie",04/12/1911,,,
hoggb102,"Hogg","Brad",09/01/1911,,,
hoggb103,"Hogg","Bert",06/01/1934,,,
hoggb101,"Hogg","Bill",04/25/1905,,,
hogrg101,"Hogriever","George",04/24/1895,,,07/24/1893
hogsc101,"Hogsett","Chief",09/18/1929,,,
hoguc101,"Hogue","Cal",07/15/1952,,,
hogub101,"Hogue","Bobby",04/24/1948,,,
hohmb101,"Hohman","Bill",08/24/1927,,,
hohne101,"Hohnhorst","Eddie",09/10/1910,,,
hoilc001,"Hoiles","Chris",04/25/1989,,,
holab001,"Holaday","Bryan",06/06/2012,,,
holba001,"Holbert","Aaron",04/14/1996,,,
holbr001,"Holbert","Ray",05/02/1994,,,
holbb101,"Holbert","Bill",09/05/1876,07/29/1879,,06/29/1888
holbw101,"Holborow","Wally",09/27/1944,,,
holbs101,"Holbrook","Sammy",04/25/1935,,,
holck101,"Holcombe","Ken",04/27/1945,,,
holdj102,"Holden","Joe",06/14/1934,,,
holdb101,"Holden","Bill",09/11/1913,,,
holdj002,"Holder","Jonathan",09/02/2016,,,
holdd001,"Holdridge","David",08/08/1998,,,
holdf101,"Holdsworth","Fred",07/27/1972,,,
holdj101,"Holdsworth","Jim",05/14/1872,,,
holdj001,"Holdzkom","John",09/02/2014,,,
holkw101,"Holke","Walter",10/06/1914,,04/16/1940,
hollb104,"Hollahan","Bill",09/27/1920,,,
holla001,"Holland","Al",09/05/1977,,,
holld003,"Holland","Derek",04/22/2009,,,
hollg001,"Holland","Greg",08/02/2010,,,
hollm101,"Holland","Mul",05/25/1926,,,
holld101,"Holland","Dutch",08/16/1932,,,
hollw101,"Holland","Will",07/10/1889,,,
hollb105,"Holland","Bill",09/17/1939,,,
hollm003,"Hollands","Mario",04/01/2014,,,
hollt001,"Hollandsworth","Todd",04/25/1995,,,
hollg101,"Holle","Gary",06/02/1979,,,
holle101,"Holley","Ed",05/24/1928,,,
hollb103,"Holliday","Bug",04/17/1889,,,09/20/1888
hollm001,"Holliday","Matt",04/16/2004,,,
hollm002,"Hollimon","Mike",06/09/2008,,,
hollc102,"Holling","Carl",04/19/1921,,,
hollh101,"Hollingshead","Holly",04/20/1872,04/26/1875,,
holla101,"Hollingsworth","Al",04/16/1935,,04/16/1957,
hollb102,"Hollingsworth","Bonnie",05/30/1922,,,
holld002,"Hollins","Damon",04/24/1998,,,
holld001,"Hollins","Dave",04/12/1990,,,
hollj001,"Hollins","Jessie",09/19/1992,,,
hollj103,"Hollison","John",08/13/1892,,,
holls101,"Hollmig","Stan",04/19/1949,,,
hollc101,"Hollocher","Charlie",04/16/1918,,,
hollb101,"Holloman","Bobo",04/18/1953,,,
hollj101,"Holloway","Jim",05/17/1929,,,
hollk101,"Holloway","Ken",08/27/1922,,,
holle102,"Holly","Ed",09/13/1906,,,
hollj102,"Holly","Jeff",05/01/1977,,,
holmw101,"Holm","Wattie",04/15/1924,,,
holms002,"Holm","Steve",04/04/2008,,,
holmb101,"Holm","Billy",09/24/1943,,,
holmb002,"Holman","Brad",07/04/1993,,04/04/2016,
holmb001,"Holman","Brian",06/25/1988,,,
holmg101,"Holman","Gary",06/26/1968,,,
holms101,"Holman","Scott",09/20/1980,,,
holms001,"Holman","Shawn",09/05/1989,,,
holmd002,"Holmberg","David",08/27/2013,,,
holmc001,"Holmes","Clay",04/06/2018,,,
holmd001,"Holmes","Darren",09/01/1990,,04/06/2015,
holmc101,"Holmes","Chick",06/27/1918,,,
holmf101,"Holmes","Fred",08/23/1903,,,
holmd102,"Holmes","Ducky",04/18/1906,,,09/18/1921
holmj101,"Holmes","Jim",09/08/1906,,,
holmd101,"Holmes","Ducky",08/08/1895,,,
holmt101,"Holmes","Tommy",04/14/1942,6/20/1951,,
holsh101,"Holshouser","Herm",04/15/1930,,,
holtb002,"Holt","Brock",09/01/2012,,,
holtc001,"Holt","Chris",09/01/1996,,,
holtr102,"Holt","Red",09/05/1925,,,
holtj101,"Holt","Jim",04/17/1968,,,
holtr101,"Holt","Roger",10/04/1980,,,
holtt001,"Holt","Tyler",07/06/2014,,,
holtv101,"Holtgrave","Vern",09/26/1965,,,
holtb001,"Holton","Brian",09/09/1985,,,
holtm001,"Holtz","Mike",07/11/1996,,,
holtk101,"Holtzman","Ken",09/04/1965,,,
holzm001,"Holzemer","Mark",08/21/1993,,,
honam101,"Honan","Marty",10/03/1890,,,
honer001,"Honeycutt","Rick",08/24/1977,,04/03/2006,
hooda101,"Hood","Abie",07/13/1925,,,
hoodd001,"Hood","Destin",09/02/2016,,,
hoodd101,"Hood","Don",07/16/1973,,,
hoodw102,"Hood","Wally",09/23/1949,,,
hoodw101,"Hood","Wally",04/15/1920,,,
hookc001,"Hook","Chris",04/30/1995,,,
hookj101,"Hook","Jay",09/03/1957,,,
hookb101,"Hooker","Buck",09/05/1902,,,
hooka101,"Hooks","Alex",04/17/1935,,,
hooph101,"Hooper","Harry",04/16/1909,,,
hoopk001,"Hooper","Kevin",07/09/2005,,,
hoopm101,"Hooper","Mike",06/27/1873,,,05/24/1872
hoopb101,"Hooper","Bob",04/19/1950,,,
hootl101,"Hooten","Leon",04/13/1974,,,
hootb001,"Hooton","Burt",06/17/1971,,06/23/2000,
hoovc101,"Hoover","Charlie",10/09/1888,,,
hoovj002,"Hoover","J.J.",04/25/2012,,,
hoovj001,"Hoover","John",05/23/1990,,,
hoovp001,"Hoover","Paul",09/08/2001,,,
hoovd101,"Hoover","Dick",04/16/1952,,,
hoovj101,"Hoover","Joe",04/21/1943,,,
hoovb101,"Hoover","Buster",04/17/1884,,,
hopej001,"Hope","John",08/29/1993,,,
hopes101,"Hope","Sam",08/05/1907,,,
hopkd101,"Hopkins","Don",04/08/1975,,,
hopkg101,"Hopkins","Gail",06/29/1968,,,
hopkb101,"Hopkins","Buck",07/22/1907,,,
hopkm102,"Hopkins","Marty",04/17/1934,,,
hopkm101,"Hopkins","Mike",08/24/1902,,,
hopkp101,"Hopkins","Paul",09/29/1927,,,
hoppj102,"Hopp","Johnny",09/18/1939,,04/13/1954,
hoppl101,"Hopper","Lefty",10/10/1898,,,
hoppj101,"Hopper","Jim",04/21/1946,,,
hoppn001,"Hopper","Norris",08/20/2006,,,
hoppb101,"Hopper","Bill",09/11/1913,,,
horas101,"Horan","Shags",07/14/1924,,,
horaj101,"Horan","Patrick",05/17/1884,,,
horgj001,"Horgan","Joe",06/12/2004,,,
horlj101,"Horlen","Joe",09/04/1961,,,
horns001,"Horn","Sam",07/25/1987,,,
hornt101,"Horne","Trader",04/24/1929,,,
hornb001,"Horner","Bob",06/16/1978,,,
hornj101,"Horner","Jack",05/07/1894,,,
hornr101,"Hornsby","Rogers",09/10/1915,5/31/1925,04/15/1958,
hornm101,"Hornung","Joe",05/01/1879,,,09/23/1892
horsh101,"Horsey","Hanson",04/27/1912,,,
horsv001,"Horsman","Vince",09/05/1991,,,
horsj001,"Horst","Jeremy",05/28/2011,,,
horso101,"Horstmann","Oscar",04/18/1917,,,
hortt101,"Horton","Tony",07/31/1964,,,
horte101,"Horton","Elmer",09/24/1896,,,
hortr001,"Horton","Ricky",04/07/1984,,,
hortw101,"Horton","Willie",09/10/1963,,04/08/1985,
horwb001,"Horwitz","Brian",05/30/2008,,,
hosed001,"Hosey","Dwayne",09/01/1995,,,
hoses001,"Hosey","Steve",08/29/1992,,,
hoskd101,"Hoskins","Dave",04/18/1953,,,
hoskr001,"Hoskins","Rhys",08/10/2017,,,
hoslt101,"Hosley","Tim",09/08/1970,,,
hosme001,"Hosmer","Eric",05/06/2011,,,
hostg101,"Host","Gene",09/16/1956,,,
hostc101,"Hostetler","Chuck",04/19/1944,,,
hostd001,"Hostetler","Dave",09/15/1981,,,
hotap101,"Hotaling","Pete",05/01/1879,,,
hottk101,"Hottman","Ken",09/11/1971,,,
hottt001,"Hottovy","Tommy",06/03/2011,,,
houcb101,"Houck","Byron",05/15/1912,,,
houcs101,"Houck","Sadie",05/01/1879,,,
hougc001,"Hough","Charlie",08/12/1970,,03/31/1998,
houkr101,"Houk","Ralph",04/26/1947,4/11/1961,04/14/1953,
hould001,"Houlton","D.J.",04/09/2005,,,
housc001,"House","Craig",08/06/2000,,,
houst002,"House","TJ",05/17/2014,,,
housf103,"House","Frank",07/21/1950,,,
housj001,"House","J.R.",09/27/2003,,,
housp101,"House","Pat",09/06/1967,,,
houst101,"House","Tom",06/23/1971,,04/08/1985,
housf101,"House","Fred",04/22/1913,,,
housc101,"Householder","Charlie",04/20/1884,,,
housc102,"Householder","Charlie",05/02/1882,,,
house101,"Householder","Ed",04/17/1903,,,
housp001,"Householder","Paul",08/26/1980,,,
housj102,"Houseman","John",09/11/1894,,,
housf102,"Houseman","William",09/02/1886,,,
housa001,"Houser","Adrian",09/26/2015,,,
housb101,"Houser","Ben",05/02/1910,,,
housj002,"Houser","James",06/24/2010,,,
housj101,"Houser","Joe",04/24/1914,,,
housw001,"Housie","Wayne",09/17/1991,,,
houst001,"Houston","Tyler",04/03/1996,,,
houta101,"Houtteman","Art",04/29/1945,,,
houtl101,"Houtz","Lefty",07/23/1899,,,
hovls101,"Hovley","Steve",06/26/1969,,,
hovle101,"Hovlik","Ed",07/14/1918,,,
hovlj101,"Hovlik","Joe",07/10/1909,,,
howab001,"Howard","Ben",04/28/2002,,,
howab101,"Howard","Bruce",09/04/1963,,,
howac002,"Howard","Chris",09/21/1993,,,
howac001,"Howard","Chris",09/15/1991,,,
howad103,"Howard","Dave",05/08/1912,,,
howad001,"Howard","David",04/14/1991,,,
howad101,"Howard","Doug",09/06/1972,,,
howae102,"Howard","Earl",04/18/1918,,,
howae101,"Howard","Elston",04/14/1955,,04/07/1969,
howaf102,"Howard","Frank",09/10/1958,4/9/1981,04/07/1977,
howaf101,"Howard","Fred",05/26/1979,,,
howad102,"Howard","Del",04/15/1905,,,
howai101,"Howard","Ivan",04/25/1914,,,
howal102,"Howard","Larry",08/09/1970,,,
howal101,"Howard","Lee",09/22/1946,,,
howam001,"Howard","Matt",05/17/1996,,,
howam101,"Howard","Mike",09/12/1981,,,
howap101,"Howard","Paul",09/16/1909,,,
howar001,"Howard","Ryan",09/01/2004,,,
howas002,"Howard","Sam",06/10/2018,,,
howas001,"Howard","Steve",06/16/1990,,,
howat001,"Howard","Thomas",07/03/1990,,,
howaw101,"Howard","Wilbur",09/04/1973,,,
howaj101,"Howarth","Jim",09/05/1971,,,
howea001,"Howe","Art",07/10/1974,4/4/1989,04/08/1985,
howec101,"Howe","Cal",09/26/1952,,,
howes101,"Howe","Shorty",06/17/1890,,,07/03/1890
howel101,"Howe","Les",08/18/1923,,,
howes001,"Howe","Steve",04/11/1980,,,
howeh101,"Howell","Harry",10/10/1898,,,09/10/1904
howed102,"Howell","Dixie",05/06/1947,,,
howej002,"Howell","Jack",05/20/1985,,05/08/2009,
howej003,"Howell","J.P.",06/11/2005,,,
howej001,"Howell","Jay",08/10/1980,,,
howek001,"Howell","Ken",06/25/1984,,03/31/2008,
howed101,"Howell","Dixie",09/14/1940,,,
hower102,"Howell","Red",04/24/1941,,,
howep001,"Howell","Pat",07/10/1992,,,
hower101,"Howell","Roland",06/14/1912,,,
hower001,"Howell","Roy",09/09/1974,,,
howeb101,"Howerton","Bill",09/11/1949,,,
howid001,"Howitt","Dann",09/15/1989,,,
howld101,"Howley","Dan",05/15/1913,4/15/1927,04/25/1919,07/23/1922
howrb001,"Howry","Bob",06/21/1998,,,
howsd101,"Howser","Dick",04/11/1961,7/24/1978,04/07/1969,
hoy-p001,"Hoy","Peter",04/11/1992,,,
hoy-d101,"Hoy","Dummy",04/20/1888,,,
hoyij001,"Hoying","Jared",05/23/2016,,,
hoylt101,"Hoyle","Tex",04/18/1952,,,
hoytl001,"Hoyt","LaMarr",09/14/1979,,,
hoytj001,"Hoyt","James",08/03/2016,,,
hoytw101,"Hoyt","Waite",07/24/1918,,,
hraba101,"Hrabosky","Al",06/16/1970,,,
hrbek001,"Hrbek","Kent",08/24/1981,,,
hrinw101,"Hriniak","Walt",09/10/1968,,04/10/1974,
hu--c002,"Hu","Chih-Wei",04/24/2017,,,
hu--c001,"Hu","Chin-lung",09/01/2007,,,
hubba101,"Hubbard","Al",09/13/1883,,,
hubbg001,"Hubbard","Glenn",07/14/1978,,04/05/1999,
hubbm001,"Hubbard","Mike",07/13/1995,,,
hubbt001,"Hubbard","Trent",07/07/1994,,,
hubbc101,"Hubbell","Carl",07/26/1928,,,
hubbb101,"Hubbell","Bill",09/24/1919,,,
hubbk101,"Hubbs","Ken",09/10/1961,,,
hubec101,"Huber","Clarence",09/17/1920,,,
hubej002,"Huber","Jon",08/30/2006,,,
hubej001,"Huber","Justin",06/21/2005,,,
hubeo101,"Huber","Otto",06/10/1939,,,
huckk001,"Huckaby","Ken",10/06/2001,,,
hucke101,"Huckleberry","Earl",09/13/1935,,,
hudej001,"Hudek","John",04/23/1994,,,
hudgd101,"Hudgens","Dave",09/04/1983,,04/05/1999,
hudgj101,"Hudgens","Jimmy",09/14/1923,,,
hudlr001,"Hudler","Rex",09/09/1984,,,
hudlw101,"Hudlin","Willis",08/15/1926,,04/16/1957,
hudsc101,"Hudson","Charlie",05/21/1972,,,
hudsc001,"Hudson","Charles",05/31/1983,,,
hudsd002,"Hudson","Dakota",07/28/2018,,,
hudsd001,"Hudson","Daniel",09/04/2009,,,
hudsh101,"Hudson","Hal",04/20/1952,,,
hudsj102,"Hudson","Jesse",09/19/1969,,,
hudsj101,"Hudson","Johnny",06/20/1936,,,
hudsj001,"Hudson","Joe",06/10/1995,,,
hudsj002,"Hudson","Joe",09/08/2018,,,
hudsk001,"Hudson","Kyle",09/04/2011,,,
hudsl001,"Hudson","Luke",07/01/2002,,,
hudsn101,"Hudson","Nat",04/18/1886,,,
hudso001,"Hudson","Orlando",07/24/2002,,,
hudsr101,"Hudson","Rex",07/27/1974,,,
hudss101,"Hudson","Sid",04/18/1940,,04/10/1961,
hudst001,"Hudson","Tim",06/08/1999,,,
huelf101,"Huelsman","Frank",10/03/1897,,,
huena101,"Huenke","Al",10/06/1914,,,
huffa001,"Huff","Aubrey",08/02/2000,,,
huffd001,"Huff","David",05/17/2009,,,
huffm001,"Huff","Mike",08/07/1989,,,
huffb101,"Huffman","Bennie",04/23/1937,,,
huffc001,"Huffman","Chad",06/13/2010,,,
huffp001,"Huffman","Phil",04/10/1979,,,
hug-e101,"Hug","Ed",07/06/1903,,,
huggm101,"Huggins","Miller",04/15/1904,4/12/1913,,
hughd001,"Hughes","Dusty",09/06/2009,,,
hughe101,"Hughes","Ed",08/29/1902,,,
hughj105,"Hughes","Jay",04/18/1898,,,
hughj104,"Hughes","Jim",09/14/1974,,,
hughj103,"Hughes","Jim",09/13/1952,,,
hughr001,"Hughes","Rhyne",04/24/2010,,,
hughj101,"Hughes","Joe",08/30/1902,,,
hughk001,"Hughes","Keith",05/19/1987,,,
hughl001,"Hughes","Luke",04/28/2010,,,
hughm101,"Hughes","Mickey",04/22/1888,,,
hughp001,"Hughes","Phil",04/26/2007,,,
hughd101,"Hughes","Dick",09/11/1966,,,
hughb001,"Hughes","Bobby",04/02/1998,,,
hughr101,"Hughes","Roy",04/16/1935,,,
hught106,"Hughes","Terry",09/02/1970,,,
hught105,"Hughes","Tom",09/13/1959,,,
hught104,"Hughes","Tom",09/09/1930,,,
hught103,"Hughes","Tom",09/07/1900,,,
hught107,"Hughes","Tom",09/18/1906,,,
hught101,"Hughes","Tommy",04/19/1941,,,
hught001,"Hughes","Travis",09/26/2004,,,
hughv101,"Hughes","Vern",07/06/1914,,,
hughj001,"Hughes","Jared",09/07/2011,,,
hughb102,"Hughes","Bill",09/15/1921,,,
hughb101,"Hughes","Bill",09/28/1884,,,
hughj102,"Hughey","Jim",09/29/1891,,,
hught102,"Hughson","Tex",04/16/1941,,,
huhne101,"Huhn","Emil",04/10/1915,,,
huisj001,"Huisman","Justin",04/25/2004,,,
huisr001,"Huisman","Rick",09/04/1995,,,
huism001,"Huismann","Mark",08/16/1983,,,
huleb101,"Hulen","Billy",05/02/1896,,,
hulet002,"Hulett","Tug",07/12/2008,,,
hulet001,"Hulett","Tim",09/15/1983,,,
hulih101,"Hulihan","Harry",08/16/1922,,,
hulle001,"Hull","Eric",07/24/2007,,,
hulsd001,"Hulse","David",08/11/1992,,,
hulsr101,"Hulswitt","Rudy",06/16/1899,,04/14/1931,
hulvh101,"Hulvey","Hank",09/05/1923,,,
humbp001,"Humber","Philip",09/24/2006,,,
humet001,"Hume","Tom",05/25/1977,,04/02/1996,
hummj101,"Hummel","John",09/12/1905,,,
hummt001,"Hummel","Tim",08/26/2003,,,
humpa101,"Humphrey","Al",09/01/1911,,,
humpb103,"Humphrey","Byron",04/24/1938,,,
humpt101,"Humphrey","Terry",09/05/1971,,,
humpm001,"Humphreys","Mike",07/29/1991,,,
humpb102,"Humphreys","Bob",09/08/1962,,,
humpb101,"Humphries","Bert",04/16/1910,,,
humpj102,"Humphries","John",07/07/1883,,,
humpj101,"Humphries","Johnny",05/08/1938,,,
hundr101,"Hundley","Randy",09/27/1964,,04/07/1977,
hundn001,"Hundley","Nick",07/04/2008,,,
hundt001,"Hundley","Todd",05/18/1990,,,
hungb101,"Hungling","Bernie",04/14/1922,,,
hunnb101,"Hunnefield","Bill",04/17/1926,,,
huntb101,"Hunt","Ben",08/24/1910,,,
huntr001,"Hunt","Randy",06/04/1985,,,
huntk102,"Hunt","Ken",09/10/1959,,,
huntk101,"Hunt","Ken",04/16/1961,,,
huntj102,"Hunt","Joel",04/27/1931,,,
huntd101,"Hunt","Dick",05/07/1872,,,
huntr101,"Hunt","Ron",04/16/1963,,,
huntb002,"Hunter","Brian",06/27/1994,,,
huntb001,"Hunter","Brian",05/31/1991,,,
huntc001,"Hunter","Cedric",03/31/2011,,,
hunte101,"Hunter","Eddie",08/05/1933,,,
huntn101,"Hunter","Newt",04/12/1911,,04/14/1920,
huntg101,"Hunter","George",05/04/1909,,,
huntb105,"Hunter","Billy",04/14/1953,6/28/1977,04/14/1964,
huntb104,"Hunter","Buddy",07/01/1971,,,
hunth101,"Hunter","Herb",04/29/1916,,,
huntj101,"Hunter","Catfish",05/13/1965,,,
huntj001,"Hunter","Jim",05/17/1991,,,
huntt002,"Hunter","Tommy",08/01/2008,,,
huntr002,"Hunter","Rich",04/06/1996,,,
huntl101,"Hunter","Lem",09/01/1883,,,
huntt001,"Hunter","Torii",08/22/1997,,,
huntw102,"Hunter","Willard",04/16/1962,,,
huntb103,"Hunter","Bill",08/06/1912,,,
huntb102,"Hunter","Bill",05/02/1884,,,
hunts101,"Huntz","Steve",09/19/1967,,,
huntw101,"Huntzinger","Walt",09/29/1923,,,
huppd001,"Huppert","Dave",09/15/1983,,04/04/2005,
hurdt101,"Hurd","Tom",07/30/1954,,,
hurdc001,"Hurdle","Clint",09/18/1977,4/26/2002,04/01/1997,
hurle001,"Hurley","Eric",06/12/2008,,,
hurlj101,"Hurley","Jerry",09/23/1901,,,
hurlj102,"Hurley","Jerry",05/01/1889,,,
hurld101,"Hurley","Dick",04/18/1872,,,
hursj004,"Hursh","Jason",08/13/2016,,,
hursb001,"Hurst","Bruce",04/12/1980,,,
hursd101,"Hurst","Don",05/13/1928,,,
hursj002,"Hurst","James",04/04/1994,,,
hursj003,"Hurst","Jimmy",09/10/1997,,,
hursj001,"Hurst","Jonathan",06/09/1992,,,
hursb002,"Hurst","Bill",09/18/1996,,,
hurte001,"Hurtado","Edwin",05/22/1995,,,
huskb001,"Huskey","Butch",09/08/1993,,,
husoj001,"Huson","Jeff",09/02/1988,,,
hustc101,"Husta","Carl",09/24/1925,,,
hustb102,"Husted","Bill",04/29/1890,,,
hustb101,"Husting","Bert",08/16/1900,,,
husth101,"Huston","Harry",09/03/1906,,,
hustw101,"Huston","Warren",06/24/1937,,,
hutcj102,"Hutcheson","Joe",07/08/1933,,,
hutcj101,"Hutchings","Johnny",04/26/1940,,,
hutcc001,"Hutchinson","Chad",04/04/2001,,,
hutce101,"Hutchinson","Ed",06/17/1890,,,
hutcf101,"Hutchinson","Fred",05/02/1939,7/5/1952,,
hutci101,"Hutchinson","Ira",09/24/1933,,,
hutcb101,"Hutchinson","Bill",06/10/1884,,,
hutcd001,"Hutchison","Drew",04/21/2012,,,
hutsh101,"Hutson","Herb",04/10/1974,,,
hutsr101,"Hutson","Roy",09/20/1925,,,
huttj101,"Hutto","Jim",04/17/1970,,,
huttm001,"Hutton","Mark",07/23/1993,,,
huttt101,"Hutton","Tom",09/16/1966,,,
hwanj001,"Hwang","Jae-Gyun",06/28/2017,,,
hyath101,"Hyatt","Ham",04/15/1909,,,08/20/1912
hyded101,"Hyde","Dick",04/23/1955,,,
hyert001,"Hyers","Tim",04/04/1994,,04/04/2016,
hyndj101,"Hyndman","William",07/23/1886,,,
hynec001,"Hynes","Colt",07/14/2013,,,
hynep101,"Hynes","Pat",09/27/1903,,,
hyzda001,"Hyzdu","Adam",09/08/2000,,,
