ID,Last,First,Play debut,Mgr debut,Coach debut,Ump debut
daalo001,"Daal","Omar",04/23/1993,,,
dacqj101,"D'Acquisto","John",09/02/1973,,,
dadep101,"Dade","Paul",09/12/1975,,,
dagej101,"Dagenhard","John",09/28/1943,,,
daglp101,"Daglia","Pete",06/08/1932,,,
dagra101,"Dagres","Angelo",09/11/1955,,,
dahld001,"Dahl","David",07/25/2016,,,
dahlj102,"Dahl","Jay",09/27/1963,,,
dahlb102,"Dahlen","Bill",04/22/1891,4/14/1910,,
dahlb101,"Dahlgren","Babe",04/16/1935,,04/14/1964,
dahlj101,"Dahlke","Jerry",05/06/1956,,,
daigc001,"Daigle","Casey",04/09/2004,,,
dailj101,"Dailey","John",04/29/1875,,,05/20/1882
dails101,"Dailey","Sam",07/04/1929,,,
dailv101,"Dailey","Vince",04/21/1890,,,
dailb101,"Dailey","Bill",08/17/1961,,,
dailc101,"Daily","Con",05/06/1885,,,06/17/1890
daile101,"Daily","Ed",05/04/1885,,,
dailh101,"Daily","Hugh",05/01/1882,,,
daisg101,"Daisy","George",05/31/1884,,,
dalcb101,"Dal Canton","Bruce",09/03/1967,,04/07/1987,
daleg101,"Dale","Gene",09/19/1911,,,
dalec001,"Dale","Carl",09/07/1999,,,
dalep001,"Dalena","Pete",07/07/1989,,,
dalem001,"Dalesandro","Mark",06/06/1994,,,
dalej102,"Daley","John",07/19/1912,,,
dalej101,"Daley","Jud",09/19/1911,,,
daleb102,"Daley","Bud",09/10/1955,,,
dalem002,"Daley","Matt",04/25/2009,,,
dalep101,"Daley","Pete",05/03/1955,,,
dalet101,"Daley","Tom",08/29/1908,,,
daleb101,"Daley","Bill",07/17/1889,,,
dalld101,"Dallessandro","Dom",04/24/1937,,,
dallb001,"Dallimore","Brian",04/29/2004,,,
dalra101,"Dalrymple","Abner",05/01/1878,,,
dalrc101,"Dalrymple","Clay",04/24/1960,,,
dalrb101,"Dalrymple","Bill",07/06/1915,,,
daltm001,"Dalton","Mike",05/31/1991,,,
daltj101,"Dalton","Jack",06/20/1910,,,
dalyb101,"Daly","Bert",08/07/1903,,,
dalyg101,"Daly","George",09/26/1909,,,
dalys101,"Daly","Sun",09/30/1892,,,
dalyj101,"Daly","Joe",09/19/1890,,,
dalyt102,"Daly","Tom",09/23/1913,,04/13/1933,
dalyt101,"Daly","Tom",06/09/1884,,04/14/1914,10/05/1901
dam-b101,"Dam","Bill",08/23/1909,,,
damaj101,"Damaska","Jack",07/03/1963,,,
damij001,"D'Amico","Jeff",06/28/1996,,,
damij002,"D'Amico","Jeff",06/03/2000,,,
dammb101,"Dammann","Bill",04/24/1897,,,
damoj001,"Damon","Johnny",08/12/1995,,,
damrh101,"Damrau","Harry",09/17/1915,,,
danep001,"Daneker","Pat",07/02/1999,,,
danea101,"Daney","Art",05/25/1928,,,
danfd101,"Danforth","Dave",08/01/1911,,,
danic102,"Daniel","Chuck",09/21/1957,,,
danij101,"Daniel","Jake",07/24/1937,,,
danib102,"Daniels","Bennie",09/24/1957,,,
danib101,"Daniels","Bert",06/25/1910,,,
danic101,"Daniels","Charlie",04/18/1884,,,
danit101,"Daniels","Tony",06/12/1945,,,
danij102,"Daniels","Jack",04/18/1952,,,
danik001,"Daniels","Kal",04/09/1986,,,
danil101,"Daniels","Law",04/25/1887,,,06/14/1887
danip101,"Daniels","Pete",04/19/1890,,,
danit001,"Danish","Tyler",06/11/2016,,,
dankj001,"Danks","John",04/08/2007,,,
dankj002,"Danks","Jordan",06/07/2012,,,
dannb101,"Danner","Buck",09/17/1915,,,
dannh101,"Danning","Harry",07/30/1933,,,
danni101,"Danning","Ike",09/21/1928,,,
dantj001,"D'Antona","Jamie",07/22/2008,,,
dantf101,"Dantonio","Fats",09/18/1944,,,
danzb101,"Danzig","Babe",04/12/1909,,,
dappc101,"Dapper","Cliff",04/19/1942,,,
darbg101,"Darby","George",04/28/1893,,,
darcp101,"Darcy","Pat",09/12/1974,,,
dorsj102,"d'Arcy","Jerry",09/23/1911,,,
darev001,"Darensbourg","Vic",04/01/1998,,,
daric101,"Daringer","Cliff",04/20/1914,,,
darir101,"Daringer","Rolla",09/19/1914,,,
darka101,"Dark","Al",07/14/1946,4/11/1961,04/12/1965,
darld101,"Darling","Dell",07/03/1883,,,07/09/1887
darlr001,"Darling","Ron",09/06/1983,,,
darnc001,"d'Arnaud","Chase",06/24/2011,,,
darnt001,"d'Arnaud","Travis",08/17/2013,,,
darnj001,"Darnell","James",08/09/2011,,,
darnl001,"Darnell","Logan",05/06/2014,,,
darnb101,"Darnell","Bob",08/10/1954,,,
darrm001,"Darr","Mike",05/23/1999,,,
darrm101,"Darr","Mike",09/06/1977,,,
darrj101,"Darragh","Jack",05/13/1891,,,
darrg101,"Darrow","George",04/22/1934,,,
darvy001,"Darvish","Yu",04/09/2012,,,
darwb101,"Darwin","Bobby",09/30/1962,,,
darwd001,"Darwin","Danny",09/08/1978,,04/18/2018,
darwj001,"Darwin","Jeff",06/13/1994,,,
dascd001,"Dascenzo","Doug",09/02/1988,,04/01/2013,
dashw101,"Dashiell","Wally",04/20/1924,,,
dashl101,"Dashner","Lee",08/04/1913,,,
dassf101,"Dasso","Frank",04/22/1945,,,
datzj001,"Datz","Jeff",09/05/1989,,03/31/2002,
daubd101,"Daub","Dan",08/31/1892,,,
daubb001,"Daubach","Brian",09/10/1998,,,
daubh101,"Daubert","Harry",09/04/1915,,,
daubj101,"Daubert","Jake",04/14/1910,,,
dauer001,"Dauer","Rich",09/11/1976,,04/12/1990,
daugd101,"Daugherty","Doc",04/22/1951,,,
daugj001,"Daugherty","Jack",09/01/1987,,,
daugb101,"Daughters","Bob",04/24/1937,,,
dauld001,"Daulton","Darren",09/25/1983,,04/18/2001,
daush101,"Dauss","Hooks",09/28/1912,,,
davay101,"Davalillo","Yo-Yo",08/01/1953,,,
davav101,"Davalillo","Vic",04/09/1963,,,
davaj101,"DaVanon","Jerry",04/11/1969,,,
davaj001,"DaVanon","Jeff",09/07/1999,,,
davec101,"Davenport","Claude",10/02/1920,,,
daved101,"Davenport","Dave",04/17/1914,,,
davej101,"Davenport","Jim",04/15/1958,4/9/1985,04/07/1970,
davej001,"Davenport","Joe",07/20/1999,,,
davel101,"Davenport","Lum",05/03/1921,,,
davem101,"Davey","Mike",08/13/1977,,,
davet001,"Davey","Tom",04/06/1999,,,
davir101,"Daviault","Ray",04/13/1962,,,
davia001,"David","Andre",06/29/1984,,05/30/2005,
davic102,"Davidson","Claude",04/25/1918,,,
davic002,"Davidson","Cleatus",05/30/1999,,,
david004,"Davidson","Daniel",04/19/2009,,,
david003,"Davidson","Dave",09/06/2007,,,
davih102,"Davidson","Homer",04/25/1908,,,
davim003,"Davidson","Mark",06/20/1986,,,
davim005,"Davidson","Matt",08/11/2013,,,
davib002,"Davidson","Bob",07/15/1989,,,
davit102,"Davidson","Ted",07/24/1965,,,
davib107,"Davidson","Bill",09/29/1909,,,
davij105,"Davie","Jerry",04/14/1959,,,
davig101,"Davies","George",08/18/1891,,,
davik002,"Davies","Kyle",05/21/2005,,,
davic104,"Davies","Chick",07/11/1914,,,
daviz001,"Davies","Zach",09/02/2015,,,
davil101,"Davis","Lefty",04/18/1901,,,
davia002,"Davis","Alvin",04/11/1984,,,
davib106,"Davis","Bill",09/16/1965,,,
davia003,"Davis","Austin",06/20/2018,,,
davib005,"Davis","Blake",06/22/2011,,,
davib004,"Davis","Brad",07/21/2010,,,
davib105,"Davis","Brock",04/09/1963,,,
davic001,"Davis","Chili",04/10/1981,,03/28/2012,
davic003,"Davis","Chris",06/26/2008,,,
davic103,"Davis","Curt",04/21/1934,,,
david002,"Davis","Doug",08/09/1999,,,
david001,"Davis","Doug",07/08/1988,,03/31/2003,
davie001,"Davis","Eric",05/19/1984,,,
davie002,"Davis","Erik",06/02/2013,,,
david102,"Davis","Dixie",07/12/1912,,,
davii103,"Davis","Iron",07/16/1912,,,
davis001,"Davis","Storm",04/29/1982,,,
davig102,"Davis","George",04/19/1890,04/18/1895,,
davik101,"Davis","Kiddo",06/05/1926,,,
davig002,"Davis","Gerry",09/20/1983,,,
davig001,"Davis","Glenn",09/02/1984,,,
davih103,"Davis","Harry",04/13/1932,,,
davih101,"Davis","Harry",09/21/1895,4/11/1912,,09/29/1903
davit103,"Davis","Tommy",09/22/1959,,04/09/1981,
davii001,"Davis","Ike",04/19/2010,,,
davii102,"Davis","Ike",04/23/1919,,,
davij104,"Davis","Jacke",04/19/1962,,,
davij103,"Davis","Jim",04/18/1954,,,
davii101,"Davis","Ira",04/22/1899,,,
davij101,"Davis","Jumbo",07/27/1884,,,04/10/1891
davij005,"Davis","Jason",09/09/2002,,,
davij004,"Davis","J.J.",09/04/2002,,,
davij001,"Davis","Jody",04/21/1981,,,
davij002,"Davis","Joel",08/11/1985,,,
david103,"Davis","Daisy",05/06/1884,,,
davij102,"Davis","John",09/09/1941,,,
davij003,"Davis","John",07/24/1987,,,
davib104,"Davis","Bud",04/19/1915,,,
davil001,"Davis","Lance",06/16/2001,,,
davij006,"Davis","J.D.",08/05/2017,,,
davij007,"Davis","Jonathan",09/05/2018,,,
davik001,"Davis","Kane",06/12/2000,,,
davik003,"Davis","Khris",04/01/2013,,,
davic101,"Davis","Crash",06/05/1940,,,
davim004,"Davis","Mark",07/02/1991,,,
davib003,"Davis","Ben",09/25/1998,,,
davim001,"Davis","Mark",09/12/1980,,03/31/2003,
davim002,"Davis","Mike",04/10/1980,,,
davio101,"Davis","Odie",09/03/1980,,,
davio102,"Davis","Otis",04/22/1946,,,
davir003,"Davis","Rajai",08/14/2006,,,
david101,"Davis","Dick",07/12/1977,,,
davib103,"Davis","Brandy",04/15/1952,,04/15/1972,
davib102,"Davis","Bob",07/26/1958,,,
davib101,"Davis","Bob",04/06/1973,,,
davir102,"Davis","Ron",08/01/1962,,,
davir001,"Davis","Ron",07/29/1978,,,
davip101,"Davis","Peaches",07/11/1936,,,
davir002,"Davis","Russ",07/06/1994,,,
davis002,"Davis","Steve",08/25/1985,,,
davis102,"Davis","Steve",09/23/1979,,,
davit004,"Davis","Taylor",09/08/2017,,,
davit003,"Davis","Tommy",05/14/1999,,,
davit101,"Davis","Tod",04/27/1949,,,
davit002,"Davis","Tim",04/04/1994,,,
davit001,"Davis","Trench",06/04/1985,,,
davis101,"Davis","Spud",04/30/1928,9/28/1946,04/15/1941,
daviw001,"Davis","Wade",09/06/2009,,,
davib001,"Davis","Butch",08/23/1983,,04/06/2015,
daviw103,"Davis","Wiley",04/18/1896,,,
daviw102,"Davis","Willie",09/08/1960,,,
davir004,"Davis","Rookie",04/06/2017,,,
daviw101,"Davis","Woody",05/02/1938,,,
davim101,"Davison","Mike",10/01/1969,,,
davis003,"Davison","Scott",09/04/1995,,,
dawkt001,"Dawkins","Travis",09/03/1999,,,
dawlj001,"Dawley","Joey",09/29/2002,,,
dawlb001,"Dawley","Bill",04/15/1983,,,
dawsa001,"Dawson","Andre",09/11/1976,,,
dawsj101,"Dawson","Joe",07/04/1924,,,
dawsr101,"Dawson","Rex",10/03/1913,,,
day-d001,"Day","Dewon",05/28/2007,,,
day-b102,"Day","Boots",06/15/1969,,,
day-c101,"Day","Pea Ridge",09/19/1924,,,
day-z001,"Day","Zach",06/15/2002,,,
day-b101,"Day","Bill",08/20/1889,,,
dayeb001,"Dayett","Brian",09/11/1983,,,
daylk001,"Dayley","Ken",05/13/1982,,,
daytg001,"Dayton","Grant",07/22/2016,,,
deaza001,"de Aza","Alejandro",04/02/2007,,,
decay001,"de Caster","Yurendell",05/21/2006,,,
defrj001,"De Fratus","Justin",09/18/2011,,,
dejei001,"De Jesus","Ivan",09/13/1974,,04/05/2010,
dejei002,"De Jesus","Ivan",04/01/2011,,,
dejej001,"De Jesus","Jose",09/09/1988,,,
dejoc001,"De Jong","Chase",04/05/2017,,,
dejoj001,"De Jong","Jordan",06/06/2007,,,
delae001,"de la Cruz","Eulogio",06/18/2007,,,
delaj003,"de la Cruz","Joel",06/29/2016,,,
delat102,"de la Cruz","Tommy",04/20/1944,,,
delam101,"de la Hoz","Mike",07/22/1960,,,
delad001,"de la Rosa","Dane",07/20/2011,,,
delae002,"de la Rosa","Eury",07/14/2013,,,
delaf001,"de la Rosa","Francisco",09/07/1991,,,
delaj101,"de la Rosa","Jesus",08/02/1975,,,
delaj001,"de la Rosa","Jorge",08/14/2004,,,
delar003,"de la Rosa","Rubby",05/24/2011,,,
delat001,"de la Rosa","Tomas",07/17/2000,,,
delaj002,"de la Torre","Jose",05/12/2013,,,
delej002,"de Leon","Jorge",08/09/2013,,,
delej003,"De Leon","Jose",09/04/2016,,,
deloa001,"de los Santos","Abel",07/21/2015,,,
deloe001,"De Los Santos","Enyel",07/10/2018,,,
delof001,"de los Santos","Fautino",06/04/2011,,,
delol002,"de los Santos","Luis",07/20/2002,,,
delol001,"de los Santos","Luis",09/07/1988,,,
delor101,"de los Santos","Ramon",08/21/1974,,,
delov001,"de los Santos","Valerio",07/31/1998,,,
depaj002,"de Paula","Jorge",09/05/2003,,,
depaj004,"De Paula","Jose",06/21/2015,,,
devrc001,"De Vries","Cole",05/24/2012,,,
deagr101,"Deagle","Ren",05/17/1883,,,
deagr001,"Deago","Roger",05/10/2003,,,
dealc102,"Deal","Charlie",07/17/1912,,,
dealc101,"Deal","Cot",09/11/1947,,04/09/1959,
deall101,"Deal","Lindsay",09/13/1939,,,
deals101,"Deal","Snake",07/09/1906,,,
dealp101,"Dealy","Pat",09/30/1884,,,08/20/1886
deanc101,"Dean","Chubby",04/14/1936,,,
deana001,"Dean","Austin",08/15/2018,,,
deand101,"Dean","Dory",06/22/1876,,,
deanh102,"Dean","Harry",04/16/1941,,,
deand102,"Dean","Dizzy",09/28/1930,,04/15/1941,
deanp001,"Dean","Pat",05/11/2016,,,
deanp101,"Dean","Paul",04/18/1934,,,
deant101,"Dean","Tommy",09/17/1967,,,
deanw101,"Dean","Wayland",04/17/1924,,,
deanh101,"Deane","Harry",07/12/1871,07/26/1871,,08/29/1871
dearb101,"Dear","Buddy",09/09/1927,,,
dearc101,"DeArmond","Charlie",09/19/1903,,,
deasj101,"Deasley","John",06/17/1884,,,
deasp101,"Deasley","Pat",05/18/1881,,,
debad101,"DeBarr","Dennis",05/14/1977,,,
debeh101,"DeBerry","Hank",09/12/1916,,,
debej101,"DeBerry","Joe",08/24/1920,,,
debua101,"DeBus","Adam",07/14/1917,,,
debud101,"DeBusschere","Dave",04/22/1962,,,
decaa101,"Decatur","Art",04/15/1922,,,
decid001,"DeCinces","Doug",09/09/1973,,,
deckc001,"Decker","Cody",09/14/2015,,,
deckm101,"Decker","Marty",09/20/1983,,,
deckh101,"Decker","Harry",08/23/1884,,,
deckf101,"Decker","Frank",06/25/1879,,,
deckg101,"Decker","George",07/11/1892,,,
deckj101,"Decker","Joe",09/18/1969,,,
deckj001,"Decker","Jaff",06/20/2013,,,
decks001,"Decker","Steve",09/18/1990,,04/04/2016,
dedea101,"Dede","Artie",10/04/1916,,,
deder101,"Dedeaux","Rod",09/28/1935,,,
dedmj001,"Dedmon","Jeff",09/02/1983,,,
dedrj001,"Dedrick","Jim",08/12/1995,,,
dedus001,"Deduno","Samuel",08/27/2010,,,
dee-j101,"Dee","Jim",07/30/1884,,,
dee-s101,"Dee","Shorty",09/14/1915,,,
deegd101,"Deegan","Dummy",08/03/1901,,,
deerr001,"Deer","Rob",09/04/1984,,04/01/2013,
deerj101,"Deering","John",05/12/1903,,,
deesc101,"Dees","Charlie",05/26/1963,,,
deetd001,"Deetz","Dean",09/05/2018,,,
defat101,"DeFate","Tony",04/18/1917,,,
defra101,"DeFreites","Arturo",09/07/1978,,,
degem101,"DeGerick","Mike",09/04/1961,,,
degrr101,"DeGroff","Rube",09/22/1905,,,
degrj001,"deGrom","Jacob",05/15/2014,,,
dehak001,"DeHaan","Kory",04/25/2000,,,
dehar001,"DeHart","Rick",07/16/1997,,,
dehlh101,"Dehlman","Herman",05/02/1872,,,07/23/1873
deidj101,"Deidel","Jim",05/31/1974,,,
deinp101,"Deininger","Pep",04/26/1902,,,
deisp101,"Deisel","Pat",08/21/1902,,,
deitb101,"Deitrick","Bill",09/19/1927,,,
dejam101,"Dejan","Mike",07/13/1940,,,
dejem001,"DeJean","Mike",05/02/1997,,,
dejed001,"DeJesus","David",09/02/2003,,,
dejom101,"DeJohn","Mark",04/28/1982,,04/01/1996,
dejop001,"DeJong","Paul",05/28/2017,,,
dekob101,"DeKoning","Bill",05/27/1945,,,
delgb101,"Del Greco","Bobby",04/16/1952,,,
delre001,"Del Rosario","Enerio",05/24/2010,,,
rosaf001,"Del Rosario","Francisco",05/06/2006,,,
delsg101,"Del Savio","Garton",04/24/1943,,,
deltm001,"Del Toro","Miguel",04/06/1999,,,
delas001,"Delabar","Steve",09/11/2011,,,
delae101,"Delahanty","Ed",05/22/1888,,,
delaf101,"Delahanty","Frank",08/23/1905,,,
delaj103,"Delahanty","Jim",04/19/1901,,,
delaj102,"Delahanty","Joe",09/30/1907,,,
delat101,"Delahanty","Tom",09/29/1894,,,
delar001,"DeLaMaza","Roland",09/26/1997,,,
delab102,"DeLancey","Bill",09/11/1932,,,
delaa101,"Delaney","Art",04/16/1924,,,
delar002,"Delaney","Rob",09/04/2010,,,
delab101,"Delaney","Bill",08/21/1890,,,
delcm001,"Delcarmen","Manny",07/26/2005,,,
delej001,"DeLeon","Jose",07/23/1983,,,
delel001,"DeLeon","Luis",09/06/1981,,,
delga001,"Delgado","Alex",04/04/1996,,,
delgc001,"Delgado","Carlos",10/01/1993,,,
delgj001,"Delgado","Jesus",09/17/2008,,,
delgp101,"Delgado","Puchy",09/06/1977,,,
delgr001,"Delgado","Randall",06/17/2011,,,
delgw001,"Delgado","Wilson",09/24/1996,,,
delhf101,"Delhi","Flame",04/16/1912,,,
delij101,"Delis","Juan",04/16/1955,,,
delke101,"Delker","Eddie",04/28/1929,,,
dellw101,"Dell","Wheezer",04/22/1912,,,
dellj001,"Dellaero","Jason",09/07/1999,,,
delld001,"Dellucci","David",06/03/1997,,,
delmb101,"Delmas","Bert",09/10/1933,,,
delmn001,"Delmonico","Nicky",08/01/2017,,,
deloi101,"Delock","Ike",04/17/1952,,,
delsj101,"Delsing","Jim",04/21/1948,,,
delur001,"DeLucia","Rich",09/08/1990,,,
demaj101,"DeMaestri","Joe",04/19/1951,,,
demaf101,"Demarais","Fred",07/26/1890,,,
demaa101,"Demaree","Al",09/26/1912,,,
demaf102,"Demaree","Frank",07/22/1932,,,
demac001,"Demaria","Chris",09/09/2005,,,
demab101,"DeMars","Billy",05/18/1948,,04/08/1969,
demes001,"Demel","Sam",06/16/2010,,,
demej101,"DeMerit","John",06/18/1957,,,
demel101,"Demery","Larry",06/02/1974,,,
demed101,"Demeter","Don",09/18/1956,,,
demes101,"Demeter","Steve",07/29/1959,,04/09/1985,
demih101,"DeMiller","Harry",08/20/1892,,,
demmr101,"Demmitt","Ray",04/12/1909,,,
demod101,"DeMola","Don",04/13/1974,,,
demog101,"DeMontreville","Gene",08/20/1894,,,
demol101,"DeMontreville","Lee",07/10/1903,,,
demob101,"DeMott","Ben",08/12/1910,,,
dempc101,"Dempsey","Con",04/28/1951,,,
dempr001,"Dempsey","Rick",09/23/1969,,04/05/1999,
dempm101,"Dempsey","Mark",09/04/1982,,,
dempr002,"Dempster","Ryan",05/23/1998,,,
dendm001,"den Dekker","Matt",08/29/2013,,,
deneb101,"Denehy","Bill",04/16/1967,,,
denkt001,"Denker","Travis",05/21/2008,,,
denmb101,"Denman","Brian",08/22/1982,,,
dennt101,"Dennehey","Tod",04/21/1923,,,
dennk001,"Denney","Kyle",09/14/2004,,,
dennr001,"Dennick","Ryan",09/02/2014,,,
denno101,"Denning","Otto",04/15/1942,,,
dennd101,"Dennis","Don",06/18/1965,,,
dennj101,"Denny","Jerry",05/02/1881,,,
dennj001,"Denny","John",09/12/1974,,,
denoc001,"Denorfia","Chris",09/07/2005,,,
densd001,"Denson","Drew",09/13/1989,,,
dente101,"Dent","Eddie",08/31/1909,,,
dentb001,"Dent","Bucky",06/01/1973,8/18/1989,04/09/1991,
dents101,"Dente","Sam",07/10/1947,,,
denzr101,"Denzer","Roger",04/24/1897,,,
depam101,"DePangher","Mike",08/08/1884,,,
depaj001,"Depastino","Joe",08/05/2003,,,
depaj003,"DePaula","Julio",05/16/2007,,,
depas001,"DePaula","Sean",08/31/1999,,,
depht101,"DePhillips","Tony",04/25/1943,,,
derbg102,"Derby","Gene",09/03/1885,,,
derbg101,"Derby","George",05/02/1881,,,
dermm001,"Dermody","Matt",09/03/2016,,,
dernb001,"Dernier","Bob",09/07/1980,,08/23/2010,
derom001,"DeRosa","Mark",09/02/1998,,,
derrc101,"Derrick","Claud",09/08/1910,,,
derrm101,"Derrick","Mike",04/09/1970,,,
derrp101,"Derringer","Paul",04/16/1931,,,
derrj101,"Derrington","Jim",09/30/1956,,,
derrr101,"Derry","Russ",07/04/1944,,,
desjs101,"Des Jardien","Shorty",05/20/1916,,,
desaj001,"DeSa","Joe",09/06/1980,,,
desam001,"DeSalvo","Matt",05/07/2007,,,
desag101,"Desautels","Gene",06/22/1930,,,
descd001,"Descalso","Daniel",09/18/2010,,,
desca001,"DeSclafani","Anthony",05/14/2014,,,
deshj001,"Deshaies","Jim",08/07/1984,,,
deshd002,"DeShields","Delino",04/08/2015,,,
deshd001,"DeShields","Delino",04/09/1990,,,
deshj101,"DeShong","Jimmie",04/12/1932,,,
desij001,"DeSilva","John",08/15/1993,,,
desmi001,"Desmond","Ian",09/10/2009,,,
despo001,"Despaigne","Odrisamer",06/23/2014,,,
dessr101,"Dessau","Rube",09/22/1907,,,
desse001,"Dessens","Elmer",06/24/1996,,,
desto001,"Destrade","Orestes",09/11/1987,,,
dethb101,"Detherage","Bob",04/11/1980,,,
detog101,"Detore","George",09/14/1930,,05/03/1959,
dettj001,"Dettmer","John",06/16/1994,,,
dettt101,"Dettore","Tom",06/11/1973,,,
detwd101,"Detweiler","Ducky",09/12/1942,,,
detwr001,"Detwiler","Ross",09/07/2007,,,
deutm101,"Deutsch","Mel",04/21/1946,,,
devac001,"Devarez","Cesar",06/03/1995,,,
devec101,"Devens","Charlie",09/24/1932,,,
devec001,"Devenski","Chris",04/08/2016,,,
devem001,"Devereaux","Mike",09/02/1987,,,
dever001,"Devers","Rafael",07/25/2017,,,
devij001,"Devine","Joey",08/20/2005,,,
devia101,"Devine","Adrian",06/27/1973,,,
devim101,"Devine","Mickey",08/02/1918,,,
devih101,"Deviney","Hal",07/30/1920,,,
devib101,"DeViveiros","Bernie",09/13/1924,,,
devla101,"Devlin","Art",04/14/1904,,04/13/1926,
devlj103,"Devlin","Jim",04/21/1873,,,
devlj102,"Devlin","Jim",06/28/1886,,,
devlj101,"Devlin","Jim",04/27/1944,,,
devor101,"DeVogt","Rex",04/17/1913,,,
devod001,"DeVore","Doug",05/06/2004,,,
devoj101,"Devore","Josh",09/25/1908,,,
devoa101,"DeVormer","Al",08/04/1918,,,
devow101,"Devoy","Walt",09/13/1909,,,
dewac101,"Dewald","Charlie",09/20/1890,,,
dewem001,"Dewey","Mark",08/24/1990,,,
dewij001,"DeWillis","Jeff",04/19/1987,,,
dewib001,"DeWitt","Blake",03/31/2008,,,
dewim001,"DeWitt","Matt",06/20/2000,,,
dextc101,"Dexter","Charlie",04/17/1896,,,09/08/1896
diams001,"Diamond","Scott",07/18/2011,,,
diamt001,"Diamond","Thomas",08/03/2010,,,
diaza003,"Diaz","Aledmys",04/05/2016,,,
diaza001,"Diaz","Alex",07/25/1992,,,
diaza002,"Diaz","Argenis",04/21/2010,,,
diazb001,"Diaz","Bo",09/06/1977,,,
diazc001,"Diaz","Carlos",06/30/1982,,,
diazc002,"Diaz","Carlos",05/08/1990,,,
diazd001,"Diaz","Dayan",05/22/2016,,,
diaze003,"Diaz","Eddy",04/17/1997,,,
diaze001,"Diaz","Edgar",09/16/1986,,,
diaze004,"Diaz","Edwin",03/31/1998,,,
diaze006,"Diaz","Edwin",06/06/2016,,,
diaze002,"Diaz","Einar",09/09/1996,,04/02/2013,
diaze005,"Diaz","Elias",09/12/2015,,,
diazf001,"Diaz","Felix",05/13/2004,,,
diazj006,"Diaz","Jairo",09/08/2014,,,
diazj004,"Diaz","Jonathan",06/29/2013,,,
diazj005,"Diaz","Jumbo",06/20/2014,,,
diazj002,"Diaz","Jose",09/06/2006,,,
diazj001,"Diaz","Juan",06/12/2002,,,
diazj003,"Diaz","Juan",05/25/2012,,,
diazm002,"Diaz","Mario",09/12/1987,,,
diazm003,"Diaz","Matt",07/19/2003,,,
diazm001,"Diaz","Mike",09/15/1983,,,
diazm004,"Diaz","Miguel",04/03/2017,,,
diazr001,"Diaz","Robinzon",04/23/2008,,,
diazv001,"Diaz","Victor",09/11/2004,,,
diazy001,"Diaz","Yandy",04/03/2017,,,
dibbr001,"Dibble","Rob",06/29/1988,,,
dibup101,"Dibut","Pedro",05/01/1924,,,
dickp101,"Dicken","Paul",06/07/1964,,,
dickl101,"Dickerman","Leo",04/21/1923,,,
dicka001,"Dickerson","Alex",08/06/2015,,,
dickc001,"Dickerson","Chris",08/12/2008,,,
dickg102,"Dickerson","George",08/02/1917,,,
dickb102,"Dickerson","Buttercup",07/15/1878,,,
dickc002,"Dickerson","Corey",06/22/2013,,,
dickg101,"Dickey","George",09/21/1935,,,
dickr001,"Dickey","R.A.",04/22/2001,,,
dickb101,"Dickey","Bill",08/15/1928,5/25/1946,04/19/1949,
dicke101,"Dickman","Emerson",06/27/1936,,,
dickj102,"Dickshot","Johnny",04/16/1936,,,
dickb001,"Dickson","Brandon",07/02/2011,,,
dickj101,"Dickson","Jim",07/02/1963,,,
dickj001,"Dickson","Jason",08/21/1996,,,
dickl001,"Dickson","Lance",08/09/1990,,,
dickm101,"Dickson","Murry",09/30/1939,,,
dicko001,"Dickson","O'Koyea",09/02/2017,,,
dickw101,"Dickson","Walt",04/26/1910,,,
didib101,"Didier","Bob",04/07/1969,,04/03/1984,
diehe101,"Diehl","Ernie",05/31/1903,,,
diehg101,"Diehl","George",04/19/1942,,,
diekj001,"Diekman","Jake",05/15/2012,,,
dierc101,"Diering","Chuck",04/15/1947,,,
dierl101,"Dierker","Larry",09/22/1964,4/1/1997,,
dietd001,"Dietrich","Derek",05/08/2013,,,
dietb101,"Dietrich","Bill",04/13/1933,,,
dietd102,"Dietz","Dutch",04/26/1940,,,
dietd101,"Dietz","Dick",06/18/1966,,,
dietr101,"Dietzel","Roy",09/02/1954,,,
difaj101,"Difani","Jay",04/23/1948,,,
difem002,"DiFelice","Mark",05/18/2008,,,
difem001,"Difelice","Mike",09/01/1996,,,
difow001,"Difo","Wilmer",05/19/2015,,,
diggb001,"Diggins","Ben",09/02/2002,,,
diggr101,"Diggs","Reese",09/15/1934,,,
digns101,"Dignan","Steve",06/01/1880,,,
dilaj101,"DiLauro","Jack",05/15/1969,,,
dilld101,"Dillard","Don",04/24/1959,,,
dillg001,"Dillard","Gordon",08/12/1988,,,
dillp104,"Dillard","Pat",04/21/1900,,,
dills101,"Dillard","Steve",09/28/1975,,,
dillt001,"Dillard","Tim",05/23/2008,,,
dillp101,"Dillhoefer","Pickles",04/16/1917,,,
dillh101,"Dillinger","Harley",08/16/1914,,,
dillb102,"Dillinger","Bob",04/16/1946,,,
dillb101,"Dillman","Bill",04/14/1967,,,
dillp103,"Dillon","Pop",09/08/1899,,,
dillj101,"Dillon","John",05/08/1875,,,
dillj001,"Dillon","Joe",05/18/2005,,03/29/2018,
dillp102,"Dillon","Packy",05/04/1875,,,
dills102,"Dillon","Steve",09/05/1963,,,
dilom001,"Dilone","Miguel",09/02/1974,,,
dimad101,"DiMaggio","Dom",04/16/1940,,,
dimaj101,"DiMaggio","Joe",05/03/1936,,04/10/1968,
dimav101,"DiMaggio","Vince",04/19/1937,,,
dimif001,"DiMichele","Frank",04/08/1988,,,
dimmm101,"Dimmel","Mike",09/02/1977,,,
dinal001,"DiNardo","Lenny",04/23/2004,,,
dinek101,"Dineen","Kerry",06/14/1975,,,
dingv101,"Dinges","Vance",04/17/1945,,,
dingc001,"Dingman","Craig",06/30/2000,,,
dinkb001,"Dinkelman","Brian",06/04/2011,,,
dinnb101,"Dinneen","Bill",04/22/1898,,,09/15/1907
diorm101,"Diorio","Ron",08/09/1973,,,
dipib101,"DiPietro","Bob",09/23/1951,,,
dipif001,"DiPino","Frank",09/14/1981,,,
dipoj001,"DiPoto","Jerry",05/11/1993,,,
dirka001,"Dirks","Andy",05/16/2011,,,
disag001,"Disarcina","Gary",09/23/1989,,03/31/2014,
discg101,"Disch","George",08/08/1905,,,
dishg001,"Dishman","Glenn",06/22/1995,,,
dista101,"Distaso","Alec",04/20/1969,,,
distb001,"Distefano","Benny",05/18/1984,,,
distd101,"Distel","Dutch",06/21/1918,,,
ditma101,"Ditmar","Art",04/19/1954,,,
dittj101,"Dittmer","Jack",06/17/1952,,,
devij101,"Diven","Frank",05/09/1883,,,
divim101,"Divis","Moxie",08/04/1916,,,
dixob001,"Dixon","Brandon",05/22/2018,,,
dixos101,"Dixon","Sonny",04/20/1953,,,
dixok001,"Dixon","Ken",09/22/1984,,,
dixol101,"Dixon","Leo",04/14/1925,,,
dixos001,"Dixon","Steve",09/07/1993,,,
dixot101,"Dixon","Tom",07/30/1977,,,
dlugb001,"Dlugach","Brent",09/13/2009,,,
doakb101,"Doak","Bill",09/01/1912,,,
doanw101,"Doan","Walt",09/20/1909,,,
dobbj102,"Dobb","John",08/13/1924,,,
dobbd101,"Dobbek","Dan",09/09/1959,,,
dobbg001,"Dobbs","Greg",09/08/2004,,,
dobbj101,"Dobbs","John",04/20/1901,,,
dober101,"Dobens","Ray",07/07/1929,,,
dobej101,"Dobernic","Jess",07/02/1939,,,
dobsc101,"Dobson","Chuck",04/19/1966,,,
dobsj101,"Dobson","Joe",04/26/1939,,05/11/1954,
dobsp101,"Dobson","Pat",05/31/1967,,04/09/1982,
dobyl101,"Doby","Larry",07/05/1947,7/1/1978,04/06/1971,
dockg101,"Dockins","George",05/05/1945,,,
doddo101,"Dodd","Ona",07/26/1912,,,
doddr001,"Dodd","Robert",05/28/1998,,,
doddt001,"Dodd","Tom",07/25/1986,,,
dodgj101,"Dodge","John",08/29/1912,,,
dodgs101,"Dodge","Sam",09/24/1921,,,
dodsp001,"Dodson","Pat",09/05/1986,,,
doe-f101,"Doe","Fred",08/23/1890,,,
doerb101,"Doerr","Bobby",04/20/1937,,04/12/1967,
dohee101,"Doheny","Ed",09/16/1895,,,
dohej001,"Doherty","John",04/08/1992,,,
dohej101,"Doherty","John",06/01/1974,,,
dohms001,"Dohmann","Scott",05/15/2004,,,
dolac102,"Dolan","Cozy",08/15/1909,,04/12/1922,
dolaj102,"Dolan","John",09/05/1890,,,
dolaj101,"Dolan","Joe",08/11/1896,,,
dolab101,"Dolan","Biddy",04/16/1914,,,
dolac101,"Dolan","Cozy",04/26/1895,,,
dolat101,"Dolan","Tom",09/30/1879,,,04/30/1890
dolel101,"Dole","Lester",05/27/1875,,,
dolir001,"Dolis","Rafael",09/26/2011,,,
doljf101,"Doljack","Frank",09/04/1930,,,
dolla101,"Doll","Art",09/21/1935,,,
dolsf001,"Dolsi","Freddy",05/06/2008,,,
domic001,"Dominguez","Chris",09/03/2014,,,
domij002,"Dominguez","Jose",06/30/2013,,,
domij001,"Dominguez","Juan",08/12/2003,,,
domim001,"Dominguez","Matt",09/06/2011,,,
domis001,"Dominguez","Seranthony",05/07/2018,,,
domia001,"Dominique","Andy",05/25/2004,,,
donas101,"Donahue","She",04/29/1904,,,
donar101,"Donahue","Red",05/06/1893,,,05/23/1897
donaj104,"Donahue","Jim",04/19/1886,,,06/17/1888
donaj103,"Donahue","Jiggs",09/10/1900,,,
donaj102,"Donahue","John",09/25/1923,,,
donad101,"Donahue","Deacon",09/16/1943,,,
donap101,"Donahue","Pat",05/29/1908,,,
donat101,"Donahue","Tim",07/28/1891,,,08/22/1895
donaj002,"Donald","Jason",05/18/2010,,,
donaa101,"Donald","Atley",04/21/1938,,,
donae101,"Donalds","Ed",09/01/1912,,,
donaj101,"Donaldson","John",08/26/1966,,,
donaj001,"Donaldson","Josh",04/30/2010,,,
dondl101,"Dondero","Len",04/21/1929,,,
donlm101,"Donlin","Mike",07/19/1899,,,09/15/1900
donnb001,"Donnelly","Brendan",04/09/2002,,,
donne102,"Donnelly","Ed",09/19/1911,,,
donne101,"Donnelly","Ed",08/01/1959,,,
donnf101,"Donnelly","Frank",08/15/1893,,,
donnj101,"Donnelly","Jim",08/11/1884,,,09/07/1896
donnj103,"Donnelly","Jim",07/11/1884,,,
donnj102,"Donnelly","John",04/14/1873,,,
donnp101,"Donnelly","Pete",05/13/1871,,,
donnb101,"Donnelly","Blix",05/06/1944,,,
donnc001,"Donnels","Chris",05/07/1991,,,
donoj102,"Donoghue","Alexander",08/24/1891,,,
donoj103,"Donohue","Jim",04/11/1961,,,
donop102,"Donohue","Pete",07/01/1921,,,
donot101,"Donohue","Tom",04/06/1979,,,
donol101,"Donoso","Lino",06/18/1955,,,
donof101,"Donovan","Fred",06/23/1895,,,
donoj101,"Donovan","Jerry",04/12/1906,,,
donom101,"Donovan","Mike",05/29/1904,,,
donop101,"Donovan","Patsy",04/19/1890,04/22/1897,,
donod101,"Donovan","Dick",04/24/1950,,,
donot102,"Donovan","Tom",09/10/1901,,,
donob102,"Donovan","Bill",04/19/1942,,,
donob101,"Donovan","Bill",04/22/1898,4/14/1915,04/18/1918,08/02/1902
dooir101,"Dooin","Red",04/18/1902,4/14/1910,,07/26/1904
doolm101,"Doolin","Mickey",04/14/1905,,04/13/1926,
dools001,"Doolittle","Sean",06/05/2012,,,
doomh101,"Dooms","Harry",08/07/1892,,,
dopsj001,"Dopson","John",09/04/1985,,,
doraj101,"Doran","John",04/11/1891,,,
dorat101,"Doran","Tom",04/19/1904,,,
dorab001,"Doran","Bill",09/06/1982,,04/02/2001,
dorab101,"Doran","Bill",06/23/1922,,,
dorgj101,"Dorgan","Jerry",07/08/1880,,,
dorgm101,"Dorgan","Mike",05/08/1877,05/01/1879,,
dorif101,"Dorish","Fritz",04/15/1947,,04/09/1963,
dormr101,"Dorman","Red",08/21/1928,,,
dormc101,"Dorman","Charlie",05/14/1923,,,
dornd001,"Dorn","Danny",04/21/2015,,,
dorng101,"Dorner","Gus",09/17/1902,,,
dorrb101,"Dorr","Bert",08/24/1882,,,
dorsb001,"Dorsett","Brian",09/08/1987,,,
dorsc101,"Dorsett","Cal",08/19/1940,,,
dorsj001,"Dorsey","Jim",09/02/1980,,,
dorsj101,"Dorsey","Jerry",07/09/1884,,,
dortm001,"Dorta","Melvin",07/21/2006,,,
doscj101,"Doscher","Jack",07/02/1903,,,
dosch101,"Doscher","Herm",09/05/1872,,,09/10/1879
dostd001,"Doster","David",06/16/1996,,,
doteo001,"Dotel","Octavio",06/26/1999,,,
dotsr001,"Dotson","Richard",09/04/1979,,,
dottg101,"Dotter","Gary",09/10/1961,,,
dottd101,"Dotterer","Dutch",09/25/1957,,,
dotyb101,"Doty","Babe",08/18/1890,,,
doubf001,"Doubront","Felix",06/18/2010,,,
dougc101,"Dougherty","Charlie",04/17/1884,,,
dougj001,"Dougherty","Jim",04/27/1995,,,
dougp102,"Dougherty","Patsy",04/19/1902,,,
dougt101,"Dougherty","Tom",04/24/1904,,,
dougw101,"Douglas","Whammy",07/29/1957,,,
dougj101,"Douglas","John",04/21/1945,,,
dougl101,"Douglas","Larry",06/17/1915,,,
dougp101,"Douglas","Phil",08/30/1912,,,
douga101,"Douglass","Astyanax",07/30/1921,,,
dougs001,"Douglass","Sean",07/18/2001,,,
dougk101,"Douglass","Klondike",04/23/1896,,,06/10/1903
doumr001,"Doumit","Ryan",06/05/2005,,,
doutt101,"Douthit","Taylor",09/14/1923,,,
doved001,"Dove","Dennis",04/30/2007,,,
dow-c101,"Dow","Clarence",09/22/1884,,,09/04/1891
dowdk101,"Dowd","Skip",07/05/1910,,,
dowdj101,"Dowd","John",07/03/1912,,,
dowds101,"Dowd","Snooks",04/27/1919,,,
dowdt101,"Dowd","Tommy",04/08/1891,07/09/1896,,
dowek001,"Dowell","Ken",06/24/1987,,,
dowij101,"Dowie","Joe",07/10/1889,,,
dowld101,"Dowling","Dave",10/03/1964,,,
dowlp101,"Dowling","Pete",07/17/1897,,,
downr102,"Downey","Red",09/14/1909,,,
downt101,"Downey","Tom",05/07/1909,,,
downa101,"Downing","Al",07/19/1961,,,
downb001,"Downing","Brian",05/31/1973,,,
downd001,"Downs","Darin",07/03/2012,,,
downd101,"Downs","Dave",09/02/1972,,,
downr101,"Downs","Red",05/02/1907,,,
downk001,"Downs","Kelly",07/29/1986,,,
downm001,"Downs","Matt",06/16/2009,,,
downs001,"Downs","Scott",04/09/2000,,,
dowst101,"Dowse","Tom",04/21/1890,,,06/18/1890
doylb101,"Doyle","Brian",04/30/1978,,,
doylc101,"Doyle","Conny",06/23/1883,,,
doyld101,"Doyle","Danny",09/14/1943,,,
doylj102,"Doyle","Jacob",04/20/1872,,,
doylj107,"Doyle","Jim",05/04/1910,,,
doylj101,"Doyle","Jeff",09/13/1983,,,
doylj105,"Doyle","Jess",04/14/1925,,,
doylj104,"Doyle","John",07/26/1882,,,
doylj103,"Doyle","Jack",08/27/1889,06/05/1895,,04/12/1911
doylj106,"Doyle","Slow Joe",08/25/1906,,,
doyll101,"Doyle","Larry",07/22/1907,,,
doylp101,"Doyle","Paul",05/28/1969,,,
doyld102,"Doyle","Denny",04/07/1970,,,
doylc102,"Doyle","Carl",08/05/1935,,,
doync001,"Doyne","Cory",06/16/2007,,,
dozih001,"Dozier","Hunter",09/12/2016,,,
dozib001,"Dozier","Brian",05/07/2012,,,
dozit001,"Dozier","Tom",05/17/1986,,,
dozid001,"Dozier","D.J.",05/06/1992,,,
dozib101,"Dozier","Buzz",09/12/1947,,,
drabd001,"Drabek","Doug",05/30/1986,,,
drabk001,"Drabek","Kyle",09/15/2010,,,
drabm101,"Drabowsky","Moe",08/07/1956,,04/07/1986,
dragd101,"Drago","Dick",04/11/1969,,,
drahb001,"Drahman","Brian",04/16/1991,,,
drakd101,"Drake","Delos",04/30/1911,,,
drakl102,"Drake","Larry",07/20/1945,,,
drakl101,"Drake","Logan",09/21/1922,,,
draku101,"Drake","Lyman",06/29/1884,,,
drako001,"Drake","Oliver",05/23/2015,,,
draks102,"Drake","Sammy",04/17/1960,,,
draks101,"Drake","Solly",04/17/1956,,,
drakt101,"Drake","Tom",04/24/1939,,,
drank001,"Dransfeldt","Kelly",05/01/1999,,,
drapm001,"Draper","Mike",04/10/1993,,,
drauj101,"Drauby","Jake",10/03/1892,,,
dravd001,"Dravecky","Dave",06/15/1982,,,
dreet001,"Drees","Tom",09/03/1991,,,
dreeb101,"Dreesen","Bill",05/01/1931,,,
dreid001,"Dreifort","Darren",04/07/1994,,,
dreic101,"Dreisewerd","Clem",08/29/1944,,,
dresb102,"Drescher","Bill",04/19/1944,,,
dresr001,"Drese","Ryan",07/29/2001,,,
dresc101,"Dressen","Chuck",04/17/1925,7/29/1934,04/18/1939,
dresl101,"Dressen","Lee",04/19/1914,,,
dresk001,"Dressendorfer","Kirk",04/13/1991,,,
dresb101,"Dresser","Bob",08/13/1902,,,
dresr101,"Dressler","Rob",09/07/1975,,,
drewc001,"Drew","Cameron",09/09/1988,,,
drewd101,"Drew","Dave",05/14/1884,,,
drewj001,"Drew","J.D.",09/08/1998,,,
drews001,"Drew","Stephen",07/15/2006,,,
drewt001,"Drew","Tim",05/24/2000,,,
drewf101,"Drews","Frank",08/13/1944,,,
drewk101,"Drews","Karl",09/08/1946,,,
dreys001,"Dreyer","Steve",08/08/1993,,,
dried001,"Driessen","Dan",06/09/1973,,,
drill101,"Drill","Lew",04/23/1902,,,07/06/1903
drisd102,"Driscoll","Dennis",07/25/1885,,,
drisj101,"Driscoll","Jim",06/17/1970,,,
drisd101,"Driscoll","Denny",07/01/1880,,,
drisp101,"Driscoll","Paddy",06/12/1917,,,
drism102,"Driscoll","Michael",07/06/1916,,,
drist001,"Driskill","Travis",04/26/2002,,,
drism101,"Drissel","Mike",09/05/1885,,,
droht101,"Drohan","Tom",05/01/1913,,,
dropw101,"Dropo","Walt",04/19/1949,,,
drotd101,"Drott","Dick",04/16/1957,,,
drucl101,"Drucke","Louis",09/25/1909,,,
druhc101,"Druhot","Carl",04/18/1906,,,
drumt001,"Drummond","Tim",09/12/1987,,,
drumk101,"Drumright","Keith",09/01/1978,,,
drurb001,"Drury","Brandon",09/01/2015,,,
drysd101,"Drysdale","Don",04/17/1956,,,
dubim101,"Dubiel","Monk",04/19/1944,,,
dubob001,"Dubois","Brian",08/17/1989,,,
duboj001,"Dubois","Jason",05/19/2004,,,
duboe001,"DuBose","Eric",09/19/2002,,,
dubuj101,"Dubuc","Jean",06/25/1908,,04/15/1930,
duceb001,"Ducey","Rob",05/01/1987,,,
duchj001,"Duchscherer","Justin",07/25/2001,,,
duckb001,"Duckworth","Brandon",08/07/2001,,,
duckj101,"Duckworth","Jim",04/13/1963,,,
dudal001,"Duda","Lucas",09/01/2010,,,
dudlc101,"Dudley","Clise",04/18/1929,,,
dudrj101,"Dudra","John",09/07/1941,,,
duenb001,"Duensing","Brian",04/10/2009,,,
duesh101,"Dues","Hal",09/09/1977,,,
duffl101,"Duff","Cecil",09/05/1922,,,
duffm001,"Duff","Matt",07/30/2002,,,
duffp101,"Duff","Pat",04/16/1906,,,
duffj102,"Duffalo","Jim",04/12/1961,,,
duffc101,"Duffee","Charlie",04/17/1889,,,
dufft001,"Duffey","Tyler",08/05/2015,,,
duffj101,"Duffie","John",09/18/1967,,,
duffb101,"Duffy","Bernie",09/20/1913,,,
duffc001,"Duffy","Chris",04/07/2005,,,
duffd001,"Duffy","Danny",05/18/2011,,,
duffe101,"Duffy","Ed",05/08/1871,,,
dufff101,"Duffy","Frank",09/04/1970,,,
duffh101,"Duffy","Hugh",06/23/1888,4/25/1901,04/14/1931,
duffm003,"Duffy","Matt",09/16/2015,,,
duffm002,"Duffy","Matt",08/01/2014,,,
dugad101,"Dugan","Dan",09/05/1928,,,
dugae101,"Dugan","Ed",08/05/1884,,,08/01/1887
dugaj101,"Dugan","Joe",07/05/1917,,,
dugab101,"Dugan","Bill",08/05/1884,,,
dugag101,"Dugas","Gus",09/17/1930,,,
dugdd101,"Dugdale","Dan",05/20/1886,,,
dugeo101,"Dugey","Oscar",09/13/1913,,04/13/1921,
duggj101,"Duggan","Jim",06/29/1911,,,
duggs001,"Duggar","Steven",07/08/2018,,,
duggb101,"Duggleby","Bill",04/21/1898,,,10/03/1905
dukem101,"Duke","Martin",08/24/1891,,,10/13/1890
dukez001,"Duke","Zach",07/02/2005,,,
dukee001,"Dukes","Elijah",04/02/2007,,,
dukej101,"Dukes","Jan",09/06/1969,,,
duket101,"Dukes","Tom",08/15/1967,,,
dulib101,"Duliba","Bob",08/11/1959,,,
dullr001,"Dull","Ryan",09/01/2015,,,
dumap001,"Dumatrait","Phil",08/02/2007,,,
dumog101,"Dumont","George",09/14/1915,,,
dumod101,"Dumoulin","Dan",09/05/1977,,,
dumon101,"Dumovich","Nick",04/20/1923,,,
dunbm001,"Dunbar","Matt",04/25/1995,,,
dunbt001,"Dunbar","Tom",09/07/1983,,,
duncc002,"Duncan","Chris",09/10/2005,,,
duncc001,"Duncan","Courtney",04/02/2001,,,
duncd101,"Duncan","Dave",05/06/1964,,04/08/1978,
duncs001,"Duncan","Shelley",07/20/2007,,,
duncj101,"Duncan","Jim",07/18/1899,,,
duncj001,"Duncan","Jeff",05/20/2003,,,
duncp101,"Duncan","Pat",07/16/1915,,,
duncm001,"Duncan","Mariano",04/09/1985,,04/03/2006,
dunct101,"Duncan","Taylor",09/15/1977,,,
duncv101,"Duncan","Vern",09/11/1913,,,
dundg101,"Dundon","Gus",04/14/1904,,,
dunde101,"Dundon","Ed",06/02/1883,,,
dunej101,"Dunegan","Jim",05/28/1970,,,
dungs101,"Dungan","Sam",04/12/1892,,,
dunhw101,"Dunham","Wiley",05/24/1902,,,
dunhl101,"Dunham","Lee",04/17/1926,,,
dunkd101,"Dunkle","Davey",08/28/1897,,,
dunlf101,"Dunlap","Fred",05/01/1880,05/06/1882,,09/11/1879
dunlg102,"Dunlap","Grant",04/21/1953,,,
dunlb101,"Dunlap","Bill",09/02/1929,,,
dunlj101,"Dunleavy","Jack",05/30/1903,,,
dunlg101,"Dunlop","George",09/09/1913,,,
dunna001,"Dunn","Adam",07/20/2001,,,
dunnj103,"Dunn","Jim",08/26/1952,,,
dunnj102,"Dunn","Jack",05/06/1897,,,
dunnj101,"Dunn","Joe",09/12/1908,,,
dunnm002,"Dunn","Michael",09/04/2009,,,
dunnr101,"Dunn","Ron",09/03/1974,,,
dunns002,"Dunn","Scott",09/11/2004,,,
dunns102,"Dunn","Steve",09/27/1884,,,
dunns001,"Dunn","Steve",05/03/1994,,,
dunnt001,"Dunn","Todd",09/08/1996,,,
dunnm001,"Dunne","Mike",06/05/1987,,,
dunna101,"Dunning","Andy",05/23/1889,,,
dunnj001,"Dunning","Jake",06/16/2013,,,
dunns101,"Dunning","Steve",06/14/1970,,,
dunss001,"Dunston","Shawon",04/09/1985,,,
dunwt001,"Dunwoody","Todd",05/10/1997,,,
dupef101,"Dupee","Frank",08/24/1901,,,
duprm101,"Dupree","Mike",04/13/1976,,,
durad101,"Duran","Dan",04/17/1981,,,
durag001,"Duran","German",04/17/2008,,,
durar001,"Duran","Roberto",07/06/1997,,,
dural001,"Durango","Luis",09/15/2009,,,
duram001,"Durant","Mike",04/03/1996,,,
durae001,"Durazo","Erubiel",07/26/1999,,,
durbk101,"Durbin","Kid",04/24/1907,,,
durbc001,"Durbin","Chad",09/26/1999,,,
durbj001,"Durbin","J.D.",09/08/2004,,,
durer101,"Duren","Ryne",09/25/1954,,,
durhd101,"Durham","Don",07/16/1972,,,
durhe101,"Durham","Ed",04/19/1929,,,
durhj102,"Durham","James",09/15/1902,,,
durhj101,"Durham","Joe",09/10/1954,,,
durhl001,"Durham","Leon",05/27/1980,,04/02/2017,
durhb101,"Durham","Bull",09/15/1904,,,
durhr001,"Durham","Ray",04/26/1995,,,
durnb101,"Durnbaugh","Bobby",09/22/1957,,,
durng101,"Durning","George",09/12/1925,,,
durnr101,"Durning","Rich",04/16/1917,,,
duroj001,"Durocher","Jayson",06/11/2002,,,
durol101,"Durocher","Leo",10/02/1925,4/18/1939,04/11/1961,
durrr101,"Durrett","Red",09/14/1944,,,
durrt001,"Durrington","Trent",08/06/1999,,,
dursc101,"Durst","Cedric",05/30/1922,,,
duryj101,"Duryea","Jesse",04/20/1889,,,
dusae101,"Dusak","Erv",09/18/1941,,,
dusec101,"Duser","Carl",09/15/1956,,,
dustb101,"Dustal","Bob",04/09/1963,,,
duvaa001,"Duvall","Adam",06/26/2014,,,
duvam001,"Duvall","Mike",09/22/1998,,,
duzeb101,"Duzen","Bill",09/22/1890,,,
dwiga101,"Dwight","Al",06/19/1884,,,
dwyec001,"Dwyer","Chris",09/24/2013,,,
dwyej001,"Dwyer","Jim",06/10/1973,,,
dwyej102,"Dwyer","John",05/16/1882,,,
dwyef101,"Dwyer","Frank",09/20/1888,4/23/1902,,09/02/1889
dwyej101,"Dwyer","Joe",04/20/1937,,,
dybzj001,"Dybzinski","Jerry",04/11/1980,,,
dyckj101,"Dyck","Jim",09/27/1951,,,
dye-j001,"Dye","Jermaine",05/17/1996,,,
dyerb101,"Dyer","Ben",05/23/1914,,,
dyerd101,"Dyer","Duffy",09/21/1968,,04/06/1983,
dyere101,"Dyer","Eddie",07/08/1922,4/16/1946,,
dyerm001,"Dyer","Mike",06/29/1989,,,
dygej101,"Dygert","Jimmy",09/08/1905,,,
dykej101,"Dykes","Jimmy",05/06/1918,5/9/1934,04/18/1949,
dykhr001,"Dykhoff","Radhames",06/07/1998,,,
dyksa001,"Dykstra","Allan",04/08/2015,,,
dyksl001,"Dykstra","Lenny",05/03/1985,,,
dylej101,"Dyler","John",07/22/1882,,,07/15/1883
dysoj001,"Dyson","Jarrod",09/07/2010,,,
dysos001,"Dyson","Sam",07/05/2012,,,
