ID,Last,First,Play debut,Mgr debut,Coach debut,Ump debut
aardd001,"Aardsma","David",04/06/2004,,,
aaroh101,"Aaron","Hank",04/13/1954,,,
aarot101,"Aaron","Tommie",04/10/1962,,04/06/1979,
aased001,"Aase","Don",07/26/1977,,,
abada001,"Abad","Andy",09/10/2001,,,
abadf001,"Abad","Fernando",07/28/2010,,,
abadj101,"Abadie","John",04/26/1875,,,
abbae101,"Abbaticchio","Ed",09/04/1897,,,
abbeb101,"Abbey","Bert",06/14/1892,,,
abbec101,"Abbey","Charlie",08/16/1893,,,07/21/1897
abbof101,"Abbott","Fred",04/25/1903,,,08/21/1905
abboj001,"Abbott","Jim",04/08/1989,,,
abboj002,"Abbott","Jeff",06/10/1997,,,
abbok002,"Abbott","Kurt",09/07/1993,,,
abbok001,"Abbott","Kyle",09/10/1991,,,
abbod101,"Abbott","Dan",04/19/1890,,,
abboo101,"Abbott","Ody",09/10/1910,,,
abbop001,"Abbott","Paul",08/21/1990,,,
abbog001,"Abbott","Glenn",07/29/1973,,,
abera101,"Aber","Al",09/15/1950,,,
aberd101,"Abercrombie","Frank",10/21/1871,,,
aberr001,"Abercrombie","Reggie",04/04/2006,,,
aberb101,"Abernathie","Bill",09/27/1952,,,
aberb001,"Abernathy","Brent",06/25/2001,,,
abert102,"Abernathy","Ted",09/19/1942,,,
abert101,"Abernathy","Ted",04/13/1955,,,
aberw101,"Abernathy","Woody",07/28/1946,,,
aberc101,"Aberson","Cliff",07/18/1947,,,
ableh101,"Ables","Harry",09/04/1905,,,
abnes001,"Abner","Shawn",09/08/1987,,,
abrac101,"Abrams","Cal",04/19/1949,,,
abrag101,"Abrams","George",04/19/1923,,,
abrej001,"Abrego","Johnny",09/04/1985,,,
abreb001,"Abreu","Bobby",09/01/1996,,,
abret001,"Abreu","Tony",05/22/2007,,,
abrej003,"Abreu","Jose",03/31/2014,,,
abrej101,"Abreu","Joe",04/23/1942,,,
abrej002,"Abreu","Juan",08/29/2011,,,
abrew001,"Abreu","Winston",08/06/2006,,,
abstb101,"Abstein","Bill",09/25/1906,,,
accaj001,"Accardo","Jeremy",05/04/2005,,,
acevj002,"Acevedo","Jose",06/19/2001,,,
acevj001,"Acevedo","Juan",04/30/1995,,,
aceva001,"Aceves","Alfredo",08/31/2008,,,
achta001,"Achter","A.J.",09/03/2014,,,
ackej001,"Acker","Jim",04/07/1983,,,
acket101,"Acker","Tom",04/20/1956,,,
ackld001,"Ackley","Dustin",06/17/2011,,,
acklf101,"Ackley","Fritz",09/21/1963,,,
acosm101,"Acosta","Merito",06/15/1913,,,
acosc101,"Acosta","Cy",06/04/1972,,,
acose101,"Acosta","Ed",09/07/1970,,,
acosj101,"Acosta","Jose",07/28/1920,,,
acosm001,"Acosta","Manny",08/12/2007,,,
acrem001,"Acre","Mark",05/13/1994,,,
acunr001,"Acuna","Ronald",04/25/2018,,,
adaij102,"Adair","Jimmy",08/24/1931,,04/17/1951,
adaij101,"Adair","Jerry",09/02/1958,,04/15/1972,
adamj002,"Adam","Jason",05/05/2018,,,
adamc001,"Adames","Cristhian",07/29/2014,,,
adamw002,"Adames","Willy",05/22/2018,,,
adama101,"Adams","Ace",04/15/1941,,,
adama001,"Adams","Austin",07/12/2014,,,
adama002,"Adams","Austin",07/15/2017,,,
adamc002,"Adams","Chance",08/04/2018,,,
adamb104,"Adams","Babe",04/18/1906,,,
adamr101,"Adams","Red",05/05/1946,,04/07/1969,
adamd103,"Adams","Dan",05/22/1914,,,
adamd001,"Adams","David",05/15/2013,,,
adams101,"Adams","Sparky",09/18/1922,,,
adamb101,"Adams","Buster",04/27/1939,,,
adamg102,"Adams","George",06/14/1879,,,
adamg101,"Adams","Glenn",05/04/1975,,,
adamd101,"Adams","Doug",09/08/1969,,,
adamh101,"Adams","Herb",09/17/1948,,,
adamw101,"Adams","Willie",06/30/1912,,,
adamj101,"Adams","Jim",04/21/1890,,,
adamb106,"Adams","Jack",08/30/1910,,,
adamm001,"Adams","Mike",05/18/2004,,,
adamj102,"Adams","Joe",04/26/1902,,,
adamk101,"Adams","Karl",04/19/1914,,,
adaml001,"Adams","Lane",09/01/2014,,,
adamm002,"Adams","Matt",05/20/2012,,,
adamr102,"Adams","Rick",07/13/1905,,,
adamd102,"Adams","Dick",05/20/1947,,,
adamr001,"Adams","Ricky",09/15/1982,,,
adamb102,"Adams","Bob",09/27/1931,,,
adamb107,"Adams","Bob",09/22/1925,,,
adamb103,"Adams","Bobby",04/16/1946,,04/11/1961,
adamb105,"Adams","Bob",07/10/1977,,,
adamm102,"Adams","Mike",09/10/1972,,,
adamr002,"Adams","Russ",09/03/2004,,,
adamr003,"Adams","Ryan",05/20/2011,,,
adams102,"Adams","Spencer",04/22/1923,,,
adamt001,"Adams","Terry",08/10/1995,,,
adamw001,"Adams","Willie",06/11/1996,,,
adamj001,"Adamson","Joel",04/10/1996,,,
adamm101,"Adamson","Mike",07/01/1967,,,
adcoj101,"Adcock","Joe",04/23/1950,4/11/1967,,
adcon001,"Adcock","Nathan",03/31/2011,,,
addib101,"Addis","Bob",09/01/1950,,,
adduj001,"Adduci","Jim",09/12/1983,,,
adduj002,"Adduci","Jim",09/01/2013,,,
addyb101,"Addy","Bob",05/06/1871,10/04/1875,,10/28/1875
adenn001,"Adenhart","Nick",05/01/2008,,,
aderm101,"Aderholt","Morrie",09/13/1939,,,
adkig101,"Adkins","Grady",04/13/1928,,,
adkid103,"Adkins","Dewey",09/19/1942,,,
adkij001,"Adkins","Jon",08/14/2003,,,
adkid102,"Adkins","Doc",06/24/1902,,,
adkid101,"Adkins","Dick",09/19/1942,,,
adkis001,"Adkins","Steve",09/12/1990,,,
adlet001,"Adleman","Tim",05/01/2016,,,
adled101,"Adlesh","Dave",05/12/1963,,,
adrie001,"Adrianza","Ehire",09/08/2013,,,
afent001,"Afenir","Troy",09/14/1987,,,
affej001,"Affeldt","Jeremy",04/06/2002,,,
agbab001,"Agbayani","Benny",06/17/1998,,,
ageet101,"Agee","Tommie",09/14/1962,,,
aggah101,"Agganis","Harry",04/13/1954,,,
aglej101,"Agler","Joe",10/01/1912,,,
agnes101,"Agnew","Sam",04/10/1913,,,
agosj001,"Agosto","Juan",09/07/1981,,,
agual001,"Aguayo","Luis",04/19/1980,,06/17/2008,
aguic001,"Aguila","Chris",06/28/2004,,,
aguij001,"Aguilar","Jesus",05/15/2014,,,
aguir001,"Aguilera","Rick",06/12/1985,,,
aguih101,"Aguirre","Hank",09/10/1955,,04/15/1972,
aheac101,"Ahearn","William",06/19/1880,,,
aheap001,"Ahearne","Pat",06/14/1995,,,
ahmen001,"Ahmed","Nick",06/29/2014,,,
aikew001,"Aikens","Willie",05/17/1977,,,
aingd101,"Ainge","Danny",05/21/1979,,,
ainse101,"Ainsmith","Eddie",08/09/1910,,,
ainsk001,"Ainsworth","Kurt",09/05/2001,,,
aitcr101,"Aitchison","Raleigh",04/19/1911,,,
aitog101,"Aiton","George",06/29/1912,,,
ake-j101,"Ake","John",05/12/1884,,,
akerj102,"Aker","Jack",05/03/1964,,04/07/1986,
akerd001,"Akerfelds","Darrel",08/01/1986,,06/11/2001,
akerj101,"Akers","Jerry",05/04/1912,,,
akerb101,"Akers","Bill",09/08/1929,,,
albag001,"Alba","Gibson",05/03/1988,,,
albaj001,"Albaladejo","Jonathan",09/05/2007,,,
albaj101,"Albanese","Joe",07/18/1958,,,
albej001,"Alberro","Jose",04/27/1995,,,
albea001,"Albers","Andrew",08/06/2013,,,
albem001,"Albers","Matt",07/25/2006,,,
albeh001,"Alberto","Hanser",05/29/2015,,,
albeg101,"Alberts","Gus",05/01/1884,,,
albeb101,"Alberts","Butch",09/07/1978,,,
albec101,"Alberts","Cy",09/17/1910,,,
albio001,"Albies","Ozzie",08/01/2017,,,
alboe101,"Albosta","Ed",09/03/1941,,,
albre101,"Albrecht","Ed",10/02/1949,,,
albrj101,"Albright","Jack",05/19/1947,,,
albua001,"Alburquerque","Al",04/15/2011,,,
albuv101,"Albury","Vic",08/07/1973,,,
alcas101,"Alcala","Santo",04/10/1976,,,
alcaa001,"Alcantara","Arismendy",07/09/2014,,,
alcai001,"Alcantara","Israel",06/25/2000,,,
alcar001,"Alcantara","Raul",09/05/2016,,,
alcas001,"Alcantara","Sandy",09/03/2017,,,
alcav001,"Alcantara","Victor",09/05/2017,,,
alcal101,"Alcaraz","Luis",09/13/1967,,,
alcos101,"Alcock","Scotty",04/19/1914,,,
alded101,"Alderson","Dale",09/18/1943,,,
aldrs001,"Aldred","Scott",09/09/1990,,,
aldrm001,"Aldrete","Mike",05/28/1986,,04/06/2004,
aldrj001,"Aldrich","Jay",06/05/1987,,,
aldrc001,"Aldridge","Cory",09/05/2001,,,
aldrv101,"Aldridge","Vic",04/15/1917,,,
alenc101,"Aleno","Chuck",05/15/1941,,,
alexd101,"Alexander","Dale",04/16/1929,,,
alexd001,"Alexander","Doyle",06/26/1971,,,
alexg101,"Alexander","Gary",09/12/1975,,,
alexg001,"Alexander","Gerald",09/09/1990,,,
alexg102,"Alexander","Pete",04/15/1911,,,
alexh101,"Alexander","Hugh",08/15/1937,,,
alexm001,"Alexander","Manny",09/18/1992,,,
alexm101,"Alexander","Matt",08/23/1973,,,
alexb101,"Alexander","Bob",04/11/1955,,,
alexs001,"Alexander","Scott",09/02/2015,,,
alexw101,"Alexander","Walt",06/21/1912,,,
alexn101,"Alexander","Nin",06/07/1884,,,
alfaj001,"Alfaro","Jason",09/09/2004,,,
alfaj002,"Alfaro","Jorge",09/12/2016,,,
alfoa001,"Alfonseca","Antonio",06/17/1997,,,
alfoe001,"Alfonzo","Edgardo",04/26/1995,,,
alfoe002,"Alfonzo","Eliezer",06/03/2006,,,
alfoa002,"Alford","Anthony",05/19/2017,,,
alicl001,"Alicea","Luis",04/23/1988,,04/02/2007,
allaa001,"Allanson","Andy",04/07/1986,,,
allab101,"Allard","Brian",08/08/1979,,,
allak001,"Allard","Kolby",07/31/2018,,,
allen101,"Allen","Nick",05/01/1914,,,
alleb105,"Allen","Bernie",04/10/1962,,,
alleb001,"Allen","Brandon",08/22/2009,,,
allec002,"Allen","Cody",07/20/2012,,,
allej103,"Allen","Jack",05/01/1879,,,
alled001,"Allen","Dusty",07/01/2000,,,
allee101,"Allen","Ethan",06/13/1926,,,
alles101,"Allen","Sled",05/04/1910,,,
alleh102,"Allen","Ham",04/27/1872,,,10/21/1876
allef101,"Allen","Frank",04/24/1912,,,
alleg002,"Allen","Greg",09/01/2017,,,
alleh104,"Allen","Hank",09/09/1966,,,
alleh103,"Allen","Hezekiah",05/16/1884,,,
alleh101,"Allen","Horace",06/15/1919,,,
allej101,"Allen","Jamie",05/01/1983,,,
allep101,"Allen","Pete",08/04/1893,,,
allec001,"Allen","Chad",04/06/1999,,,
allej104,"Allen","John",06/02/1914,,,
allej102,"Allen","Johnny",04/19/1932,,,
allek101,"Allen","Kim",09/02/1980,,,
allel101,"Allen","Lloyd",09/01/1969,,,
allel001,"Allen","Luke",09/10/2002,,,
allem101,"Allen","Myron",07/19/1883,,,
allen001,"Allen","Neil",04/15/1979,,04/03/2005,
alled101,"Allen","Dick",09/03/1963,,,
alleb104,"Allen","Bob",08/20/1919,,,
alleb102,"Allen","Bob",09/19/1937,,,
alleb103,"Allen","Bob",04/19/1890,06/25/1890,,
alleb101,"Allen","Bob",04/14/1961,,,
aller001,"Allen","Rod",04/07/1983,,,
aller101,"Allen","Ron",08/11/1972,,,
alleg001,"Allenson","Gary",04/08/1979,,04/07/1992,
allej001,"Allensworth","Jermaine",07/23/1996,,,
alleg101,"Alley","Gene",09/04/1963,,,
allig101,"Allie","Gair",04/13/1954,,,
allib101,"Allietta","Bob",05/06/1975,,,
allia102,"Allison","Andy",05/07/1872,05/07/1872,,05/15/1872
allia101,"Allison","Art",05/04/1871,,,08/05/1871
allid001,"Allison","Dana",04/12/1991,,,
allid101,"Allison","Doug",05/05/1871,,,05/07/1872
allim102,"Allison","Mack",09/13/1911,,,
allim101,"Allison","Milo",09/26/1913,,,
allib102,"Allison","Bill",05/21/1872,,,
allib103,"Allison","Bob",09/16/1958,,,
allrb001,"Allred","Beau",09/07/1989,,,
almam101,"Almada","Mel",09/08/1933,,,
almaa001,"Almanza","Armando",07/29/1999,,,
almac001,"Almanzar","Carlos",09/04/1997,,,
almer101,"Almeida","Rafael",07/04/1911,,,
almob001,"Almon","Bill",09/02/1974,,,
almoa001,"Almonte","Abraham",08/30/2013,,,
almoe002,"Almonte","Edwin",07/07/2003,,,
almoe001,"Almonte","Erick",09/04/2001,,,
almoh001,"Almonte","Hector",07/26/1999,,,
almom001,"Almonte","Miguel",09/01/2015,,,
almoy001,"Almonte","Yency",06/21/2018,,,
almoz001,"Almonte","Zoilo",06/19/2013,,,
almoa002,"Almora","Albert",06/07/2016,,,
aloml101,"Aloma","Luis",04/19/1950,,,
alomr001,"Alomar","Roberto",04/22/1988,,,
aloms101,"Alomar","Sandy",09/15/1964,,04/07/1986,
aloms001,"Alomar","Sandy",09/30/1988,9/28/2012,03/31/2008,
alony001,"Alonso","Yonder",09/01/2010,,,
alouf101,"Alou","Felipe",06/08/1958,5/22/1992,04/06/1979,
alouj101,"Alou","Jesus",09/10/1963,,04/06/1979,
aloum101,"Alou","Matty",09/26/1960,,,
aloum001,"Alou","Moises",07/26/1990,,,
alpew101,"Alpermann","Whitey",04/13/1906,,,
alstg001,"Alston","Garvin",06/06/1996,,04/04/2016,
alstt101,"Alston","Tom",04/13/1954,,,
alstw101,"Alston","Walter",09/27/1936,4/13/1954,,
alstd101,"Alston","Dell",05/17/1977,,,
altap001,"Altamirano","Porfi",05/09/1982,,,
altad001,"Altavilla","Dan",08/27/2016,,,
altee101,"Alten","Ernie",04/17/1920,,,
altej101,"Altenburg","Jesse",09/19/1916,,,
altha001,"Altherr","Aaron",06/16/2014,,,
altid101,"Altizer","Dave",05/29/1906,,,
altmg101,"Altman","George",04/11/1959,,,
altoj101,"Altobelli","Joe",04/14/1955,4/7/1977,04/09/1981,
altrn101,"Altrock","Nick",07/14/1898,,04/11/1912,06/03/1907
altuj001,"Altuve","Jose",07/20/2011,,,
alusg101,"Alusik","George",09/11/1958,,,
alvaj004,"Alvarado","Jose",05/04/2017,,,
alval101,"Alvarado","Luis",09/13/1968,,,
alvaa001,"Alvarez","Abe",07/22/2004,,,
alvat002,"Alvarez","Tony",09/04/2002,,,
alvat001,"Alvarez","Tavo",08/21/1995,,,
alvac001,"Alvarez","Clemente",09/19/2000,,,
alvad002,"Alvarez","Dariel",08/28/2015,,,
alvad001,"Alvarez","Dario",09/03/2014,,,
alvag001,"Alvarez","Gabe",06/22/1998,,,
alvah001,"Alvarez","Henderson",08/10/2011,,,
alvao102,"Alvarez","Orlando",09/01/1973,,,
alvaj001,"Alvarez","Jose",10/01/1981,,,
alvaj003,"Alvarez","Jose",06/09/2013,,,
alvaj002,"Alvarez","Juan",09/01/1999,,,
alvao101,"Alvarez","Ossie",04/19/1958,,,
alvap001,"Alvarez","Pedro",06/16/2010,,,
alvar101,"Alvarez","Rogelio",09/18/1960,,,
alvar001,"Alvarez","R.J.",09/03/2014,,,
alvav001,"Alvarez","Victor",07/30/2002,,,
alvaw001,"Alvarez","Wilson",07/24/1989,,,
alvim101,"Alvis","Max",09/11/1962,,,
alvob101,"Alvord","Billy",04/30/1885,,,
alyeb101,"Alyea","Brant",09/11/1965,,,
amalj101,"Amalfitano","Joey",05/02/1954,9/24/1979,04/11/1967,
amarr001,"Amaral","Rich",05/27/1991,,,
amara001,"Amarista","Alexi",04/26/2011,,,
amarr101,"Amaro","Ruben",06/29/1958,,04/11/1980,
amarr002,"Amaro","Ruben",06/08/1991,,04/05/2016,
amblw101,"Ambler","Wayne",06/04/1937,,,
ambrc001,"Ambres","Chip",07/20/2005,,,
ambrh001,"Ambriz","Hector",04/30/2010,,,
amele001,"Amelung","Ed",07/28/1984,,,
amesr101,"Ames","Red",09/14/1903,,,
amess001,"Ames","Steve",07/30/2013,,,
ameza001,"Amezaga","Alfredo",05/24/2002,,,
amold101,"Amole","Doc",08/19/1897,,,
amorv101,"Amor","Vicente",04/16/1955,,,
amors101,"Amoros","Sandy",08/22/1952,,,
anckw101,"Ancker","Walter",09/03/1915,,,
andel001,"Andersen","Larry",09/05/1975,,,
andea102,"Anderson","Alf",04/20/1941,,,
andea001,"Anderson","Allan",06/11/1986,,,
anded003,"Anderson","Drew",08/01/2017,,,
andea101,"Anderson","Andy",05/10/1948,,,
ander102,"Anderson","Red",09/19/1937,,,
andeb001,"Anderson","Brady",04/04/1988,,,
andeb004,"Anderson","Brett",04/10/2009,,,
andeb002,"Anderson","Brian",09/10/1993,,,
andeb003,"Anderson","Brian",08/16/2005,,,
andeb006,"Anderson","Brian",09/01/2017,,,
andeb005,"Anderson","Bryan",04/15/2010,,,
andec002,"Anderson","Cody",06/21/2015,,,
anded001,"Anderson","Dave",05/08/1983,,04/06/2009,
anded102,"Anderson","Dave",08/24/1889,,,09/19/1890
anded002,"Anderson","Drew",09/11/2006,,,
anded101,"Anderson","Dwain",09/03/1971,,,
andeg101,"Anderson","Goat",04/11/1907,,,
andef102,"Anderson","Ferrell",04/16/1946,,,
andeg001,"Anderson","Garret",07/27/1994,,,
andeg102,"Anderson","George",05/26/1914,,,
andes101,"Anderson","Sparky",04/10/1959,4/6/1970,04/08/1969,
andeh102,"Anderson","Hal",04/12/1932,,,
andeh101,"Anderson","Harry",04/18/1957,,,
andej002,"Anderson","Jimmy",07/04/1999,,,
andej001,"Anderson","Jim",07/02/1978,,,
andej003,"Anderson","Jason",03/31/2003,,,
andej102,"Anderson","John",08/17/1958,,,
andef101,"Anderson","Fred",09/25/1909,,,
andej101,"Anderson","John",09/08/1894,,,
andej004,"Anderson","Josh",09/02/2007,,,
andej005,"Anderson","Justin",04/23/2018,,,
andeb101,"Anderson","Bud",06/11/1982,,,
andek001,"Anderson","Kent",04/15/1989,,,
andel002,"Anderson","Lars",09/06/2010,,,
andel101,"Anderson","Larry",09/25/1974,,,
andem003,"Anderson","Marlon",09/08/1998,,,
andem002,"Anderson","Matt",06/25/1998,,,
andem101,"Anderson","Mike",09/02/1971,,,
andem001,"Anderson","Mike",09/07/1993,,,
andec101,"Anderson","Craig",06/23/1961,,,
ander001,"Anderson","Rick",06/09/1986,,04/01/2002,
ander101,"Anderson","Rick",09/18/1979,,,
andeb102,"Anderson","Bob",07/31/1957,,,
andec001,"Anderson","Chase",05/11/2014,,,
andes001,"Anderson","Scott",04/08/1987,,,
andet003,"Anderson","Tanner",07/02/2018,,,
andet001,"Anderson","Tim",06/10/2016,,,
andet002,"Anderson","Tyler",06/12/2016,,,
andew102,"Anderson","Walter",05/14/1917,,,
andev101,"Anderson","Varney",08/01/1889,,,
robib103,"Anderson","Bill",08/12/1889,,,
andeb103,"Anderson","Bill",09/10/1925,,,
andew101,"Anderson","Wingo",04/16/1910,,,
andir001,"Andino","Robert",09/04/2005,,,
andrs002,"Andrade","Steve",05/01/2006,,,
andrj102,"Andre","John",04/16/1955,,,
andrj001,"Andreoli","John",05/23/2018,,,
andre103,"Andres","Ernie",04/16/1946,,,
andrk101,"Andrew","Kim",04/16/1975,,,
andrc001,"Andrews","Clayton",04/16/2000,,,
andrs001,"Andrews","Shane",04/26/1995,,,
andre102,"Andrews","Elbert",05/01/1925,,,
andrf101,"Andrews","Fred",09/26/1976,,,
andre101,"Andrews","Ed",05/01/1884,,,06/06/1889
andrh101,"Andrews","Hub",04/20/1947,,,
andri101,"Andrews","Ivy",08/15/1931,,,
andrj103,"Andrews","Jim",04/19/1890,,,
andrj101,"Andrews","John",04/08/1973,,,
andrm101,"Andrews","Mike",09/18/1966,,,
andrn101,"Andrews","Nate",05/01/1937,,,
andrr101,"Andrews","Rob",04/07/1975,,,
andrs101,"Andrews","Stan",06/11/1939,,,
andrw102,"Andrews","Wally",05/22/1884,,,
andrm001,"Andriese","Matt",04/10/2015,,,
andre001,"Andrus","Elvis",04/06/2009,,,
andrf102,"Andrus","Fred",07/25/1876,,,
andrb101,"Andrus","Bill",09/19/1931,,,
andrw101,"Andrus","Wyman",09/15/1885,,,
anduj001,"Andujar","Joaquin",04/08/1976,,,
andul001,"Andujar","Luis",09/08/1995,,,
andum001,"Andujar","Miguel",06/28/2017,,,
angen101,"Angelini","Norm",07/22/1972,,,
anglm001,"Angle","Matt",07/17/2011,,,
anglt101,"Angley","Tom",04/23/1929,,,
ankep101,"Ankenman","Pat",04/16/1936,,,
ankir001,"Ankiel","Rick",08/23/1999,,,
annad001,"Anna","Dean",04/04/2014,,,
annib101,"Annis","Bill",05/01/1884,,,
ansoc101,"Anson","Cap",05/06/1871,10/11/1875,,
anthe001,"Anthony","Eric",07/28/1989,,,
antoj102,"Antolick","Joe",09/20/1944,,,
antod001,"Antolin","Dustin",05/16/2016,,,
antoj103,"Antonelli","Johnny",07/04/1948,,,
antoj101,"Antonelli","John",09/16/1944,,,
antom001,"Antonelli","Matt",09/01/2008,,,
antob101,"Antonello","Bill",04/30/1953,,,
aokin001,"Aoki","Nori",04/06/2012,,,
aparl101,"Aparicio","Luis",04/17/1956,,,
apodb101,"Apodaca","Bob",09/18/1973,,04/01/1996,
aponl001,"Aponte","Luis",09/04/1980,,,
appik001,"Appier","Kevin",06/04/1989,,,
applf101,"Applegate","Fred",09/30/1904,,,
apple101,"Appleton","Ed",04/16/1915,,,
applp101,"Appleton","Pete",09/14/1927,,,
appll101,"Appling","Luke",09/10/1930,8/21/1967,04/19/1960,
aquia001,"Aquino","Aristides",08/19/2018,,,
aquig001,"Aquino","Greg",07/02/2004,,,
aquij001,"Aquino","Jayson",07/04/2016,,,
aquil001,"Aquino","Luis",08/08/1986,,,
araga101,"Aragon","Angel",08/20/1914,,,
aragj101,"Aragon","Jack",08/13/1941,,,
aranv001,"Arano","Victor",09/12/2017,,,
araue001,"Araujo","Elvis",05/05/2015,,,
araup001,"Araujo","Pedro",03/31/2018,,,
archm101,"Archdeacon","Maurice",09/17/1923,,,
archc001,"Archer","Chris",06/20/2012,,,
archf101,"Archer","Fred",09/05/1936,,,
archj102,"Archer","Jimmy",09/06/1904,,,
archj101,"Archer","Jim",04/30/1961,,,
archg101,"Archie","George",09/14/1938,,,
arcif001,"Arcia","Francisco",07/26/2018,,,
arcij101,"Arcia","Jose",04/10/1968,,,
arcio002,"Arcia","Orlando",08/02/2016,,,
arcio001,"Arcia","Oswaldo",04/15/2013,,,
arded101,"Ardell","Dan",09/14/1961,,,
ardir101,"Ardizoia","Rugger",04/30/1947,,,
ardnj101,"Ardner","Joe",05/01/1884,,,
ardod001,"Ardoin","Danny",08/02/2000,,,
arelf101,"Arellanes","Frank",07/28/1908,,,
arenn001,"Arenado","Nolan",04/28/2013,,,
arenj001,"Arencibia","J.P.",08/07/2010,,,
arfth101,"Arft","Hank",07/27/1948,,,
ariaa002,"Arias","Alberto",05/01/2007,,,
ariaa001,"Arias","Alex",05/12/1992,,,
ariag001,"Arias","George",04/02/1996,,,
ariaj001,"Arias","Joaquin",09/13/2006,,,
ariar101,"Arias","Rudy",04/10/1959,,,
arleb101,"Arlett","Buzz",04/14/1931,,,
arlid101,"Arlich","Don",10/02/1965,,,
arlis101,"Arlin","Steve",06/17/1969,,,
armat002,"Armas","Tony",08/16/1999,,,
armat001,"Armas","Tony",09/06/1976,,,
armam001,"Armas","Marcos",05/25/1993,,,
armbe101,"Armbrister","Ed",08/31/1973,,,
armbo101,"Armbrust","Orville",09/18/1934,,,
armbc101,"Armbruster","Charlie",07/17/1905,,,
armbh101,"Armbruster","Harry",04/30/1906,,,
armsh101,"Armstrong","Howard",09/30/1911,,,
armsj001,"Armstrong","Jack",06/21/1988,,,
armsm001,"Armstrong","Mike",08/12/1980,,,
armsg101,"Armstrong","George",04/26/1946,,,
armsr101,"Armstrong","Robert",06/26/1871,,,
armss001,"Armstrong","Shawn",08/08/2015,,,
arndh101,"Arndt","Harry",07/02/1902,,,
arndl001,"Arndt","Larry",06/06/1989,,,
arnoc101,"Arnold","Chris",09/07/1971,,,
arnoj001,"Arnold","Jamie",04/20/1999,,,
arnos001,"Arnold","Scott",04/07/1988,,,
arnot001,"Arnold","Tony",08/09/1986,,,
arnob101,"Arnold","Billy",04/26/1872,,,10/02/1875
arnom101,"Arnovich","Morrie",09/14/1936,,,
arnsb001,"Arnsberg","Brad",09/06/1986,,04/03/2000,
arnto101,"Arntzen","Orie",04/20/1943,,,
aro-j001,"Aro","Jonathan",06/25/2015,,,
arocr001,"Arocha","Rene",04/09/1993,,,
arrej001,"Arredondo","Jose",05/14/2008,,,
arrij001,"Arrieta","Jake",06/10/2010,,,
arrig101,"Arrigo","Gerry",06/12/1961,,,
arror001,"Arrojo","Rolando",04/01/1998,,,
arrob001,"Arroyo","Bronson",06/12/2000,,,
arroc001,"Arroyo","Christian",04/24/2017,,,
arrof001,"Arroyo","Fernando",06/28/1975,,,
arrol101,"Arroyo","Luis",04/20/1955,,,
arror101,"Arroyo","Rudy",06/01/1971,,,
arrue001,"Arruebarrena","Erisbel",05/23/2014,,,
arunh101,"Arundel","Harry",07/19/1875,,,
arunt101,"Arundel","Tug",05/23/1882,,,07/24/1888
asadr001,"Asadoor","Randy",09/14/1986,,,
asbej101,"Asbell","Jim",05/08/1938,,,
asbjc101,"Asbjornson","Casper",09/17/1928,,,
ascaj001,"Ascanio","Jose",07/13/2007,,,
aschc001,"Asche","Cody",07/30/2013,,,
asenm001,"Asencio","Miguel",04/06/2002,,,
ash-k101,"Ash","Ken",04/17/1925,,,
ashbr101,"Ashburn","Richie",04/20/1948,,,
ashba001,"Ashby","Alan",07/03/1973,,04/01/1997,
ashba002,"Ashby","Andy",06/10/1991,,,
ashea001,"Asher","Alec",08/30/2015,,,
ashft001,"Ashford","Tucker",09/21/1976,,,
ashlb001,"Ashley","Billy",09/01/1992,,,
ashln001,"Ashley","Nevin",09/09/2015,,,
asmut101,"Asmussen","Tom",08/10/1907,,,
asprk101,"Aspromonte","Ken",09/02/1957,4/15/1972,,
asprb101,"Aspromonte","Bob",09/19/1956,,,
asseb101,"Asselstine","Brian",09/14/1976,,,
assep001,"Assenmacher","Paul",04/12/1986,,,
astae001,"Astacio","Ezequiel",05/03/2005,,,
astap001,"Astacio","Pedro",07/03/1992,,,
astib001,"Astin","Barrett",04/03/2017,,,
astrj101,"Astroth","Joe",08/13/1945,,,
astuw001,"Astudillo","Willians",06/30/2018,,,
asuac001,"Asuaje","Carlos",09/21/2016,,,
atchs001,"Atchison","Scott",07/31/2004,,03/29/2018,
atchj001,"Atchley","Justin",04/07/2001,,,
athec101,"Atherton","Charlie",05/30/1899,,,
athek001,"Atherton","Keith",07/14/1983,,,
atill001,"Atilano","Luis",04/23/2010,,,
atkit101,"Atkins","Tommy",10/02/1909,,,
atkig001,"Atkins","Garrett",08/03/2003,,,
atkij101,"Atkins","James",09/29/1950,,,
atkim001,"Atkins","Mitch",07/29/2009,,,
atkia101,"Atkinson","Al",05/01/1884,,,
atkie101,"Atkinson","Ed",10/22/1873,,,
atkil101,"Atkinson","Lefty",08/05/1927,,,
adkih101,"Atkinson","Harry",09/25/1895,,,
atkib101,"Atkinson","Bill",09/18/1976,,,
attrd101,"Attreau","Dick",09/14/1926,,,
atwet101,"Atwell","Toby",04/15/1952,,,
atwob101,"Atwood","Bill",04/15/1936,,,
atz-j101,"Atz","John",09/24/1902,,,
aubrc101,"Aubrey","Chub",04/22/1903,,,
aubrm001,"Aubrey","Michael",05/17/2008,,,
aucod001,"Aucoin","Derek",05/21/1996,,,
auder001,"Aude","Rich",09/09/1993,,,
auerr101,"Auerbach","Rick",04/13/1971,,,
augeb001,"Augenstein","Bryan",05/13/2009,,,
augud001,"August","Don",06/02/1988,,,
augud101,"Augustine","Dave",09/03/1973,,,
auguj001,"Augustine","Jerry",09/09/1975,,,
aukee101,"Auker","Elden",08/10/1933,,,
auldt101,"Aulds","Tex",05/25/1947,,,
aultd101,"Ault","Doug",09/09/1976,,,
aumop001,"Aumont","Phillippe",08/23/2012,,,
aurir001,"Aurilia","Rich",09/06/1995,,,
ausaj001,"Ausanio","Joe",07/14/1994,,,
ausmb001,"Ausmus","Brad",07/28/1993,3/31/2014,,
austd101,"Aust","Dennis",09/06/1965,,,
austt001,"Austin","Tyler",08/13/2016,,,
austh101,"Austin","Henry",04/28/1873,,,
austj001,"Austin","Jim",07/04/1991,,,
austj101,"Austin","Jimmy",04/19/1909,9/7/1913,04/18/1923,
austj002,"Austin","Jeff",06/26/2001,,,
austr101,"Austin","Rick",06/21/1970,,,
autra101,"Autry","Al",09/14/1976,,,
autrc102,"Autry","Chick",04/20/1924,,,
autrc101,"Autry","Chick",09/18/1907,,,
avela001,"Avelino","Abiatal",09/08/2018,,,
avenb001,"Aven","Bruce",08/27/1997,,,
avere102,"Averill","Earl",04/19/1956,,,
avere101,"Averill","Earl",04/16/1929,,,
avers001,"Avery","Steve",06/13/1990,,,
averx001,"Avery","Xavier",05/13/2012,,,
avila001,"Avila","Alex",08/06/2009,,,
avilb101,"Avila","Bobby",04/30/1949,,,
avill001,"Avilan","Luis",07/14/2012,,,
avilm001,"Aviles","Mike",05/29/2008,,,
avilr101,"Aviles","Ramon",07/10/1977,,,
avrej101,"Avrea","Jay",04/22/1950,,,
axeld001,"Axelrod","Dylan",09/07/2011,,,
axfoj001,"Axford","John",09/15/2009,,,
ayalb001,"Ayala","Benny",08/27/1974,,,
ayall001,"Ayala","Luis",03/31/2003,,,
ayalb002,"Ayala","Bobby",09/05/1992,,,
aybae001,"Aybar","Erick",05/16/2006,,,
aybam001,"Aybar","Manny",08/04/1997,,,
aybaw001,"Aybar","Willy",08/31/2005,,,
aydej101,"Aydelott","Jake",05/15/1884,,,
ayerb101,"Ayers","Bill",04/17/1947,,,
ayerd101,"Ayers","Doc",09/09/1913,,,
aylwd101,"Aylward","Dick",05/01/1953,,,
ayraj001,"Ayrault","Joe",09/01/1996,,,
ayrab001,"Ayrault","Bob",06/07/1992,,,
azcuj101,"Azcue","Joe",08/03/1960,,,
azoco001,"Azocar","Oscar",07/17/1990,,,
