ID,Last,First,Play debut,Mgr debut,Coach debut,Ump debut
faatj101,"Faatz","Jay",08/22/1884,08/06/1890,,
faber101,"Faber","Red",04/17/1914,,04/15/1947,
fabrj001,"Fabregas","Jorge",04/24/1994,,,
fabrb101,"Fabrique","Bunny",10/04/1916,,,
facer101,"Face","Roy",04/16/1953,,,
faedl001,"Faedo","Lenny",09/06/1980,,,
faett101,"Faeth","Tony",08/10/1919,,,
fagae101,"Fagan","Everett",04/24/1943,,,
fagab101,"Fagan","Bill",09/15/1887,,,
fagif101,"Fagin","Joe",06/25/1895,,,
faheb001,"Fahey","Brandon",04/30/2006,,,
fahef101,"Fahey","Frank",04/25/1918,,,
faheh101,"Fahey","Howard",07/23/1912,,,
faheb101,"Fahey","Bill",09/26/1971,,04/05/1983,
fahrj101,"Fahr","Jerry",04/29/1951,,,
fahrp101,"Fahrer","Pete",08/17/1914,,,
fainf101,"Fain","Ferris",04/15/1947,,,
fairg101,"Fair","George",07/29/1876,,,
fairj101,"Fairbank","Jim",09/18/1903,,,
fairr102,"Faircloth","Rags",05/06/1919,,,
fairj102,"Fairey","Jim",04/14/1968,,,
fairr101,"Fairly","Ron",09/09/1958,,,
fajah001,"Fajardo","Hector",08/10/1991,,,
falca101,"Falch","Anton",09/30/1884,,,10/12/1884
falcp001,"Falcone","Pete",04/13/1975,,,
falkb101,"Falk","Bibb",07/17/1920,6/10/1933,04/12/1933,
falkc102,"Falk","Chet",04/20/1925,,,
falkc101,"Falkenberg","Cy",04/21/1903,,,
falkb001,"Falkenborg","Brian",10/01/1999,,,
falle101,"Fallenstein","Ed",04/16/1931,,,
fallc101,"Fallon","Charlie",06/30/1905,,,
fallg101,"Fallon","George",09/27/1937,,,
fallb001,"Fallon","Bob",04/26/1984,,,
falsp101,"Falsey","Pete",07/16/1914,,,
falts001,"Falteisek","Steve",07/22/1997,,,
falui001,"Falu","Irving",05/06/2012,,,
famij001,"Familia","Jeurys",09/04/2012,,,
faner001,"Faneyte","Rikkert",08/29/1993,,,
fannc101,"Fannin","Cliff",09/02/1945,,,
fannj102,"Fanning","Jack",09/20/1889,,,
fannj101,"Fanning","Jim",09/11/1954,9/8/1981,,
fanoh101,"Fanok","Harry",04/16/1963,,,
fanof101,"Fanovich","Frank",04/25/1949,,,
fanss001,"Fansler","Stan",09/06/1986,,,
fanwh101,"Fanwell","Harry",07/23/1910,,,
fanzc101,"Fanzone","Carmen",07/21/1970,,,
farij001,"Faria","Jacob",06/07/2017,,,
farip001,"Faries","Paul",09/06/1990,,,
farim001,"Fariss","Monty",09/06/1991,,,
farlt101,"Farley","Lawrence",06/24/1884,,,
farlb101,"Farley","Bob",04/15/1961,,,
farma101,"Farmer","Alex",09/01/1908,,,
farme101,"Farmer","Ed",06/09/1971,,,
farmj101,"Farmer","Jack",07/08/1916,,,
farmb001,"Farmer","Buck",08/13/2014,,,
farmh001,"Farmer","Howard",07/02/1990,,,
farmk001,"Farmer","Kyle",07/30/2017,,,
farmm001,"Farmer","Mike",05/04/1996,,,
farmb101,"Farmer","Bill",05/01/1888,,,
farnj001,"Farnsworth","Jeff",04/03/2002,,,
farnk001,"Farnsworth","Kyle",04/29/1999,,,
farqd001,"Farquhar","Danny",09/13/2011,,,
farrj101,"Farr","Jim",09/07/1982,,,
farrs001,"Farr","Steve",05/16/1984,,,
farrs101,"Farrar","Sid",05/01/1883,,,
farrd102,"Farrell","Duke",04/21/1888,,04/12/1909,06/29/1901
farrd101,"Farrell","Doc",06/15/1925,,,
farrb101,"Farrell","John",05/03/1882,,,
farrj106,"Farrell","Jack",10/27/1874,,,
farrj105,"Farrell","Jack",05/01/1879,05/02/1881,,
farrj001,"Farrell","John",08/18/1987,4/1/2011,04/02/2007,
farrj104,"Farrell","Jack",04/16/1914,,,
farrj103,"Farrell","John",04/26/1901,,,
farrj102,"Farrell","Joe",05/01/1882,,,
farrl001,"Farrell","Luke",07/01/2017,,,
farrk101,"Farrell","Kerby",04/24/1943,4/16/1957,04/12/1966,
farrt101,"Farrell","Turk",09/21/1956,,,
farre001,"Farris","Eric",07/28/2011,,,
farrj107,"Farrow","John",04/28/1873,,,
fasas001,"Fasano","Sal",04/03/1996,,03/29/2018,
fastu101,"Fass","Frederick",07/11/1887,,,
fassj001,"Fassero","Jeff",05/04/1991,,,
fastd101,"Fast","Darcy",06/15/1968,,,
faszj101,"Faszholz","Jack",04/25/1953,,,
faulb101,"Faul","Bill",09/19/1962,,,
faula001,"Faulkner","Andrew",08/31/2015,,,
faulj101,"Faulkner","Jim",09/15/1927,,,
fausb101,"Fausett","Buck",04/18/1944,,,
fausc101,"Faust","Charlie",10/07/1911,,,
fautj101,"Fautsch","Joe",04/24/1916,,,
fauvc101,"Fauver","Clay",09/07/1899,,,
fazie101,"Fazio","Ernie",07/03/1962,,,
fearv101,"Fear","Vern",08/03/1952,,,
featt001,"Featherston","Taylor",04/12/2015,,,
feblc001,"Febles","Carlos",09/14/1998,,03/29/2018,
fedde001,"Fedde","Erick",07/30/2017,,,
fedea101,"Federoff","Al",09/27/1951,,,
fedet001,"Federowicz","Tim",09/11/2011,,,
fee-j101,"Fee","Jack",09/14/1889,,,
fehrb101,"Fehring","Dutch",06/25/1934,,,
feier001,"Feierabend","Ryan",09/13/2006,,,
feine101,"Feinberg","Eddie",09/11/1938,,,
feldm001,"Felder","Mike",09/11/1985,,,
feldm101,"Felderman","Marv",04/19/1942,,,
feldh101,"Feldman","Harry",09/10/1941,,,
felds001,"Feldman","Scott",08/31/2005,,,
felij002,"Feliciano","Jesus",06/10/2010,,,
felip002,"Feliciano","Pedro",09/04/2002,,,
felig101,"Felix","Gus",04/18/1923,,,
felih101,"Felix","Harry",10/05/1901,,,
felij001,"Felix","Junior",05/03/1989,,,
felim001,"Feliz","Michael",05/31/2015,,,
felin001,"Feliz","Neftali",08/03/2009,,,
felip001,"Feliz","Pedro",09/05/2000,,,
fellj101,"Feller","Jack",09/13/1958,,,
fellb101,"Feller","Bob",07/19/1936,,,
felsh101,"Felsch","Happy",04/14/1915,,,
felsj101,"Felske","John",07/26/1968,4/9/1985,04/09/1980,
feltt101,"Felton","Terry",09/28/1979,,,
fennf101,"Fennelly","Frank",05/01/1884,,,
fennh101,"Fenner","Hod",09/09/1921,,,
fenwb101,"Fenwick","Bobby",04/26/1972,,,
feres101,"Ferens","Stan",06/10/1942,,,
fergc001,"Ferguson","Caleb",06/06/2018,,,
fergg101,"Ferguson","Cecil",04/19/1906,,,
fergc102,"Ferguson","Charlie",09/20/1901,,,04/11/1913
fergc101,"Ferguson","Charlie",05/01/1884,,,07/01/1886
ferga101,"Ferguson","Alex",08/16/1918,,,
fergj101,"Ferguson","Joe",09/12/1970,,04/08/1986,
fergb102,"Ferguson","Bob",04/29/1944,,,
fergb101,"Ferguson","Bob",05/18/1871,05/18/1871,,09/09/1871
fermf001,"Fermin","Felix",07/08/1987,,,
fermr001,"Fermin","Ramon",08/06/1995,,,
ferne101,"Fernandes","Ed",06/09/1940,,,
ferna001,"Fernandez","Alex",08/02/1990,,,
ferns001,"Fernandez","Sid",09/20/1983,,,
fernf101,"Fernandez","Frank",09/12/1967,,,
fernn101,"Fernandez","Nanny",04/14/1942,,,
fernc102,"Fernandez","Chico",07/14/1956,,,
fernj002,"Fernandez","Jared",09/19/2001,,,
fernj003,"Fernandez","Jose",04/07/2013,,,
fernj005,"Fernandez","Jose",09/01/2018,,,
fernj001,"Fernandez","Jose",07/03/1999,,,
fernj004,"Fernandez","Jose Miguel",06/08/2018,,,
fernc101,"Fernandez","Chico",04/20/1968,,,
fernt001,"Fernandez","Tony",09/02/1983,,,
ferno001,"Fernandez","Osvaldo",04/05/1996,,,
ferra101,"Ferrara","Al",07/30/1963,,,
ferrd102,"Ferrarese","Don",04/11/1955,,,
ferra001,"Ferrari","Anthony",06/07/2003,,,
ferrm101,"Ferraro","Mike",09/06/1966,4/4/1983,04/05/1979,
ferrb102,"Ferrazzi","Bill",09/07/1935,,,
ferrt001,"Ferreira","Tony",09/17/1985,,,
ferrj001,"Ferrell","Jeff",07/04/2015,,,
ferrr101,"Ferrell","Rick",04/19/1929,,04/16/1946,
ferrw101,"Ferrell","Wes",09/09/1927,,,
ferrs101,"Ferrer","Sergio",04/05/1974,,,
ferrt101,"Ferrick","Tom",04/19/1941,,04/13/1954,
ferrh101,"Ferris","Hobe",04/26/1901,,,
ferrb101,"Ferris","Bob",09/12/1979,,,
ferrd101,"Ferriss","Boo",04/29/1945,,04/12/1955,
ferrc101,"Ferry","Cy",05/12/1904,,,
ferrj101,"Ferry","Jack",09/04/1910,,,
fersa101,"Ferson","Alex",05/04/1889,,,
festm001,"Festa","Matt",07/14/2018,,,
fettl101,"Fette","Lou",04/26/1937,,,
fettm001,"Fetters","Mike",09/01/1989,,04/02/2017,
fetzw101,"Fetzer","Willy",09/04/1906,,,
fewsc101,"Fewster","Chick",09/19/1917,,,
fialn101,"Fiala","Neil",09/03/1981,,,
fickc001,"Fick","Chuckie",05/26/2012,,,
fickj101,"Fick","John",07/29/1944,,,
fickr001,"Fick","Robert",09/19/1998,,,
fidrm101,"Fidrych","Mark",04/20/1976,,,
fiebc101,"Fieber","Clarence",05/18/1932,,,
fielj102,"Field","Jim",06/02/1883,,,
fielj003,"Field","Johnny",04/14/2018,,,
fieln001,"Field","Nate",04/12/2002,,,
fiels101,"Field","Sam",05/19/1875,,,
fielt001,"Field","Thomas",09/11/2011,,,
fielc001,"Fielder","Cecil",07/20/1985,,,
fielp001,"Fielder","Prince",06/13/2005,,,
fielb001,"Fields","Bruce",09/03/1986,,03/31/2003,
field001,"Fields","Daniel",06/04/2015,,,
fielg101,"Fields","George",05/02/1872,,,
fielj101,"Fields","Jocko",05/31/1887,,,
fielj002,"Fields","Josh",04/02/2013,,,
fielj001,"Fields","Josh",09/13/2006,,,
fienc001,"Fien","Casey",07/26/2009,,,
fienl101,"Fiene","Lou",05/07/1906,,,
fierm001,"Fiers","Michael",09/14/2011,,,
fifed101,"Fife","Danny",08/18/1973,,,
fifes001,"Fife","Stephen",07/17/2012,,,
fifij101,"Fifield","Jack",04/28/1897,,,
figaa001,"Figaro","Alfredo",06/20/2009,,,
figgm001,"Figga","Mike",09/16/1997,,,
figgf101,"Figgemeier","Frank",09/25/1894,,,
figgc001,"Figgins","Chone",08/25/2002,,,
figub001,"Figueroa","Bien",05/17/1992,,,
figue101,"Figueroa","Ed",04/09/1974,,,
figuj101,"Figueroa","Jesus",04/22/1980,,,
figul001,"Figueroa","Luis",06/27/2001,,,
figun001,"Figueroa","Nelson",06/03/2000,,,
figup001,"Figueroa","Pedro",04/21/2012,,,
figuc001,"Figueroa","Cole",05/16/2014,,,
fikaj001,"Fikac","Jeremy",08/16/2001,,,
fileb001,"File","Bob",04/14/2001,,,
files101,"File","Sam",09/06/1940,,,
filet001,"Filer","Tom",06/08/1982,,,
filee101,"Files","Eddie",10/03/1908,,,
filis101,"Filipowicz","Steve",09/03/1944,,,
fillm101,"Filley","Mark",04/19/1934,,,
filld101,"Fillingim","Dana",08/02/1915,,,
fillh001,"Fillmyer","Heath",06/24/2018,,,
filsp001,"Filson","Pete",05/15/1982,,,
fimpj001,"Fimple","Jack",07/30/1983,,,
fincj101,"Finch","Joel",06/12/1979,,,
fincb101,"Fincher","Bill",04/23/1916,,,
finet101,"Fine","Tommy",04/26/1947,,,
fingr001,"Fingers","Rollie",09/15/1968,,,
finij101,"Finigan","Jim",04/25/1954,,,
finkh101,"Fink","Herman",09/16/1935,,,
finlp101,"Finlayson","Pembroke",06/06/1908,,,
finlc001,"Finley","Chuck",05/29/1986,,,
finlb102,"Finley","Bob",07/04/1943,,,
finls001,"Finley","Steve",04/03/1989,,,
finlb101,"Finley","Bill",07/12/1886,,,
finnn101,"Finn","Neal",04/21/1930,,,
finnb001,"Finnegan","Brandon",09/06/2014,,,
finnh102,"Finneran","Happy",08/20/1912,,,
finnh101,"Finney","Hal",06/24/1931,,,
finnl101,"Finney","Lou",09/12/1931,,,
finng001,"Finnvold","Gar",05/10/1994,,,
fiort001,"Fiore","Tony",08/27/2000,,,
fiorm101,"Fiore","Mike",09/21/1968,,,
fiorj001,"Fiorentino","Jeffrey",05/12/2005,,,
fires001,"Fireovid","Steve",09/06/1981,,,
firod001,"Firova","Dan",09/01/1981,,04/04/2016,
firtt101,"Firth","John",08/15/1884,,,
fiscc101,"Fischer","Carl",07/19/1930,,,
fisch101,"Fischer","Hank",04/16/1962,,,
fiscj001,"Fischer","Jeff",06/19/1987,,,
fishu102,"Fischer","John",07/17/1884,,,
fiscr101,"Fischer","Rube",09/12/1941,,,
fisct001,"Fischer","Todd",05/29/1986,,,
fiscb101,"Fischer","Bill",04/21/1956,,04/04/1979,
fiscw101,"Fischer","William",06/09/1913,,,
fiscm001,"Fischlin","Mike",09/03/1977,,,
fishs102,"Fishburn","Sam",05/30/1919,,,
fishj001,"Fishel","John",07/14/1988,,,
fishl101,"Fishel","Leo",05/03/1899,,,
fishg101,"Fisher","Gus",04/18/1911,,,
fishb001,"Fisher","Brian",05/07/1985,,,
fishc105,"Fisher","Charles",06/15/1889,,,
fishc001,"Fisher","Carlos",05/24/2009,,,
fishc104,"Fisher","Charlie",06/07/1884,,,
fishc103,"Fisher","Chauncey",09/20/1893,,,
fishc101,"Fisher","Clarence",09/14/1919,,,
fishd001,"Fisher","Derek",06/14/2017,,,
fishd101,"Fisher","Don",08/25/1945,,,
fishe102,"Fisher","Eddie",06/22/1959,,,
fishe101,"Fisher","Ed",09/05/1902,,,
fishf101,"Fisher","Fritz",04/19/1964,,,
fishs101,"Fisher","Showboat",04/24/1923,,,
fishg102,"Fisher","George",08/09/1884,,,
fishh101,"Fisher","Harry",09/16/1951,,,
fishn101,"Fisher","Ike",05/17/1898,,,
fishr102,"Fisher","Red",04/25/1910,,,
fishj101,"Fisher","Jack",04/14/1959,,,
fishm101,"Fisher","Maurice",04/16/1955,,,
fishr101,"Fisher","Ray",07/02/1910,,,
fisht103,"Fisher","Bob",06/03/1912,,,
fisht102,"Fisher","Tom",04/17/1904,,,
fisht101,"Fisher","Tom",09/20/1967,,,
fishw101,"Fisher","Wilbur",06/13/1916,,,
fishc102,"Fisher","Cherokee",05/06/1871,,,10/23/1871
fiskc001,"Fisk","Carlton",09/18/1969,,,
fiskm101,"Fiske","Max",04/19/1914,,,
fislw101,"Fisler","Wes",05/20/1871,,,
fistd001,"Fister","Doug",08/08/2009,,,
fittp101,"Fittery","Paul",09/05/1914,,,
fitze101,"Fitz Gerald","Ed",04/19/1948,,04/19/1960,
fitzc101,"Fitzberger","Charlie",09/11/1928,,,
fitzb001,"Fitzgerald","Brian",04/17/2002,,,
fitzd101,"Fitzgerald","Dennis",04/17/1890,,,
fitzh101,"Fitzgerald","Howard",09/17/1922,,,
fitzj104,"Fitzgerald","John",09/28/1958,,,
fitzj103,"Fitzgerald","John",07/18/1891,,,
fitzj101,"Fitzgerald","John",04/18/1890,,,
fitzm102,"Fitzgerald","Mike",06/20/1911,,,
fitzm101,"Fitzgerald","Matty",09/15/1906,,,
fitzm002,"Fitzgerald","Mike",06/23/1988,,,
fitzm001,"Fitzgerald","Mike",09/13/1983,,,
fitzr101,"Fitzgerald","Ray",04/18/1931,,,
fitzw101,"Fitzgerald","Warren",06/04/1891,,,
fitzp101,"Fitzke","Paul",09/01/1924,,,
fitzs101,"Fitzmaurice","Shaun",09/09/1966,,,
fitza101,"Fitzmorris","Al",09/08/1969,,,
fitze102,"Fitzpatrick","Ed",04/17/1915,,,
fitzf101,"Fitzsimmons","Freddie",08/12/1925,7/27/1943,04/16/1940,06/28/1941
fitzt101,"Fitzsimmons","Tom",06/12/1919,,,
flacm101,"Flack","Max",04/16/1914,,,
flagw101,"Flager","Wally",04/17/1945,,,
flagi101,"Flagstead","Ira",07/20/1917,,,
flahj002,"Flaherty","Jack",09/01/2017,,,
flahj001,"Flaherty","John",04/12/1992,,,
flahm101,"Flaherty","Martin",08/18/1881,,,09/29/1882
flahp102,"Flaherty","Pat",07/11/1894,,,
flahp101,"Flaherty","Patsy",09/08/1899,,,07/07/1903
flahr001,"Flaherty","Ryan",04/07/2012,,,
flaia101,"Flair","Al",09/06/1941,,,
flane101,"Flanagan","Ed",04/16/1887,,,
flans101,"Flanagan","Steamer",09/25/1905,,,
flanm001,"Flanagan","Mike",09/05/1975,,04/26/1995,
flany001,"Flande","Yohan",06/25/2014,,,
flanr101,"Flanigan","Ray",09/20/1946,,,
flant101,"Flanigan","Tom",04/14/1954,,,
flanj101,"Flannery","John",09/02/1977,,,
flant001,"Flannery","Tim",09/03/1979,,04/01/1996,
flanc101,"Flannigan","Charlie",07/09/1913,,,
flasr101,"Flaskamper","Ray",08/16/1927,,,
flatj101,"Flater","Jack",09/18/1908,,,
flavj101,"Flavin","John",08/25/1964,,,
fleef101,"Fleet","Frank",10/18/1871,,,
fleia101,"Fleitas","Angel",07/05/1948,,,
flemd001,"Fleming","Dave",08/06/1991,,,
flemb101,"Fleming","Bill",08/21/1940,,,
fleml101,"Fleming","Les",04/22/1939,,,
flemt101,"Fleming","Tom",09/19/1899,,,
flenh001,"Flener","Huck",09/14/1993,,,
fletv101,"Fletcher","Van",04/12/1955,,,
fleta101,"Fletcher","Art",04/15/1909,4/17/1923,04/12/1927,
fletd001,"Fletcher","Darrin",09/10/1989,,,
fletd002,"Fletcher","David",06/13/2018,,,
fletp001,"Fletcher","Paul",07/11/1993,,,
flete101,"Fletcher","Elbie",09/16/1934,,,
fletg101,"Fletcher","George",06/21/1872,,,
fletf101,"Fletcher","Frank",07/14/1914,,,
flets101,"Fletcher","Sam",10/06/1909,,,
flets001,"Fletcher","Scott",04/25/1981,,04/01/2013,
flett101,"Fletcher","Tom",09/12/1962,,,
flexc001,"Flexen","Chris",07/27/2017,,,
flice101,"Flick","Elmer",04/26/1898,,,
flicl101,"Flick","Lew",09/28/1943,,,
flind101,"Flinn","Don",09/02/1917,,,
flinj101,"Flinn","John",05/06/1978,,,
flins101,"Flint","Silver",05/04/1875,08/28/1879,,
flith101,"Flitcraft","Hilly",08/31/1942,,,
flohm101,"Flohr","Mort",06/08/1934,,,
flooc101,"Flood","Curt",09/09/1956,,,
floot101,"Flood","Tim",09/24/1899,,,
flork001,"Flora","Kevin",09/27/1991,,,
flord001,"Florence","Don",08/08/1995,,,
florp101,"Florence","Paul",05/21/1926,,,
florg101,"Flores","Gil",05/08/1977,,,
florj101,"Flores","Jesse",04/16/1942,,,
florj002,"Flores","Jesus",04/04/2007,,,
florj001,"Flores","Jose",09/07/2002,,03/29/2018,
flork002,"Flores","Kendry",06/06/2015,,,
florr003,"Flores","Ramon",05/30/2015,,,
florr001,"Flores","Randy",04/23/2002,,,
florr002,"Flores","Ron",06/17/2005,,,
florw001,"Flores","Wilmer",08/06/2013,,,
florb001,"Florie","Bryce",07/17/1994,,,
florp001,"Florimon","Pedro",09/10/2011,,,
flord002,"Floro","Dylan",07/07/2016,,,
flowb101,"Flowers","Ben",09/29/1951,,,
flowd101,"Flowers","Dickie",06/03/1871,,,
floww101,"Flowers","Wes",08/08/1940,,,
flowt001,"Flowers","Tyler",09/03/2009,,,
flowj101,"Flowers","Jake",09/07/1923,,04/16/1940,
floyc001,"Floyd","Cliff",09/18/1993,,,
floyg001,"Floyd","Gavin",09/03/2004,,,
floyb102,"Floyd","Bubba",06/16/1944,,,
floyb101,"Floyd","Bobby",09/18/1968,,04/03/2001,
fluhj101,"Fluhrer","John",09/05/1915,,,
flynb001,"Flynn","Brian",09/04/2013,,,
flync102,"Flynn","Carney",07/17/1894,,,
flyne101,"Flynn","Ed",05/05/1887,,,
flyng101,"Flynn","George",04/17/1896,,,
flynj103,"Flynn","Jocko",05/01/1886,,,08/31/1893
flynj102,"Flynn","John",04/22/1910,,,
flynj101,"Flynn","Joe",04/18/1884,,,
flynm101,"Flynn","Mike",08/31/1891,,,
flynd001,"Flynn","Doug",04/09/1975,,,
flync101,"Flynn","Clipper",05/09/1871,,,
flyts101,"Flythe","Stu",05/31/1936,,,
fodgg101,"Fodge","Gene",04/20/1958,,,
fogaj102,"Fogarty","Jim",05/01/1884,04/19/1890,,
fogaj101,"Fogarty","John",09/18/1885,,,
foggj001,"Fogg","Josh",09/02/2001,,,
fohll101,"Fohl","Lee",08/29/1902,5/22/1915,,
foilh101,"Foiles","Hank",04/21/1953,,,
folec101,"Foley","Curry",05/13/1879,,,
folej101,"Foley","John",09/18/1885,,,
folem001,"Foley","Marv",09/11/1978,,04/04/1994,
foler101,"Foley","Ray",07/04/1928,,,
folet101,"Foley","Tom",05/08/1871,,,06/06/1874
folet001,"Foley","Tom",04/09/1983,,04/02/2002,
folew101,"Foley","Will",08/23/1875,,,
folit001,"Foli","Tim",09/11/1970,,04/08/1986,
folkr101,"Folkers","Rich",06/10/1970,,,
foltm001,"Foltynewicz","Mike",08/02/2014,,,
fondd101,"Fondy","Dee",04/17/1951,,,
fonsl101,"Fonseca","Lew",04/13/1921,4/12/1932,,
fontw001,"Font","Wilmer",09/18/2012,,,
fontn001,"Fontana","Nolan",05/22/2017,,,
fontj001,"Fontenot","Joe",05/23/1998,,,
fontm001,"Fontenot","Mike",04/13/2005,,,
fontr001,"Fontenot","Ray",06/30/1983,,,
fonvc001,"Fonville","Chad",04/28/1995,,,
foorj101,"Foor","Jim",04/09/1971,,,
footb101,"Foote","Barry",09/14/1973,,04/09/1990,
foppj001,"Foppert","Jesse",04/14/2003,,,
foraj101,"Foran","Jim",05/04/1871,,,
forbp001,"Forbes","P.J.",07/21/1998,,,
forcd101,"Force","Davy",05/05/1871,,,10/01/1873
fordb002,"Ford","Ben",08/20/1998,,,
fordc001,"Ford","Curt",06/22/1985,,,
fordd001,"Ford","Dan",04/12/1975,,,
fordd002,"Ford","Darren",09/01/2010,,,
fordd101,"Ford","Dave",09/02/1978,,,
forde101,"Ford","Ed",10/09/1884,,,
fordw101,"Ford","Whitey",07/01/1950,,04/16/1964,
fordg102,"Ford","Gene",06/17/1936,,,
fordg101,"Ford","Gene",05/05/1905,,,
fordh101,"Ford","Hod",09/08/1919,,,
fordl001,"Ford","Lew",05/29/2003,,,
fordm001,"Ford","Matt",04/02/2003,,,
fordw102,"Ford","Wenty",09/10/1973,,,
fordr101,"Ford","Russ",04/28/1909,,,
fordt102,"Ford","Ted",04/07/1970,,,
fordt101,"Ford","Tom",05/06/1890,,,
fordw103,"Ford","William",09/27/1936,,,
fordt001,"Fordham","Tom",08/19/1997,,,
fordb001,"Fordyce","Brook",04/26/1995,,,
foreh101,"Foreman","Happy",09/03/1924,,,
foref101,"Foreman","Frank",05/15/1884,,,06/11/1895
foreb101,"Foreman","Brownie",07/18/1895,,,07/29/1896
formb101,"Forman","Bill",09/20/1909,,,
forne001,"Fornataro","Eric",04/21/2014,,,
fornm101,"Fornieles","Mike",09/02/1952,,,
forsk001,"Forsch","Ken",09/07/1970,,,
forsb001,"Forsch","Bob",07/07/1974,,,
forss001,"Forster","Scott",06/18/2000,,,
forst001,"Forster","Terry",04/11/1971,,,
forst101,"Forster","Tom",08/04/1882,,,
forse101,"Forsyth","Ed",10/02/1915,,,
forsl001,"Forsythe","Logan",05/04/2011,,,
fortt001,"Fortugno","Tim",07/20/1992,,,
fortb001,"Fortunato","Bartolome",06/29/2004,,,
fortg101,"Fortune","Gary",10/05/1916,,,
fosnj101,"Fosnow","Jerry",06/29/1964,,,
fossg101,"Foss","George",04/16/1921,,,
fossl101,"Foss","Larry",09/18/1961,,,
fosst001,"Fossas","Tony",05/15/1988,,,
fossr101,"Fosse","Ray",09/08/1967,,,
fossc001,"Fossum","Casey",07/28/2001,,,
fosta101,"Foster","Alan",04/25/1967,,,
fostp101,"Foster","Pop",09/13/1898,,,06/30/1900
foste103,"Foster","Eddie",04/14/1910,,,
foste102,"Foster","Ed",07/31/1908,,,
foste101,"Foster","Elmer",04/17/1886,,,
fostr103,"Foster","Rube",04/10/1913,,,
fostg001,"Foster","George",09/10/1969,,,
fostk002,"Foster","Kris",08/03/2001,,,
fostj001,"Foster","John",04/24/2002,,,
fostk001,"Foster","Kevin",09/12/1993,,,
fostl102,"Foster","Larry",09/18/1963,,,
fostl101,"Foster","Leo",07/09/1971,,,
fostr102,"Foster","Reddy",06/03/1896,,,
fostr104,"Foster","Robert",06/18/1884,,,
fostr101,"Foster","Roy",04/07/1970,,,
fosts001,"Foster","Steve",08/22/1991,,04/02/2007,
fothb101,"Fothergill","Bob",04/18/1922,,,
foucs101,"Foucault","Steve",04/07/1973,,,
foulk001,"Foulke","Keith",05/21/1997,,,
fourj101,"Fournier","Jack",04/13/1912,,,
fourh101,"Fournier","Henry",08/22/1894,,,
fousb101,"Fouser","Bill",04/22/1876,,,09/12/1876
foutd101,"Foutz","Dave",07/29/1884,04/28/1893,,
foutf101,"Foutz","Frank",04/26/1901,,,
fowld002,"Fowler","Dustin",06/29/2017,,,
fowlj101,"Fowler","Jesse",07/29/1924,,,
fowla101,"Fowler","Art",04/17/1954,,04/08/1969,
fowlb101,"Fowler","Boob",05/06/1923,,,
fowld101,"Fowler","Dick",09/13/1941,,,
fowld001,"Fowler","Dexter",09/02/2008,,,
fowla001,"Fowlkes","Alan",04/07/1982,,,
fox-a001,"Fox","Andy",04/07/1996,,04/02/2007,
fox-c001,"Fox","Chad",07/13/1997,,,
fox-c101,"Fox","Charlie",09/24/1942,5/24/1970,04/12/1965,
fox-e001,"Fox","Eric",07/07/1992,,,
fox-p102,"Fox","Pete",04/12/1933,,,
fox-p101,"Fox","George",07/13/1891,,,
fox-h101,"Fox","Howie",09/17/1944,,,
fox-h102,"Fox","Jacob",09/04/1902,,,
fox-n101,"Fox","Nellie",06/08/1947,,04/12/1965,
fox-j001,"Fox","Jake",07/19/2007,,,
fox-j102,"Fox","John",06/02/1881,,,
fox-j101,"Fox","Jack",06/02/1908,,,
fox-m001,"Fox","Matt",09/03/2010,,,
fox-t101,"Fox","Terry",09/04/1960,,,
fox-b101,"Fox","Bill",08/20/1897,,,
foxeb101,"Foxen","Bill",05/05/1908,,,
foxxj101,"Foxx","Jimmie",05/01/1925,,04/18/1944,
foy-j101,"Foy","Joe",04/13/1966,,,
foytp101,"Foytack","Paul",04/21/1953,,,
fraik101,"Frailing","Ken",09/01/1972,,,
frano101,"France","Ossie",07/14/1890,,,
frane101,"Francis","Earl",06/30/1960,,,
franj003,"Francis","Jeff",08/25/2004,,,
franr101,"Francis","Ray",04/18/1922,,,
franf001,"Francisco","Frank",05/14/2004,,,
franj005,"Francisco","Juan",09/14/2009,,,
franb001,"Francisco","Ben",05/01/2007,,,
franj001,"Franco","John",04/24/1984,,,
franj002,"Franco","Julio",04/23/1982,,,
franm004,"Franco","Maikel",09/02/2014,,,
franm001,"Franco","Matt",09/06/1995,,,
franj004,"Francoeur","Jeff",07/07/2005,,,
frant101,"Francona","Tito",04/17/1956,,,
frant001,"Francona","Terry",08/19/1981,4/1/1997,04/01/1996,
frank001,"Frandsen","Kevin",04/28/2006,,,
franc101,"Frank","Charlie",08/18/1893,,,
franf102,"Frank","Fred",09/27/1898,,,
franm003,"Frank","Mike",06/19/1998,,,
franf101,"Frankhouse","Fred",09/07/1927,,,
franw001,"Franklin","Wayne",07/24/2000,,,
franj102,"Franklin","Jack",06/12/1944,,,
franj101,"Franklin","Jay",09/04/1971,,,
franm002,"Franklin","Micah",05/13/1997,,,
franm101,"Franklin","Moe",08/12/1941,,,
frann001,"Franklin","Nick",05/27/2013,,,
franr001,"Franklin","Ryan",05/15/1999,,,
franu101,"Franklin",,09/27/1884,,,
frans001,"Frankoff","Seth",06/09/2017,,,
franh101,"Franks","Herman",04/27/1939,4/12/1965,04/19/1949,
frarc001,"Frare","Caleb",09/02/2018,,,
frasj001,"Frascatore","John",07/21/1994,,,
frasc101,"Fraser","Chick",04/16/1896,,04/14/1914,
frasw001,"Fraser","Willie",09/10/1986,,,
frasj002,"Frasor","Jason",04/16/2004,,,
fraza001,"Frazier","Adam",06/24/2016,,,
frazl001,"Frazier","Lou",04/08/1993,,03/31/2008,
frazc001,"Frazier","Clint",07/01/2017,,,
frazg001,"Frazier","George",05/25/1978,,,
frazj001,"Frazier","Jeff",07/30/2010,,,
frazj101,"Frazier","Joe",08/31/1947,4/9/1976,,
frazt001,"Frazier","Todd",05/23/2011,,,
frasv101,"Frazier","Vic",04/18/1931,,,
fredj101,"Frederick","Johnny",04/18/1929,,,
fredk001,"Frederick","Kevin",07/15/2002,,,
freds001,"Fredrickson","Scott",04/29/1993,,,
freee101,"Freed","Ed",09/11/1942,,,
freer101,"Freed","Roger",09/18/1970,,,
freeb103,"Freehan","Bill",09/26/1961,,,
freer001,"Freel","Ryan",04/04/2001,,,
freek001,"Freeland","Kyle",04/04/2017,,,
freeb101,"Freeman","Buck",04/13/1921,,,
freej105,"Freeman","Jerry",04/14/1908,,,
freef001,"Freeman","Freddie",09/01/2010,,,
freeh102,"Freeman","Harvey",07/10/1921,,,
freeh101,"Freeman","Hersh",09/10/1952,,,
freej104,"Freeman","Jimmy",09/01/1972,,,
freej101,"Freeman","John",06/17/1927,,,
freeb102,"Freeman","Buck",06/27/1891,,,09/01/1900
freej103,"Freeman","Julie",10/10/1888,,,
freej001,"Freeman","Justin",04/17/2013,,,
freel001,"Freeman","LaVel",04/07/1989,,,
freem101,"Freeman","Mark",04/18/1959,,,
freem001,"Freeman","Marvin",09/16/1986,,,
freem002,"Freeman","Mike",07/17/2016,,,
freec001,"Freeman","Choo",06/04/2004,,,
frees001,"Freeman","Sam",06/01/2012,,,
freed001,"Freese","David",04/06/2009,,,
freeg102,"Freese","Gene",04/13/1955,,,
freeg101,"Freese","George",04/29/1953,,,
freej102,"Freeze","Jake",07/01/1925,,,
fregj101,"Fregosi","Jim",09/14/1961,6/2/1978,,
freiv101,"Freiburger","Vern",09/06/1941,,,
freih101,"Freigau","Howard",09/13/1922,,,
frein001,"Freiman","Nate",04/03/2013,,,
freia001,"Freire","Alejandro",08/09/2005,,,
freid101,"Freisleben","Dave",04/26/1974,,,
freit101,"Freitas","Tony",05/31/1932,,,
freid001,"Freitas","David",08/30/2017,,,
frenc101,"French","Charlie",05/23/1909,,,
frenp101,"French","Pat",07/02/1917,,,
frenl101,"French","Larry",04/18/1929,,,
frenl001,"French","Lucas",05/15/2009,,,
frenr101,"French","Ray",09/17/1920,,,
frenj101,"French","Jim",09/12/1965,,,
frenw101,"French","Walt",09/15/1923,,,
frenb101,"French","Bill",04/14/1873,,,
frief101,"Freund","Lentz",08/02/1896,,,
freyb101,"Frey","Benny",09/18/1929,,,
freyl101,"Frey","Lonny",08/29/1933,,,
freys001,"Frey","Steve",05/10/1989,,,
friac001,"Frias","Carlos",08/04/2014,,,
friah001,"Frias","Hanley",06/21/1997,,,
friap101,"Frias","Pepe",04/06/1973,,,
fribb101,"Friberg","Bernie",08/20/1919,,,
fricm101,"Fricano","Marion",09/06/1952,,,
frids101,"Friday","Skipper",06/17/1923,,,
fridj101,"Fridley","Jim",04/15/1952,,,
friec101,"Fried","Cy",09/17/1920,,,
friem001,"Fried","Max",08/08/2017,,,
friec001,"Friedrich","Christian",05/09/2012,,,
frieb104,"Friedrichs","Bob",05/17/1932,,,
friep102,"Friel","Pat",07/13/1890,,,
frieb103,"Friel","Bill",05/03/1901,,,06/16/1920
fried101,"Friend","Danny",09/10/1895,,,
frieo101,"Friend","Owen",10/02/1949,,04/08/1969,
frieb102,"Friend","Bob",04/28/1951,,,
friee001,"Frieri","Ernesto",09/26/2009,,,
frieb101,"Frierson","Buck",09/09/1941,,,
friep101,"Fries","Pete",08/10/1883,,,
frilj101,"Frill","John",04/16/1910,,,
frinf101,"Frink","Fred",07/01/1934,,,
frisc101,"Frisbee","Charlie",06/22/1899,,,
frisf101,"Frisch","Frankie",06/17/1919,7/25/1933,04/19/1949,
frisd101,"Frisella","Danny",07/27/1967,,,
frise101,"Frisk","Emil",09/02/1899,,,
fritc101,"Fritz","Charlie",10/05/1907,,,
frith101,"Fritz","Harry",09/29/1913,,,
fritl101,"Fritz","Larry",05/30/1975,,,
froab101,"Froats","Bill",04/22/1955,,,
frobd001,"Frobel","Doug",09/05/1982,,,
frocs101,"Frock","Sam",09/21/1907,,,
froeb101,"Froehlich","Al",07/02/1909,,,
froht001,"Frohwirth","Todd",08/10/1987,,,
froma101,"Fromme","Art",09/14/1906,,,
frosd101,"Frost","Dave",09/11/1977,,,
frute001,"Fruto","Emiliano",05/14/2006,,,
fry-j001,"Fry","Jace",09/05/2017,,,
fry-j102,"Fry","Jerry",09/04/1978,,,
fry-j101,"Fry","Johnson",08/24/1923,,,
fry-p001,"Fry","Paul",06/29/2018,,,
fryec101,"Frye","Charlie",07/28/1940,,,
fryej001,"Frye","Jeff",07/09/1992,,,
fryee001,"Fryer","Eric",06/26/2011,,,
frymt001,"Fryman","Travis",07/07/1990,,,
frymw101,"Fryman","Woodie",04/15/1966,,,
fuchc101,"Fuchs","Charlie",04/17/1942,,,
fuenb001,"Fuentes","Brian",06/02/2001,,,
fuenm001,"Fuentes","Mike",09/02/1983,,,
fuenm101,"Fuentes","Miguel",09/01/1969,,,
fuenr001,"Fuentes","Reymond",08/26/2013,,,
fuent101,"Fuentes","Tito",08/18/1965,,,
fuhro102,"Fuhr","Oscar",04/19/1921,,,
fuhro101,"Fuhrman","Ollie",04/13/1922,,,
fujik001,"Fujikawa","Kyuji",04/01/2013,,,
fukuk001,"Fukudome","Kosuke",03/31/2008,,,
fukuk002,"Fukumori","Kazuo",03/31/2008,,,
fulcj001,"Fulchino","Jeff",06/22/2006,,,
fulds001,"Fuld","Sam",09/05/2007,,,
fulgj101,"Fulgham","John",06/19/1979,,,
fulgd101,"Fulghum","Dot",09/15/1921,,,
fulln101,"Fuller","Nig",07/01/1902,,,
fulle101,"Fuller","Ed",07/17/1886,,,
fullf101,"Fuller","Frank",04/14/1915,,,
fullh101,"Fuller","Harry",09/19/1891,,,
fullj102,"Fuller","Jim",09/10/1973,,,
fullj101,"Fuller","John",05/09/1974,,,
fullv101,"Fuller","Vern",09/05/1964,,,
fulls101,"Fuller","Shorty",07/19/1888,,,
fullc102,"Fullerton","Curt",04/14/1921,,,
fullc101,"Fullis","Chick",04/13/1928,,,
fullb001,"Fullmer","Brad",09/02/1997,,,
fulmc001,"Fulmer","Carson",07/17/2016,,,
fulmc102,"Fulmer","Chick",06/05/1871,,,08/27/1872
fulmc101,"Fulmer","Chris",08/04/1884,,,06/10/1887
fulmm001,"Fulmer","Michael",04/29/2016,,,
fulmw101,"Fulmer","Washington",07/19/1875,,,
fultb001,"Fulton","Bill",09/12/1987,,,
fultd101,"Fultz","Dave",07/01/1898,,,
fulta001,"Fultz","Aaron",04/05/2000,,,
fundm001,"Funderburk","Mark",09/04/1981,,,
funkl101,"Funk","Liz",04/26/1929,,,
funkf101,"Funk","Frank",09/03/1960,,04/09/1976,
funkt001,"Funk","Tom",07/24/1986,,,
furbc001,"Furbush","Charlie",05/23/2011,,,
furcr001,"Furcal","Rafael",04/04/2000,,,
furic101,"Furillo","Carl",04/16/1946,,,
furmj001,"Furmaniak","J.J.",09/13/2005,,,
fusse101,"Fusselback","Eddie",05/03/1882,,,
fussc001,"Fussell","Chris",09/15/1998,,,
fussf101,"Fussell","Fred",09/23/1922,,,
fussl101,"Fusselman","Les",04/16/1952,,,
fyhrm001,"Fyhrie","Mike",09/14/1996,,,
