ID,Last,First,Play debut,Mgr debut,Coach debut,Ump debut
cabap101,"Caballero","Putsy",09/14/1944,,,
cabee001,"Cabell","Enos",09/17/1972,,,
cabrc001,"Cabral","Cesar",09/02/2013,,,
cabra003,"Cabrera","Alberto",08/01/2012,,,
cabra001,"Cabrera","Alex",06/26/2000,,,
cabra101,"Cabrera","Al",05/16/1913,,,
cabra002,"Cabrera","Asdrubal",08/08/2007,,,
cabrd001,"Cabrera","Daniel",05/13/2004,,,
cabre002,"Cabrera","Edwar",06/27/2012,,,
cabre001,"Cabrera","Everth",04/08/2009,,,
cabrf002,"Cabrera","Fernando",08/20/2004,,,
cabrf001,"Cabrera","Francisco",07/24/1989,,,
cabrj002,"Cabrera","Jolbert",04/12/1998,,,
cabrj001,"Cabrera","Jose",07/15/1997,,,
cabrm001,"Cabrera","Miguel",06/20/2003,,,
cabrm003,"Cabrera","Mauricio",06/27/2016,,,
cabrm002,"Cabrera","Melky",07/07/2005,,,
cabro001,"Cabrera","Orlando",09/03/1997,,,
cabrr001,"Cabrera","Ramon",09/05/2015,,,
cacec101,"Cacek","Craig",06/18/1977,,,
cacee001,"Caceres","Edgar",06/08/1995,,,
cadag001,"Cadaret","Greg",07/05/1987,,,
cadol101,"Cadore","Leon",04/28/1915,,,
cadyc101,"Cady","Charlie",09/05/1883,,,
cadyh101,"Cady","Hick",04/26/1912,,,
cafet101,"Cafego","Tom",09/03/1937,,,
caffj101,"Caffie","Joe",09/13/1956,,,
caffb101,"Caffyn","Ben",08/21/1906,,,
cagew101,"Cage","Wayne",04/22/1978,,,
cahij101,"Cahill","John",05/31/1884,,,
cahit101,"Cahill","Tom",04/09/1891,,,
cahit001,"Cahill","Trevor",04/07/2009,,,
cainl101,"Cain","Les",04/28/1968,,,
cainl001,"Cain","Lorenzo",07/16/2010,,,
cainm001,"Cain","Matt",08/29/2005,,,
cains101,"Cain","Sugar",04/15/1932,,,
cainb101,"Cain","Bob",09/18/1949,,,
cairc001,"Cairncross","Cameron",07/20/2000,,,
cairm001,"Cairo","Miguel",04/17/1996,,,
caitg101,"Caithamer","George",09/17/1934,,,
caldi001,"Calderon","Ivan",08/10/1984,,,
calds101,"Calderone","Sam",04/19/1950,,,
caldb101,"Caldwell","Bruce",06/30/1928,,,
caldc101,"Caldwell","Charlie",07/07/1925,,,
calde101,"Caldwell","Earl",09/08/1928,,,
caldr102,"Caldwell","Ralph",09/10/1904,,,
caldm001,"Caldwell","Mike",09/04/1971,,,
caldr101,"Caldwell","Ray",09/09/1910,,,
calek001,"Calero","Kiko",04/02/2003,,,
calhj001,"Calhoun","Jeff",09/02/1984,,,
calhj101,"Calhoun","Jack",06/27/1902,,,
calhk001,"Calhoun","Kole",05/22/2012,,,
calhb101,"Calhoun","Bill",04/24/1913,,,
calhw001,"Calhoun","Willie",09/12/2017,,,
calic001,"Cali","Carmen",09/08/2004,,,
calif101,"Caligiuri","Fred",09/03/1941,,,
caliw101,"Calihan","Will",04/17/1890,,,
calio001,"Calixte","Orlando",04/19/2015,,,
callm101,"Callaghan","Marty",04/13/1922,,,
callp101,"Callaghan","Pat",05/01/1884,,,
callb101,"Callahan","Ben",06/22/1983,,,
calld101,"Callahan","Dave",09/14/1910,,,
calle101,"Callahan","Ed",07/19/1884,,,07/16/1881
callj001,"Callahan","Jamie",09/02/2017,,,
calln101,"Callahan","Nixey",05/12/1894,4/22/1903,,07/07/1901
callj104,"Callahan","Jim",05/25/1902,,,
callj103,"Callahan","John",09/03/1898,,,
callj102,"Callahan","Joe",09/13/1939,,,
calll101,"Callahan","Leo",04/09/1913,,,
callr101,"Callahan","Ray",09/12/1915,,,
callw101,"Callahan","Wese",09/07/1913,,,
calla001,"Callaspo","Alberto",08/06/2006,,,
callf101,"Callaway","Frank",09/17/1921,,,
callm001,"Callaway","Mickey",06/12/1999,03/29/2018,04/02/2013,
callj101,"Callison","Johnny",09/09/1958,,,
callr001,"Calloway","Ron",03/31/2003,,,
calmd101,"Calmus","Dick",04/22/1963,,,
calvm001,"Calvert","Mark",04/17/1983,,,
calvp101,"Calvert","Paul",09/24/1942,,,
calvj101,"Calvo","Jack",05/09/1913,,,
calzn001,"Calzado","Napoleon",05/29/2005,,,
camae001,"Camacho","Ernie",05/22/1980,,,
camaj001,"Camargo","Johan",04/11/2017,,,
cambf101,"Cambria","Fred",08/26/1970,,,
cameh101,"Camelli","Hank",10/03/1943,,,
camej101,"Cameron","Jack",09/13/1906,,,
camek001,"Cameron","Kevin",04/05/2007,,,
camem001,"Cameron","Mike",08/27/1995,,,
camid102,"Camilli","Dolph",09/09/1933,,,
camid101,"Camilli","Doug",09/25/1960,,04/10/1968,
camil101,"Camilli","Lou",08/09/1969,,,
camia001,"Caminero","Arquimedes",08/16/2013,,,
camik001,"Caminiti","Ken",07/16/1987,,,
camme001,"Cammack","Eric",04/28/2000,,,
camnh102,"Camnitz","Harry",09/29/1909,,,
camnh101,"Camnitz","Howie",04/22/1904,,,
camph102,"Camp","Howie",09/19/1917,,,
campr001,"Camp","Rick",09/15/1976,,,
campl101,"Camp","Lew",08/25/1892,,,
camps002,"Camp","Shawn",04/05/2004,,,
campk101,"Camp","Kid",05/03/1892,,,
campt001,"Campana","Tony",05/17/2011,,,
campr102,"Campanella","Roy",04/20/1948,,,
campb101,"Campaneris","Bert",07/23/1964,,,
campa101,"Campanis","Al",09/23/1943,,,
campj105,"Campanis","Jim",09/20/1966,,,
campc101,"Campau","Count",07/07/1888,06/28/1890,,
campa102,"Campbell","Archie",04/21/1928,,,
campv101,"Campbell","Vin",06/06/1908,,,
campb102,"Campbell","Bruce",09/12/1930,,,
camps104,"Campbell","Soup",04/21/1940,,,
campd102,"Campbell","Dave",05/06/1977,,,
campd101,"Campbell","Dave",09/17/1967,,,
campe001,"Campbell","Eric",05/10/2014,,,
camph101,"Campbell","Hugh",04/28/1873,,,
campj001,"Campbell","Jim",08/21/1990,,,
campj103,"Campbell","Jim",04/11/1970,,,
campj104,"Campbell","Jim",07/17/1962,,,
campj102,"Campbell","John",07/23/1933,,,
campj101,"Campbell","Joe",05/03/1967,,,
campk001,"Campbell","Kevin",07/19/1991,,,
campm102,"Campbell","Marc",09/30/1907,,,
campm101,"Campbell","Michael",04/28/1873,,,
campm001,"Campbell","Mike",07/04/1987,,,
campp101,"Campbell","Paul",04/15/1941,,,
campb002,"Campbell","Brett",09/07/2006,,,
campr101,"Campbell","Ron",09/01/1964,,,
camps101,"Campbell","Sam",10/11/1890,,,
campg101,"Campbell","Gilly",04/25/1933,,,
campb103,"Campbell","Billy",04/17/1905,,,
campb001,"Campbell","Bill",07/14/1973,,04/05/1999,
campc102,"Camper","Cardell",09/11/1977,,,
camps103,"Campfield","Sal",05/15/1896,,,
campj002,"Campillo","Jorge",05/20/2005,,,
camps102,"Campisi","Sal",08/15/1969,,,
campf101,"Campos","Frank",09/11/1951,,,
campv001,"Campos","Vicente",08/27/2016,,,
campl001,"Campos","Leonel",09/03/2014,,,
camps001,"Campusano","Sil",04/04/1988,,,
canag001,"Canale","George",09/03/1989,,,
canaw001,"Canate","Willie",04/16/1993,,,
canah101,"Canavan","Hugh",04/23/1918,,,
canaj101,"Canavan","Jim",04/08/1891,,,
cancr001,"Cancel","Robinson",09/03/1999,,,
candc001,"Candaele","Casey",06/05/1986,,04/04/2016,
candj001,"Candelaria","John",06/08/1975,,,
candj002,"Candelario","Jeimer",07/03/2016,,,
candm101,"Candini","Milo",05/01/1943,,,
candt001,"Candiotti","Tom",08/08/1983,,,
canej101,"Caneira","John",09/10/1977,,,
cangj001,"Cangelosi","John",06/30/1985,,,
canhm001,"Canha","Mark",04/08/2015,,,
canib001,"Canizares","Barbaro",06/11/2009,,,
canij001,"Canizaro","Jay",04/28/1996,,,
cannr101,"Cannell","Rip",04/14/1904,,,
canna001,"Cannizaro","Andy",09/05/2006,,,
cannc101,"Cannizzaro","Chris",04/17/1960,,04/09/1976,
cannj101,"Cannon","Joe",09/22/1977,,,
canoj001,"Cano","Jose",08/28/1989,,,
canor001,"Cano","Robinson",05/03/2005,,,
cansj001,"Canseco","Jose",09/02/1985,,,
canso001,"Canseco","Ozzie",07/18/1990,,,
cantg101,"Cantrell","Guy",08/18/1925,,,
cantj001,"Cantu","Jorge",07/17/2004,,,
cantb102,"Cantwell","Ben",08/19/1927,,,
cantm101,"Cantwell","Mike",09/17/1916,,,
cantt101,"Cantwell","Tom",05/19/1909,,,
cantb101,"Cantz","Bart",07/25/1888,,,
canzr001,"Canzler","Russ",09/15/2011,,,
capem001,"Capel","Mike",05/07/1988,,,
capej001,"Capellan","Jose",09/12/2004,,,
capid101,"Capilla","Doug",09/12/1976,,,
cappc001,"Capps","Carter",08/03/2012,,,
cappm001,"Capps","Matt",09/16/2005,,,
cappg101,"Cappuzzello","George",05/31/1981,,,
caprb101,"Capra","Buzz",09/15/1971,,,
caprn001,"Capra","Nick",09/06/1982,,04/02/2017,
caprp101,"Capri","Pat",07/16/1944,,,
caprr101,"Capron","Ralph",04/25/1912,,,
capuc001,"Capuano","Chris",05/04/2003,,,
carar001,"Caraballo","Ramon",09/09/1993,,,
caram001,"Carasiti","Matt",08/12/2016,,,
carav001,"Caratini","Victor",06/28/2017,,,
carap101,"Caraway","Pat",04/19/1930,,,
carbj101,"Carbine","John",05/08/1875,,,
carbb101,"Carbo","Bernie",09/02/1969,,,
cardj102,"Carden","John",05/18/1946,,,
cardj101,"Cardenal","Jose",04/14/1963,,04/05/1993,
carda001,"Cardenas","Adrian",05/07/2012,,,
cardl101,"Cardenas","Leo",07/25/1960,,,
cardc101,"Cardinal","Conrad",04/11/1963,,,
cardj001,"Cardona","Javier",05/31/2000,,,
cardb101,"Cardoni","Ben",08/22/1943,,,
cards001,"Cardullo","Stephen",08/26/2016,,,
cardd101,"Cardwell","Don",04/21/1957,,,
carer001,"Carew","Rod",04/11/1967,,04/07/1992,
carea101,"Carey","Andy",05/02/1952,,,
cares101,"Carey","Scoops",04/26/1895,,,
carem101,"Carey","Max",10/03/1910,4/12/1932,04/15/1930,
carep001,"Carey","Paul",05/25/1993,,,
carer101,"Carey","Roger",07/09/1887,,,
caret102,"Carey","Tom",07/19/1935,,04/16/1946,
caret101,"Carey","Tom",05/04/1871,07/21/1873,,05/26/1873
caffu101,"Carfrey","Ed",04/19/1890,,,
cargb101,"Cargo","Bobby",10/06/1892,,,
carie001,"Caridad","Esmailin",08/10/2009,,,
caria001,"Carignan","Andrew",09/02/2011,,,
carif101,"Carisch","Fred",08/31/1903,,04/18/1923,
carlf101,"Carl","Fred",07/25/1889,,,
carll102,"Carl","Lew",09/09/1874,,,
carls002,"Carle","Shane",04/14/2017,,,
carlj102,"Carleton","Jim",05/04/1871,,,
carlt101,"Carleton","Tex",04/17/1932,,,
carlj101,"Carlin","Jim",07/26/1941,,,
carll001,"Carlin","Luke",05/10/2008,,,
carlw101,"Carlisle","Walter",05/08/1908,,,
carlc102,"Carlos","Cisco",08/25/1967,,,
carld101,"Carlsen","Don",04/28/1948,,,
carld001,"Carlson","Dan",09/13/1996,,,
carlh101,"Carlson","Hal",04/13/1917,,,
carlj001,"Carlson","Jesse",04/10/2008,,,
carll101,"Carlson","Leon",05/31/1920,,,
carls101,"Carlstrom","Swede",09/12/1911,,,
carls001,"Carlton","Steve",04/12/1965,,,
carlb001,"Carlyle","Buddy",08/29/1999,,,
carlc101,"Carlyle","Cleo",05/16/1927,,,
carlr101,"Carlyle","Roy",04/16/1925,,,
carmd001,"Carman","Don",10/01/1983,,,
carmg101,"Carman","George",09/04/1890,,,
carmd101,"Carmel","Duke",09/10/1959,,,
carmc101,"Carmichael","Chet",09/05/1909,,,
carmf001,"Carmona","Fausto",04/15/2006,,,
carmr001,"Carmona","Rafael",05/18/1995,,,
carne101,"Carnett","Eddie",04/19/1941,,,
carnj101,"Carney","John",04/24/1889,,,08/13/1890
carnp101,"Carney","Pat",09/20/1901,,,
carnb101,"Carney","Bill",08/22/1904,,,
carpm001,"Carp","Mike",06/17/2009,,,
carpa001,"Carpenter","Andrew",08/27/2008,,,
carpb001,"Carpenter","Bubba",05/13/2000,,,
carpc002,"Carpenter","Chris",05/12/1997,,,
carpc003,"Carpenter","Chris",06/14/2011,,,
carpc001,"Carpenter","Cris",05/14/1988,,,
carpd001,"Carpenter","David",06/30/2011,,,
carpd002,"Carpenter","David",04/13/2012,,,
carpl101,"Carpenter","Lew",05/01/1943,,,
carpm002,"Carpenter","Matt",06/04/2011,,,
carpp101,"Carpenter","Paul",07/26/1916,,,
carpb101,"Carpenter","Bob",09/05/1940,,,
carpr001,"Carpenter","Ryan",04/01/2018,,,
carph101,"Carpenter","Hick",05/01/1879,,,
carpf101,"Carpin","Frank",05/25/1965,,,
carrc106,"Carr","Charlie",09/15/1898,,,
carrc001,"Carr","Chuck",04/28/1990,,,
carrl101,"Carr","Lew",07/02/1901,,,
carrg001,"Carrara","Giovanni",07/29/1995,,,
carrc003,"Carrasco","Carlos",09/01/2009,,,
carrd001,"Carrasco","D.J.",04/02/2003,,,
carrh001,"Carrasco","Hector",04/04/1994,,,
carra101,"Carrasquel","Alex",04/23/1939,,,
carrc105,"Carrasquel","Chico",04/18/1950,,,
carra001,"Carreno","Amalio",07/07/1991,,,
carrj002,"Carreno","Joel",08/23/2011,,,
carrc104,"Carreon","Cam",09/27/1959,,,
carrm001,"Carreon","Mark",09/08/1987,,,
carre001,"Carrera","Ezequiel",05/20/2011,,,
carrb102,"Carrick","Bill",07/30/1898,,,09/01/1900
carrb101,"Carrigan","Bill",07/07/1906,7/16/1913,,
carrc002,"Carrillo","Cesar",08/13/2009,,,
carrm002,"Carrillo","Matias",05/23/1991,,,
carrd104,"Carrithers","Don",08/01/1970,,,
carrb001,"Carroll","Brett",06/17/2007,,,
carrc103,"Carroll","Clay",09/02/1964,,,
carrc004,"Carroll","Cody",08/01/2018,,,
carrd103,"Carroll","Dixie",09/12/1919,,,
carre101,"Carroll","Ed",05/01/1929,,,
carrf101,"Carroll","Fred",05/01/1884,,,09/29/1887
carrj001,"Carroll","Jamey",09/11/2002,,,
carrs101,"Carroll","Scrappy",09/27/1884,,,
carro101,"Carroll","Ownie",06/20/1925,,,
carrp101,"Carroll","Pat",05/10/1884,,,06/24/1884
carrd102,"Carroll","Doc",06/27/1916,,,
carrd101,"Carroll","Dick",09/25/1909,,,
carrc102,"Carroll","Cliff",08/03/1882,,,
carrs001,"Carroll","Scott",04/27/2014,,,
carrt102,"Carroll","Tom",05/07/1955,,,
carrt101,"Carroll","Tom",07/07/1974,,,
carrc101,"Carroll",,04/17/1884,,,
carsk102,"Carsey","Kid",04/08/1891,,,09/07/1891
carsa101,"Carson","Al",05/06/1910,,,
carsm001,"Carson","Matt",09/18/2009,,,
carsr001,"Carson","Robert",05/18/2012,,,
carsk101,"Carson","Kit",07/21/1934,,,
carsf101,"Carswell","Frank",04/17/1953,,,
carta001,"Carter","Andy",05/03/1994,,,
carta101,"Carter","Arnold",04/29/1944,,,
cartn101,"Carter","Nick",04/14/1908,,,
cartg001,"Carter","Gary",09/16/1974,,,
cartj002,"Carter","Jeff",07/31/1991,,,
carth101,"Carter","Howie",06/21/1926,,,
cartj001,"Carter","Joe",07/30/1983,,,
cartl002,"Carter","Lance",09/15/1999,,,
cartl001,"Carter","Larry",09/06/1992,,,
cartb101,"Carter","Blackie",10/03/1925,,,
cartp101,"Carter","Paul",09/15/1914,,,
carts101,"Carter","Sol",04/15/1931,,,
carts001,"Carter","Steve",04/16/1989,,,
cartc002,"Carter","Chris",08/09/2010,,,
cartc001,"Carter","Chris",06/05/2008,,,
carte101,"Cartwright","Ed",07/10/1890,,,
cartr101,"Carty","Rico",09/15/1963,,,
carum001,"Caruso","Mike",03/31/1998,,,
carub101,"Caruthers","Bob",09/07/1884,08/20/1892,,05/10/1886
carvm001,"Carvajal","Marcos",04/06/2005,,,
caryc001,"Cary","Chuck",08/22/1985,,,
carys101,"Cary","Scott",05/01/1947,,,
casaj101,"Casale","Jerry",09/14/1958,,,
casac001,"Casali","Curt",07/18/2014,,,
casap101,"Casanova","Paul",09/18/1965,,,
casar001,"Casanova","Raul",05/24/1996,,,
cascj101,"Cascarella","Joe",04/17/1934,,,
casec101,"Case","Charlie",07/05/1901,,,
caseg101,"Case","George",09/08/1937,,04/10/1961,
cased103,"Casey","Dan",08/18/1884,,,07/16/1888
cased102,"Casey","Dennis",08/18/1884,,,
caseh101,"Casey","Hugh",04/29/1935,,,
cased101,"Casey","Doc",09/14/1898,,,
casej101,"Casey","Joe",10/01/1909,,,
caseb102,"Casey","Bob",07/17/1882,,,
cases001,"Casey","Sean",09/12/1997,,,
caseb101,"Casey","Tommy",08/17/1887,,,
cashd101,"Cash","Dave",09/13/1969,,04/02/1996,
cashk001,"Cash","Kevin",09/06/2002,4/6/2015,04/02/2013,
cashn101,"Cash","Norm",06/18/1958,,,
cashr101,"Cash","Ron",09/04/1973,,,
cashc101,"Cashion","Carl",08/04/1911,,,
casha001,"Cashner","Andrew",05/31/2010,,,
casil001,"Casian","Larry",09/09/1990,,,
casia001,"Casilla","Alexi",09/01/2006,,,
garcj002,"Casilla","Santiago",08/09/2004,,,
casic001,"Casimiro","Carlos",07/31/2000,,,
caskc101,"Caskey","Craig",07/19/1973,,,
caske101,"Caskin","Ed",05/01/1879,,,09/26/1884
cassh101,"Cassady","Harry",08/08/1904,,,
cassj001,"Cassel","Jack",08/10/2007,,,
cassb001,"Cassevah","Bobby",04/09/2010,,,
casse101,"Cassian","Ed",06/26/1891,,,
cassj102,"Cassiday","Joe",04/18/1904,,,
cassj103,"Cassidy","John",04/24/1875,,,07/28/1875
cassp101,"Cassidy","Pete",04/18/1896,,,
casss001,"Cassidy","Scott",04/01/2002,,,
cassj101,"Cassini","Jack",04/19/1949,,,
castp001,"Castellano","Pedro",05/30/1993,,,
casta003,"Castellanos","Alex",05/31/2012,,,
castn001,"Castellanos","Nick",09/01/2013,,,
castg101,"Caster","George",09/10/1934,,,
castj102,"Castiglia","Jim",04/14/1942,,,
castp102,"Castiglione","Pete",09/10/1947,,,
castv001,"Castilla","Vinny",09/01/1991,,,
casta002,"Castillo","Alberto",07/08/2008,,,
casta001,"Castillo","Alberto",05/28/1995,,,
castt101,"Castillo","Tony",09/22/1978,,,
castt001,"Castillo","Tony",08/14/1988,,,
castb001,"Castillo","Braulio",08/18/1991,,,
castc002,"Castillo","Carlos",04/02/1997,,,
castd002,"Castillo","Diego",06/06/2018,,,
castm101,"Castillo","Manny",09/01/1980,,,
castf003,"Castillo","Fabio",09/02/2017,,,
castf001,"Castillo","Frank",06/27/1991,,,
castj007,"Castillo","Jose",06/02/2018,,,
castj005,"Castillo","Jose",04/07/2004,,,
castj002,"Castillo","Juan",04/12/1986,,,
castj003,"Castillo","Juan",07/26/1994,,,
castl002,"Castillo","Lendy",04/09/2012,,,
castl001,"Castillo","Luis",08/08/1996,,,
castl003,"Castillo","Luis",06/23/2017,,,
castm001,"Castillo","Marty",08/19/1981,,,
castc001,"Castillo","Carmelo",07/17/1982,,,
castr001,"Castillo","Bobby",09/10/1977,,,
castr004,"Castillo","Rusney",09/17/2014,,,
castw002,"Castillo","Welington",08/11/2010,,,
castw001,"Castillo","Wilkin",09/02/2008,,,
castj001,"Castino","John",04/06/1979,,,
castv101,"Castino","Vince",06/24/1943,,,
castd101,"Castle","Don",09/11/1973,,,
castj101,"Castle","John",04/25/1910,,,
casts101,"Castleman","Slick",05/09/1934,,,
castf101,"Castleman","Foster",08/04/1954,,,
castr101,"Castleton","Roy",04/16/1907,,,
castp101,"Castner","Paul",08/06/1923,,,
castk001,"Casto","Kory",04/03/2007,,,
casta004,"Castro","Angel",05/09/2015,,,
castb002,"Castro","Bernie",09/01/2005,,,
castd001,"Castro","Daniel",06/17/2015,,,
castf002,"Castro","Fabio",04/06/2006,,,
casth001,"Castro","Harold",09/23/2018,,,
castj006,"Castro","Jason",06/22/2010,,,
castj004,"Castro","Juan",09/02/1995,,,
castl101,"Castro","Lou",04/23/1902,,,
castm002,"Castro","Miguel",04/06/2015,,,
castr002,"Castro","Ramon",08/27/1999,,,
castr003,"Castro","Ramon",06/21/2004,,,
casts002,"Castro","Simon",07/05/2013,,,
casts001,"Castro","Starlin",05/07/2010,,,
castb101,"Castro","Bill",08/20/1974,,04/06/1992,
cataf001,"Catalanotto","Frank",09/03/1997,,,
catet001,"Cate","Troy",05/27/2007,,,
cated101,"Cater","Danny",04/14/1964,,,
catee101,"Cates","Eli",04/20/1908,,,
cathm001,"Cather","Mike",07/13/1997,,,
catht101,"Cather","Ted",09/23/1912,,,
cathh101,"Cathey","Hardin",04/16/1942,,,
catok001,"Cato","Keefe",06/13/1983,,,
catoh101,"Caton","Howdy",09/17/1917,,,
cattj101,"Cattanach","John",06/05/1884,,,
cattt101,"Catterson","Tom",09/19/1908,,,
caudb001,"Caudill","Bill",05/12/1979,,,
caulj101,"Caulfield","Jake",04/24/1946,,,
causr101,"Causey","Red",04/26/1918,,,
causw101,"Causey","Wayne",06/05/1955,,,
kavau101,"Cavanaugh","James",09/11/1872,,,
cavaj101,"Cavanaugh","John",07/07/1919,,,
cavap101,"Cavarretta","Phil",09/16/1934,7/22/1951,04/11/1961,
cavaa001,"Cavazos","Andy",06/07/2007,,,
cavej001,"Cave","Jake",05/19/2018,,,
cavei101,"Caveney","Ike",04/12/1922,,,
cavep101,"Cavet","Pug",04/25/1911,,,
cecca101,"Ceccarelli","Art",05/03/1955,,,
ceccg001,"Cecchini","Garin",06/01/2014,,,
ceccg002,"Cecchini","Gavin",09/11/2016,,,
cecej001,"Cecena","Jose",04/06/1988,,,
cecib001,"Cecil","Brett",05/05/2009,,,
cecir101,"Cecil","Rex",08/13/1944,,,
cecid001,"Ceciliani","Darrell",05/19/2015,,,
cedaj001,"Ceda","Jose",09/06/2010,,,
cedea001,"Cedeno","Andujar",09/02/1990,,,
cedec001,"Cedeno","Cesar",06/20/1970,,,
ceded001,"Cedeno","Domingo",05/19/1993,,,
ceder001,"Cedeno","Roger",06/20/1995,,,
ceder002,"Cedeno","Ronny",04/23/2005,,,
cedex001,"Cedeno","Xavier",09/16/2011,,,
centj001,"Centeno","Juan",09/18/2013,,,
centp101,"Center","Pete",09/11/1942,,,
cepeo101,"Cepeda","Orlando",04/15/1958,,04/10/1980,
cepim001,"Cepicky","Matthew",07/31/2002,,,
cerdj001,"Cerda","Jaime",06/28/2002,,,
cerme101,"Cermak","Ed",09/09/1901,,,
ceror001,"Cerone","Rick",08/17/1975,,,
cerrj001,"Cerros","Juan",09/08/2003,,,
ceruj001,"Cerutti","John",09/01/1985,,,
cervb101,"Cerv","Bob",08/01/1951,,,
cervf001,"Cervelli","Francisco",09/18/2008,,,
cervm001,"Cervenak","Mike",07/11/2008,,,
cervh001,"Cervenka","Hunter",04/12/2016,,,
cespy001,"Cespedes","Yoenis",03/28/2012,,,
cessl001,"Cessa","Luis",04/08/2016,,,
cey-r001,"Cey","Ron",09/03/1971,,,
chaca001,"Chacin","Alejandro",08/23/2017,,,
chacg001,"Chacin","Gustavo",09/20/2004,,,
chacj001,"Chacin","Jhoulys",07/25/2009,,,
chace101,"Chacon","Elio",04/20/1960,,,
chacs001,"Chacon","Shawn",04/29/2001,,,
chadc101,"Chadbourne","Chet",09/17/1906,,,
chadr001,"Chadwick","Ray",07/29/1986,,,
chafa001,"Chafin","Andrew",08/13/2014,,,
chagl101,"Chagnon","Leon",10/05/1929,,,
chakb101,"Chakales","Bob",04/21/1951,,,
chald101,"Chalk","Dave",09/04/1973,,,
chalg101,"Chalmers","George",09/21/1910,,,
chamc101,"Chamberlain","Craig",08/12/1979,,,
chame101,"Chamberlain","Ice Box",09/13/1886,,,09/25/1887
chamj102,"Chamberlain","Joe",04/17/1934,,,
chamj002,"Chamberlain","Joba",08/07/2007,,,
chamw001,"Chamberlain","Wes",08/31/1990,,,
chamb103,"Chamberlain","Bill",08/02/1932,,,
chama002,"Chambers","Adron",09/06/2011,,,
chama001,"Chambers","Al",07/23/1983,,,
chamc102,"Chambers","Cliff",04/24/1948,,,
chamj101,"Chambers","Johnnie",05/04/1937,,,
chamr101,"Chambers","Rome",05/07/1900,,,
chamb102,"Chambers","Bill",07/11/1910,,,
chamj001,"Chamblee","Jim",08/24/2003,,,
chamc001,"Chambliss","Chris",05/28/1971,,04/05/1988,
chamb101,"Champion","Bill",06/04/1969,,,
chamm101,"Champion","Mike",09/14/1976,,,
chanf101,"Chance","Frank",04/29/1898,7/1/1905,,07/18/1902
chanb101,"Chance","Bob",09/04/1963,,,
chand102,"Chance","Dean",09/11/1961,,,
chane102,"Chandler","Ed",04/18/1947,,,
chans101,"Chandler","Spud",05/06/1937,,04/16/1957,
chand101,"Chaney","Darrel",04/11/1969,,,
chane101,"Chaney","Esty",08/02/1913,,,
chanl101,"Channell","Les",05/11/1910,,,
chanc101,"Chant","Charlie",09/12/1975,,,
chapd001,"Chapin","Darrin",09/21/1991,,,
chape102,"Chaplin","Ed",09/04/1920,,,
chapt101,"Chaplin","Tiny",04/13/1928,,,
chapa001,"Chapman","Aroldis",08/31/2010,,,
chapc101,"Chapman","Calvin",09/10/1935,,,
chape101,"Chapman","Ed",08/06/1933,,,
chapf101,"Chapman","Frank",07/22/1887,,,
chapg101,"Chapman","Glenn",04/18/1934,,,
chaph102,"Chapman","Harry",10/06/1912,,,
chapj001,"Chapman","Jaye",09/04/2012,,,
chapj102,"Chapman","Jack",05/05/1874,04/25/1876,,06/26/1871
chapj101,"Chapman","John",06/28/1924,,,
chapk001,"Chapman","Kelvin",04/05/1979,,,
chapk002,"Chapman","Kevin",08/09/2013,,,
chapm001,"Chapman","Matt",06/15/2017,,,
chapr101,"Chapman","Ray",08/30/1912,,,
chaps101,"Chapman","Sam",05/16/1938,,,
chapt001,"Chapman","Travis",09/09/2003,,,
chapb102,"Chapman","Ben",04/15/1930,6/30/1945,04/15/1952,
chapf102,"Chapman","Fred",09/15/1939,,,
chaph101,"Chappas","Harry",09/07/1978,,,
chapl101,"Chappell","Larry",07/18/1913,,,
chapb101,"Chappelle","Bill",08/20/1908,,,
charj101,"Charboneau","Joe",04/11/1980,,,
charj001,"Chargois","J.T.",06/11/2016,,,
chare101,"Charles","Ed",04/11/1962,,,
charf001,"Charles","Frank",09/05/2000,,,
charc101,"Charles","Chappy",04/15/1908,,,
charn001,"Charlton","Norm",08/19/1988,,03/31/2008,
charm101,"Chartak","Mike",09/13/1940,,,
charp101,"Charton","Pete",04/19/1964,,,
chash101,"Chase","Hal",04/14/1905,9/21/1910,,
chask101,"Chase","Ken",04/23/1936,,,
chatb101,"Chatham","Buster",06/01/1930,,,
chatj101,"Chatterton","Jim",06/07/1884,,,
chatt001,"Chatwood","Tyler",04/11/2011,,,
chavo101,"Chavarria","Ossie",04/14/1966,,,
chava002,"Chavez","Angel",08/30/2005,,,
chava001,"Chavez","Anthony",09/02/1997,,,
chave002,"Chavez","Endy",05/29/2001,,,
chave001,"Chavez","Eric",09/08/1998,,,
chavj001,"Chavez","Jesse",08/27/2008,,,
chavn101,"Chavez","Nestor",09/09/1967,,,
chavr001,"Chavez","Raul",08/30/1996,,,
chead101,"Cheadle","Dave",09/16/1973,,,
checc101,"Chech","Charlie",04/14/1905,,,
checr001,"Checo","Robinson",09/16/1997,,,
cheeh101,"Cheek","Harry",04/30/1910,,,
cheev101,"Cheeves","Virgil",09/07/1920,,,
cheli101,"Chelini","Italo",09/12/1935,,,
chenb001,"Chen","Bruce",09/07/1998,,,
chenc001,"Chen","Chin-Feng",09/14/2002,,,
chenw001,"Chen","Wei-Yin",04/10/2012,,,
chenl101,"Cheney","Larry",09/09/1911,,,
chent101,"Cheney","Tom",04/21/1957,,,
cherr001,"Cherry","Rocky",04/23/2007,,,
cherp101,"Chervinko","Paul",05/30/1937,,,
chesj101,"Chesbro","Jack",07/12/1899,,04/15/1924,
chesb101,"Chesnes","Bob",05/06/1948,,,
chetm101,"Chetkovich","Mitch",04/19/1945,,,
chevt101,"Chevez","Tony",05/31/1977,,,
chias001,"Chiamparino","Scott",09/05/1990,,,
chias002,"Chiasson","Scott",09/19/2001,,,
chict001,"Chick","Travis",09/13/2006,,,
chicm001,"Chico","Matt",04/04/2007,,,
chiff001,"Chiffer","Floyd",04/07/1982,,,
chilh101,"Child","Harry",07/16/1930,,,
chilj001,"Childers","Jason",04/03/2006,,,
chilm001,"Childers","Matt",08/03/2002,,,
chilb101,"Childers","Bill",07/27/1895,,,
chilr001,"Childress","Rocky",05/17/1985,,,
chilc101,"Childs","Cupid",04/23/1888,,,
chilp102,"Childs","Pete",04/24/1901,,,
chilu101,"Childs","Sam",05/31/1883,,,
chilp101,"Chiles","Pearce",04/18/1899,,,
chilr101,"Chiles","Rich",04/20/1971,,,
chiod101,"Chiozza","Dino",07/14/1935,,,
chiol101,"Chiozza","Lou",04/17/1934,,,
chipb101,"Chipman","Bob",09/28/1941,,,
chipw101,"Chipple","Walt",04/17/1945,,,
chirr001,"Chirinos","Robinson",07/18/2011,,,
chiry001,"Chirinos","Yonny",04/01/2018,,,
chisl001,"Chisenhall","Lonnie",06/27/2011,,,
chist101,"Chism","Tom",09/13/1979,,,
chith101,"Chiti","Harry",09/27/1950,,,
chits001,"Chitren","Steve",09/05/1990,,,
chitn101,"Chittum","Nelson",08/17/1958,,,
chlub101,"Chlupsa","Bob",07/16/1970,,,
cho-j001,"Cho","Jin Ho",07/04/1998,,,
choad101,"Choate","Don",09/12/1960,,,
choar001,"Choate","Randy",07/01/2000,,,
choih001,"Choi","Hee-Seop",09/03/2002,,,
choij001,"Choi","Ji-Man",04/05/2016,,,
choim001,"Choice","Michael",09/02/2013,,,
choos001,"Choo","Shin-Soo",04/21/2005,,,
chouf101,"Chouinard","Felix",09/11/1910,,,
choub001,"Chouinard","Bobby",05/26/1996,,,
chouc101,"Chouneau","Chief",10/09/1910,,,
chozh101,"Chozen","Harry",09/21/1937,,,
chrim101,"Chris","Mike",07/31/1979,,,
chrin101,"Chrisley","Neil",04/15/1957,,,
chril103,"Christenbury","Lloyd",09/20/1919,,,
chrib102,"Christensen","Bruce",07/17/1971,,,
chrij001,"Christensen","John",09/13/1984,,,
chrim002,"Christensen","McKay",04/06/1999,,,
chric101,"Christensen","Cuckoo",04/13/1926,,,
chrig101,"Christenson","Gary",09/01/1979,,,
chril101,"Christenson","Larry",04/13/1973,,,
chrir001,"Christenson","Ryan",04/20/1998,,03/29/2018,
chrij003,"Christian","Justin",06/24/2008,,,
chrib101,"Christian","Bob",09/02/1968,,,
chrin001,"Christiani","Nick",08/23/2013,,,
chric001,"Christiansen","Clay",05/10/1984,,,
chrij002,"Christiansen","Jason",04/26/1995,,,
chrim102,"Christman","Mark",04/20/1938,,,
chrit001,"Christman","Tim",04/21/2001,,,
chris001,"Christmas","Steve",09/01/1983,,,
chrij101,"Christopher","Joe",05/26/1959,,,
chril102,"Christopher","Loyd",04/20/1945,,,
chrim001,"Christopher","Mike",09/10/1991,,,
chrir101,"Christopher","Russ",04/14/1942,,,
chulv001,"Chulk","Vinnie",09/08/2003,,,
churb101,"Church","Bubba",04/30/1950,,,
churh101,"Church","Hi",08/23/1890,,,
churl101,"Church","Len",08/27/1966,,,
churr001,"Church","Ryan",08/21/2004,,,
churc101,"Churn","Chuck",04/18/1957,,,
churj101,"Churry","John",05/24/1924,,,
ciafl101,"Ciaffone","Larry",04/17/1951,,,
ciana001,"Cianfrocco","Archi",04/08/1992,,,
ciarm001,"Ciardi","Mark",04/09/1987,,,
ciasd101,"Cias","Darryl",04/27/1983,,,
cicej101,"Cicero","Joe",09/20/1929,,,
cicoa101,"Cicotte","Al",04/22/1957,,,
cicoe101,"Cicotte","Eddie",09/03/1905,,,
ciest101,"Cieslak","Ted",04/18/1944,,,
cihoa101,"Cihocki","Al",04/17/1945,,,
cihoe101,"Cihocki","Ed",05/29/1932,,,
cimba001,"Cimber","Adam",03/29/2018,,,
cimip101,"Cimino","Pete",09/22/1965,,,
cimog101,"Cimoli","Gino",04/19/1956,,,
cimof001,"Cimorelli","Frank",04/30/1994,,,
cingt001,"Cingrani","Tony",09/09/2012,,,
cinta001,"Cintron","Alex",07/24/2001,,03/29/2018,
cioll101,"Ciola","Lou",07/25/1943,,,
ciprf101,"Cipriani","Frank",09/08/1961,,,
cirip001,"Ciriaco","Pedro",09/08/2010,,,
cirij001,"Cirillo","Jeff",05/11/1994,,,
cisag101,"Cisar","George",09/09/1937,,,
ciscg101,"Cisco","Galen",06/11/1961,,04/06/1971,
cishs001,"Cishek","Steve",09/26/2010,,,
cisnj001,"Cisnero","Jose",04/22/2013,,,
cissb101,"Cissell","Bill",04/11/1928,,,
citar001,"Citarella","Ralph",09/13/1983,,,
ciufn001,"Ciuffo","Nick",09/03/2018,,,
clabm101,"Clabaugh","Moose",08/30/1926,,,
clacb101,"Clack","Bobby",05/13/1874,,,07/22/1876
claga001,"Claggett","Anthony",04/18/2009,,,
claip001,"Claiborne","Preston",05/05/2013,,,
claid101,"Claire","Davey",09/17/1920,,,
clana101,"Clancy","Al",06/20/1911,,,
clanj001,"Clancy","Jim",07/26/1977,,,
clanb101,"Clancy","Bud",08/29/1924,,,
clanb102,"Clancy","Bill",04/14/1905,,,
clanu101,"Clanton","Uke",09/21/1922,,,
clapc001,"Clapinski","Chris",07/17/1999,,,
clapa101,"Clapp","Aaron",05/01/1879,,,
clapj101,"Clapp","John",04/26/1872,04/26/1872,,06/04/1874
claps001,"Clapp","Stubby",06/18/2001,,,
clard106,"Clare","Denny",09/14/1872,,,
clard105,"Clarey","Doug",04/20/1976,,,
clara102,"Clark","Allie",08/05/1947,,,
clard104,"Clark","Dad",07/03/1902,,,
clart002,"Clark","Tony",09/03/1995,,,
clare103,"Clark","Earl",08/17/1927,,,
clarb003,"Clark","Brady",09/03/2000,,,
clarb001,"Clark","Bryan",04/11/1981,,,
clard101,"Clark","Danny",04/12/1922,,,
clard001,"Clark","Dave",09/03/1986,9/21/2009,04/03/2001,
clarc001,"Clark","Cody",08/23/2013,,,
clard002,"Clark","Doug",09/14/2005,,,
clare101,"Clark","Ed",07/04/1886,,,
clarg101,"Clark","George",05/16/1913,,,
clarg104,"Clark","Glen",06/03/1967,,,
clarp102,"Clark","Pep",09/11/1903,,,
clarg103,"Clark","Ginger",08/11/1902,,,
clarh001,"Clark","Howie",07/16/2002,,04/02/2017,
clarj001,"Clark","Jack",09/12/1975,,04/02/2001,
clarj105,"Clark","Jim",08/17/1948,,,
clarj104,"Clark","Jim",07/16/1971,,,
clarj101,"Clark","Jim",09/02/1911,,,
clarj002,"Clark","Jerald",09/19/1988,,,
clarj003,"Clark","Jermaine",04/03/2001,,,
clarc101,"Clark","Cap",04/23/1938,,,
clarm002,"Clark","Mark",09/06/1991,,,
clarm003,"Clark","Matt",09/02/2014,,,
clarm102,"Clark","Mel",09/11/1951,,,
clarm101,"Clark","Mike",07/27/1952,,,
clars103,"Clark","Spider",05/02/1889,,,
clarp101,"Clark","Phil",04/15/1958,,,
clarp001,"Clark","Phil",05/27/1992,,03/29/2018,
clarr104,"Clark","Rickey",04/22/1967,,,
clarb002,"Clark","Bobby",08/21/1979,,,
clarb106,"Clark","Bob",04/17/1886,,,08/10/1897
clarb105,"Clark","Bob",05/26/1920,,,
clarr103,"Clark","Ron",09/11/1966,,04/04/1988,
clarr102,"Clark","Roy",04/19/1902,,,
clart001,"Clark","Terry",07/07/1988,,,
clarw001,"Clark","Will",04/08/1986,,,
claro101,"Clark","Otey",04/17/1945,,,
clarw104,"Clark","Willie",06/20/1895,,,
clarw101,"Clark","Watty",05/28/1924,,,
clarb104,"Clark","Win",07/12/1897,,,
clarz001,"Clark","Zach",05/01/2013,,,
clarl101,"Clarke","Lefty",10/02/1921,,,
clara101,"Clarke","Artie",04/19/1890,,,08/02/1890
clard003,"Clarke","Darren",05/18/2007,,,
clarf101,"Clarke","Fred",06/30/1894,06/16/1897,04/14/1925,
clarh103,"Clarke","Harry",08/28/1889,,,
clarh102,"Clarke","Henry",06/26/1897,,,
clarh101,"Clarke","Horace",05/13/1965,,,
clarn101,"Clarke","Nig",04/26/1905,,,
clarj103,"Clarke","Josh",06/15/1898,,,
clarg102,"Clarke","Grey",04/19/1944,,,
clarr101,"Clarke","Rufe",09/03/1923,,,
clars001,"Clarke","Stan",06/07/1983,,,
clars102,"Clarke","Sumpter",09/27/1920,,,
clart101,"Clarke","Tommy",08/26/1909,,04/12/1932,
clarw103,"Clarke","Webbo",09/04/1955,,,
clard103,"Clarke","Dad",04/23/1888,,,
clarb103,"Clarke","Boileryard",05/01/1893,,,05/02/1893
clars101,"Clarke","Stu",07/12/1929,,,
clard102,"Clarkson","Dad",08/20/1891,,,07/29/1893
clarb101,"Clarkson","Buzz",04/30/1952,,,
clarj102,"Clarkson","John",05/02/1882,,,07/04/1888
clarw102,"Clarkson","Walter",07/02/1904,,,
clarb102,"Clarkson","Bill",05/02/1927,,,
clare102,"Clary","Ellis",06/07/1942,,04/11/1955,
clarm001,"Clary","Marty",09/05/1987,,,
clasg101,"Claset","Gowell",04/12/1933,,,
claua001,"Claudio","Alex",08/13/2014,,,
clauf101,"Clausen","Fritz",07/23/1892,,,
claua101,"Clauss","Al",04/22/1913,,,
claub001,"Claussen","Brandon",06/28/2003,,,
clayd101,"Clay","Dain",06/12/1943,,,
clayd001,"Clay","Danny",05/01/1988,,,
clayb101,"Clay","Bill",08/08/1902,,,
clayk101,"Clay","Ken",06/07/1977,,,
clayr001,"Clayton","Royce",09/20/1991,,,
cleam001,"Clear","Mark",04/04/1979,,,
cleaj101,"Cleary","Joe",08/04/1945,,,
clemc102,"Clemens","Chet",09/13/1939,,,
clemc101,"Clemens","Clem",05/15/1914,,,
clemd101,"Clemens","Doug",10/02/1960,,,
clemp002,"Clemens","Paul",04/09/2013,,,
clemb102,"Clemens","Bob",09/17/1914,,,
clemr001,"Clemens","Roger",05/15/1984,,,
clemb101,"Clemensen","Bill",05/22/1939,,,
cleme101,"Clement","Fred",06/24/1890,,,
clemj001,"Clement","Jeff",09/04/2007,,,
clemm001,"Clement","Matt",09/06/1998,,,
clemw101,"Clement","Wally",08/17/1908,,,
cleme001,"Clemente","Edgard",09/10/1998,,,
clemr101,"Clemente","Roberto",04/17/1955,,,
clemj101,"Clements","Jack",04/22/1884,05/22/1890,,
clemp001,"Clements","Pat",04/09/1985,,,
clemc001,"Clemons","Chris",07/23/1997,,,
cleml101,"Clemons","Lance",08/12/1971,,,
clemv101,"Clemons","Verne",04/22/1916,,,
clend101,"Clendenon","Donn",09/22/1961,,,
cletm001,"Cleto","Maikel",06/02/2011,,,
cleve101,"Cleveland","Elmer",08/29/1884,,,
clevr101,"Cleveland","Reggie",10/01/1969,,,
clevs001,"Clevenger","Steve",09/26/2011,,,
clevt101,"Clevenger","Tex",04/18/1954,,,
clevm001,"Clevinger","Mike",05/18/2016,,,
clevb001,"Clevlen","Brent",07/30/2006,,,
clibs101,"Cliburn","Stan",05/06/1980,,,
clibs001,"Cliburn","Stew",09/17/1984,,,
clifh101,"Clift","Harlond",04/17/1934,,,
cliff101,"Clifton","Flea",04/29/1934,,,
clinm101,"Cline","Monk",07/04/1882,,,
clint101,"Cline","Ty",09/14/1960,,,
cling101,"Clines","Gene",06/28/1970,,04/05/1979,
clinb101,"Clingman","Billy",09/09/1890,,,
clinj101,"Clinton","Jim",05/18/1872,,,08/04/1873
clinl101,"Clinton","Lou",04/22/1960,,,
clipt001,"Clippard","Tyler",05/20/2007,,,
clont101,"Cloninger","Tony",06/15/1961,,04/07/1992,
clonb001,"Clontz","Brad",04/26/1995,,,
closj001,"Closser","JD",06/30/2004,,,
closa101,"Closter","Al",04/19/1966,,,
clouk001,"Cloude","Ken",08/09/1997,,,
cloue101,"Clough","Ed",08/28/1924,,,
clowb101,"Clowers","Bill",07/20/1926,,,
cloyt001,"Cloyd","Tyler",08/29/2012,,,
clutb001,"Clutterbuck","Bryan",07/18/1986,,,
clybd001,"Clyburn","Danny",09/15/1997,,,
clydd101,"Clyde","David",06/27/1973,,,
clydt101,"Clyde","Tom",05/31/1943,,,
clymo101,"Clymer","Otis",04/14/1905,,,
clymb101,"Clymer","Bill",06/25/1891,,04/14/1925,
coacp001,"Coachman","Pete",08/18/1990,,,
coaka101,"Coakley","Andy",09/17/1902,,,
coang101,"Coan","Gil",04/27/1946,,,
coatj101,"Coates","Jim",09/21/1956,,,
coatb001,"Coats","Buck",08/22/2006,,,
coatj001,"Coats","Jason",06/04/2016,,,
cobba001,"Cobb","Alex",05/01/2011,,,
cobbg101,"Cobb","George",04/15/1892,,,
cobbh101,"Cobb","Herb",04/21/1929,,,
cobbj101,"Cobb","Joe",04/25/1918,,,
cobbt101,"Cobb","Ty",08/30/1905,4/14/1921,,
cobld101,"Coble","Dave",05/01/1939,,,
cocaj001,"Cocanower","Jaime",09/07/1983,,,
cochg102,"Cochran","Goat",08/25/1915,,,
cochg101,"Cochran","George",07/29/1918,,,
cochd001,"Cochrane","Dave",09/02/1986,,,
cochm101,"Cochrane","Mickey",04/14/1925,4/17/1934,04/18/1950,
cockj101,"Cockman","Jim",09/28/1905,,,
cocka001,"Cockrell","Alan",09/07/1996,,04/29/2002,
cocop001,"Coco","Pasqual",07/17/2000,,,
cocrg101,"Cocreham","Gene",09/25/1913,,,
codic001,"Codiroli","Chris",09/11/1982,,,
coelr001,"Coello","Robert",09/06/2010,,,
coffj101,"Coffey","Jack",06/23/1909,,,
cofft001,"Coffey","Todd",04/19/2005,,,
coffi001,"Coffie","Ivanon",07/15/2000,,,
coffs101,"Coffman","Slick",05/21/1937,,,
coffk001,"Coffman","Kevin",09/05/1987,,,
coffd101,"Coffman","Dick",04/28/1927,,,
cogat001,"Cogan","Tony",04/02/2001,,,
cogad101,"Cogan","Dick",05/10/1897,,,
coggd001,"Coggin","Dave",06/23/2000,,,
coggf101,"Coggins","Frank",09/10/1967,,,
coggr101,"Coggins","Rich",08/29/1972,,,
coghc001,"Coghlan","Chris",05/08/2009,,,
cogse101,"Cogswell","Ed",07/11/1879,,,
cohea102,"Cohen","Alta",04/15/1931,,,
cohea101,"Cohen","Andy",05/31/1926,4/14/1960,04/12/1960,
coheh101,"Cohen","Hy",04/17/1955,,,
cohes101,"Cohen","Syd",09/18/1934,,,
cokep001,"Coke","Phil",09/01/2008,,,
cokej101,"Coker","Jimmie",09/11/1958,,,
colac001,"Colabello","Chris",05/22/2013,,,
colam001,"Colangelo","Mike",06/13/1999,,,
colar101,"Colavito","Rocky",09/10/1955,,04/07/1973,
colbm101,"Colbern","Mike",07/18/1978,,,
colbc001,"Colbert","Craig",04/06/1992,,04/03/2007,
colbn101,"Colbert","Nate",04/14/1966,,,
colbv101,"Colbert","Vince",05/19/1970,,,
colbj101,"Colborn","Jim",07/13/1969,,04/02/2001,
colbg001,"Colbrunn","Greg",07/09/1992,,04/01/2013,
colct101,"Colcolough","Tom",08/01/1893,,,
coleb101,"Cole","Bert",04/19/1921,,,
colea001,"Cole","Alex",07/27/1990,,,
colea002,"Cole","A.J.",04/28/2015,,,
coled103,"Cole","Dave",09/09/1950,,,
colee101,"Cole","Ed",04/22/1938,,,
coleg001,"Cole","Gerrit",06/11/2013,,,
colek101,"Cole","King",10/06/1909,,,
coled101,"Cole","Dick",04/27/1951,,08/03/1961,
coles001,"Cole","Stu",09/05/1991,,04/01/2013,
colet001,"Cole","Taylor",08/09/2017,,,
colev002,"Cole","Victor",06/06/1992,,,
colew101,"Cole","Willis",08/22/1909,,,
colec105,"Coleman","Choo Choo",04/16/1961,,,
colec101,"Coleman","Curt",04/13/1912,,,
coled102,"Coleman","Dave",04/13/1977,,,
coled002,"Coleman","Dusty",07/03/2015,,,
colej106,"Coleman","Jerry",04/20/1949,4/10/1980,,
coleg101,"Coleman","Gordy",09/19/1959,,,
colel001,"Coleman","Louis",04/21/2011,,,
colej103,"Coleman","John",05/01/1883,,,08/14/1884
colej105,"Coleman","John",06/23/1890,,,
colec001,"Coleman","Casey",08/02/2010,,,
colej102,"Coleman","Joe",09/28/1965,,04/07/1987,
colej101,"Coleman","Joe",09/19/1942,,,
colem001,"Coleman","Michael",09/01/1997,,,
colee102,"Coleman","Ed",04/15/1932,,,
colep101,"Coleman","Percy",07/02/1897,,,
coler102,"Coleman","Ray",04/22/1947,,,
coleb102,"Coleman","Bob",06/13/1913,4/24/1943,04/10/1928,
colev001,"Coleman","Vince",04/18/1985,,,
coler101,"Coleman","Rip",08/15/1955,,,
colej104,"Coleman","Walter",09/25/1895,,,
colec104,"Coles","Cad",04/16/1914,,,
colec103,"Coles","Chuck",09/19/1958,,,
coled001,"Coles","Darnell",09/04/1983,,03/31/2014,
colec102,"Coletta","Chris",08/15/1972,,,
colge101,"Colgan","Billy",05/03/1884,,,
colia001,"Colina","Alvin",09/18/2006,,,
colla101,"Collamore","Allan",04/15/1911,,,
collh104,"Collard","Hap",04/23/1927,,,
collw001,"Collazo","Willie",09/05/2007,,,
colll001,"Collier","Lou",06/28/1997,,,
collo102,"Collier","Orlin",09/11/1931,,,
collh101,"Colliflower","Harry",07/21/1899,,,08/05/1910
collc101,"Collins","Chub",05/01/1884,,,
collw101,"Collins","Wilson",05/12/1913,,,
colld102,"Collins","Dan",06/08/1874,,,06/26/1875
colld001,"Collins","Dave",06/07/1975,,04/09/1991,
colld101,"Collins","Don",05/04/1977,,,
colle102,"Collins","Eddie",07/04/1939,,,
colle101,"Collins","Eddie",09/17/1906,5/19/1924,04/12/1932,
collr104,"Collins","Rip",04/19/1920,,,
collh103,"Collins","Hub",09/04/1886,,,
collr101,"Collins","Ripper",04/18/1931,,05/11/1961,
collj103,"Collins","Jimmy",04/19/1895,4/26/1901,,
collz101,"Collins","Zip",07/30/1914,,,
colls101,"Collins","Shano",04/21/1910,4/14/1931,,
collj101,"Collins","Joe",09/25/1948,,,
collk101,"Collins","Kevin",09/01/1965,,,
collo101,"Collins","Orth",06/01/1904,,,
collp102,"Collins","Phil",10/07/1923,,,
collr103,"Collins","Ray",07/19/1909,,,
collr102,"Collins","Bob",04/28/1940,,,
collp101,"Collins","Pat",08/29/1919,,,
collt001,"Collins","Tim",03/31/2011,,,
collt002,"Collins","Tyler",03/31/2014,,,
collb102,"Collins","Bill",08/01/1887,,,
collb101,"Collins","Bill",04/14/1910,,,
collj001,"Collmenter","Josh",04/17/2011,,,
collj102,"Collum","Jackie",09/21/1951,,,
collb103,"Collver","Bill",07/04/1885,,,
colmf101,"Colman","Frank",09/12/1942,,,
coloa001,"Colome","Alex",05/30/2013,,,
coloj001,"Colome","Jesus",06/21/2001,,,
colob001,"Colon","Bartolo",04/04/1997,,,
coloc002,"Colon","Christian",07/01/2014,,,
coloc001,"Colon","Cris",09/18/1992,,,
coloj002,"Colon","Joseph",07/08/2016,,,
color001,"Colon","Roman",08/21/2004,,,
colpd101,"Colpaert","Dick",07/21/1970,,,
colsl101,"Colson","Loyd",09/25/1970,,,
coltl101,"Colton","Larry",05/06/1968,,,
colub101,"Coluccio","Bob",04/15/1973,,,
colvt001,"Colvin","Tyler",09/21/2009,,,
colys001,"Colyer","Steve",04/03/2003,,,
combg101,"Combe","Geoff",09/02/1980,,,
combe101,"Combs","Earle",04/16/1924,,04/16/1935,
combm101,"Combs","Merl",09/12/1947,,04/04/1974,
combp001,"Combs","Pat",09/05/1989,,,
comej101,"Comellas","Jorge",04/19/1945,,,
comew101,"Comer","Wayne",09/17/1967,,,
comes001,"Comer","Steve",04/15/1978,,04/06/1987,
comic101,"Comiskey","Charlie",05/02/1882,08/30/1883,,07/10/1890
commj101,"Command","Jim",06/20/1954,,,
comoa101,"Comorosky","Adam",09/13/1926,,,
compp101,"Compton","Pete",09/06/1911,,,
compj101,"Compton","Jack",09/07/1911,,,
compm101,"Compton","Mike",04/17/1970,,,
compc101,"Compton","Clint",10/03/1972,,,
comsk001,"Comstock","Keith",04/03/1984,,,
comsr101,"Comstock","Ralph",08/26/1913,,,
conac101,"Conatser","Clint",04/21/1948,,,
concd001,"Concepcion","Dave",04/06/1970,,,
concg001,"Concepcion","Gerardo",06/21/2016,,,
conco001,"Concepcion","Onix",08/30/1980,,,
condr101,"Conde","Ramon",07/17/1962,,,
condc001,"Condrey","Clay",08/28/2002,,,
coned001,"Cone","David",06/08/1986,,,
conef101,"Cone","Fred",05/05/1871,,,05/31/1873
coneb101,"Cone","Bob",07/25/1915,,,
confm001,"Conforto","Michael",07/24/2015,,,
congb101,"Congalton","Bunk",04/17/1902,,,
congh001,"Conger","Hank",09/11/2010,,,
congd101,"Conger","Dick",04/22/1940,,,
conit101,"Conigliaro","Tony",04/16/1964,,,
conib101,"Conigliaro","Billy",04/11/1969,,,
conij001,"Conine","Jeff",09/16/1990,,,
conka101,"Conkwright","Allen",09/16/1920,,,
conlj102,"Conlan","Jocko",07/06/1934,,,07/28/1935
conla001,"Conley","Adam",06/10/2015,,,
conlg101,"Conley","Gene",04/17/1952,,,
conle101,"Conley","Ed",07/19/1884,,,
conls101,"Conley","Snipe",05/20/1914,,,
conlb101,"Conley","Bob",09/11/1958,,,
conlj101,"Conlon","Jocko",04/17/1923,,,
conlp001,"Conlon","P.J.",05/07/2018,,,
connb105,"Conn","Bert",09/16/1898,,,
connf001,"Connally","Fritzie",09/09/1983,,,
conns101,"Connally","Sarge",09/10/1921,,,
connr101,"Connally","Red",07/01/1886,,,
connb104,"Connatser","Bruce",09/15/1931,,,
connf101,"Connaughton","Frank",05/28/1894,,,
conng101,"Connell","Gene",07/04/1931,,,
connj108,"Connell","Joe",06/15/1926,,,
connp101,"Connell","Peter",09/03/1886,,,
connt103,"Connell","Terry",06/20/1874,,,05/01/1884
conns001,"Connelly","Steve",06/28/1998,,,
connt102,"Connelly","Tom",09/24/1920,,,
connb103,"Connelly","Bill",08/22/1945,,,
conne102,"Connolly","Ed",04/19/1964,,,
conne101,"Connolly","Ed",09/20/1929,,,
connj107,"Connolly","Joe",04/10/1913,,,
connj101,"Connolly","Joe",10/01/1921,,,
connb102,"Connolly","Bud",05/03/1925,,,
connt101,"Connolly","Tom",05/12/1915,,,
connn101,"Connor","Ned",05/18/1871,,,
connj106,"Connor","Jim",07/11/1892,,,
connj105,"Connor","John",07/26/1884,,,
connj104,"Connor","Joe",09/09/1895,,,
connr102,"Connor","Roger",05/01/1880,05/14/1896,,
connj103,"Connors","Jerry",07/11/1892,,,
connj102,"Connors","Joe",05/03/1884,,,
connc101,"Connors","Chuck",05/01/1949,,,
connm101,"Connors","Merv",09/04/1937,,,
connb101,"Connors","Bill",05/03/1966,,04/10/1980,
conot101,"Conover","Theodore",05/26/1889,,,
conrb001,"Conrad","Brooks",07/21/2008,,,
conrb103,"Conroy","Ben",04/21/1890,,,
conrt001,"Conroy","Tim",06/23/1978,,,
conrw101,"Conroy","Wid",04/25/1901,,04/12/1922,
conrb102,"Conroy","Bill",04/18/1923,,,
conrb101,"Conroy","Bill",09/21/1935,,,
consb101,"Consolo","Billy",04/20/1953,,06/14/1979,
consj101,"Constable","Jim",06/24/1956,,,
consj001,"Constanza","Jose",07/29/2011,,,
conss101,"Consuegra","Sandy",06/10/1950,,,
contj001,"Conti","Jason",06/29/2000,,,
contn101,"Contreras","Nardi",05/23/1980,,04/26/1995,
contc001,"Contreras","Carlos",06/21/2014,,,
contj002,"Contreras","Jose",03/31/2003,,,
contw001,"Contreras","Willson",06/17/2016,,,
convj001,"Converse","Jim",05/22/1993,,,
conwc101,"Conway","Charles",04/15/1911,,,
conwj103,"Conway","Jack",09/09/1941,,,
conwj102,"Conway","Jim",05/05/1884,,,
conwj101,"Conway","Jerry",08/31/1920,,,
conwo101,"Conway","Owen",06/21/1915,,,
conwp101,"Conway","Pete",08/10/1885,,,
conwd101,"Conway","Dick",07/22/1886,,,
conwr101,"Conway","Rip",04/16/1918,,,
conwb101,"Conway","Bill",07/28/1884,,,
conwe101,"Conwell","Ed",09/22/1911,,,
conyh101,"Conyers","Herb",04/18/1950,,,
conzj101,"Conzelman","Joe",05/01/1913,,,
coogd102,"Coogan","Dale",04/22/1950,,,
coogd101,"Coogan","Dan",04/25/1895,,,05/30/1895
cooka002,"Cook","Aaron",08/10/2002,,,
cooka001,"Cook","Andy",05/09/1993,,,
cookd001,"Cook","Dennis",09/12/1988,,,
cooke101,"Cook","Earl",09/12/1941,,,
cookg001,"Cook","Glen",06/23/1985,,,
cookj101,"Cook","Jim",07/02/1903,,,
cookd101,"Cook","Doc",08/07/1913,,,
cookm001,"Cook","Mike",07/01/1986,,,
cookp101,"Cook","Paul",09/13/1884,,,
cookc101,"Cook","Cliff",09/09/1959,,,
cookr102,"Cook","Rollin",07/06/1915,,,
cookr101,"Cook","Ron",04/10/1970,,,
cookr001,"Cook","Ryan",07/20/2011,,,
cookd102,"Cooke","Dusty",04/15/1930,7/16/1948,04/20/1948,
cookf101,"Cooke","Fred",07/30/1897,,,
cooks001,"Cooke","Steve",07/28/1992,,,
cookb001,"Cookson","Brent",08/12/1995,,,
coolm001,"Coolbaugh","Mike",07/16/2001,,,
cools001,"Coolbaugh","Scott",09/02/1989,,06/09/2011,
coold101,"Cooley","Duff",07/27/1893,,,
coomc101,"Coombs","Cecil",08/07/1914,,,
coomd101,"Coombs","Danny",09/27/1963,,,
coomj101,"Coombs","Jack",07/05/1906,4/23/1919,04/14/1920,
coomb101,"Coombs","Bobby",06/08/1933,,,
coomr001,"Coomer","Ron",08/01/1995,,,
coonw101,"Coon","William",09/04/1875,,,
coonj103,"Cooney","Jimmy",09/22/1917,,,
coonj102,"Cooney","Jimmy",04/19/1890,,,
coonj101,"Cooney","Johnny",04/19/1921,8/16/1949,04/16/1946,06/28/1941
coonp101,"Cooney","Phil",09/27/1905,,,
coonb102,"Cooney","Bob",09/06/1931,,,
coont001,"Cooney","Tim",04/30/2015,,,
coonb101,"Cooney","Bill",09/22/1909,,,
coopw101,"Cooper","Wilbur",08/29/1912,,,
coopb001,"Cooper","Brian",09/07/1999,,,
coopc102,"Cooper","Cal",09/14/1948,,,
coopc001,"Cooper","Cecil",09/08/1971,8/28/2007,04/30/2002,
coopc101,"Cooper","Claude",04/14/1913,,,
coopd002,"Cooper","David",04/29/2011,,,
coopd001,"Cooper","Don",04/09/1981,,06/02/1995,
coopg002,"Cooper","Garrett",07/14/2017,,,
coopg001,"Cooper","Gary",09/15/1991,,,
coopg101,"Cooper","Gary",08/25/1980,,,
coopg102,"Cooper","Guy",05/02/1914,,,
coopm101,"Cooper","Mort",09/14/1938,,,
coopp101,"Cooper","Pat",05/11/1946,,,
coops001,"Cooper","Scott",09/05/1990,,,
coopw102,"Cooper","Walker",09/25/1940,,04/16/1957,
copem101,"Copeland","Mays",04/27/1935,,,
copes001,"Copeland","Scott",05/02/2015,,,
coppr001,"Coppinger","Rocky",06/11/1996,,,
copph101,"Coppola","Henry",04/19/1935,,,
coqut001,"Coquillette","Trace",09/07/1999,,,
coraa001,"Cora","Alex",06/07/1998,03/29/2018,04/02/2017,
coraj001,"Cora","Joey",04/06/1987,,04/05/2004,
corbd001,"Corbett","Doug",04/10/1980,,,
corbg101,"Corbett","Gene",09/19/1936,,,
corbj101,"Corbett","Joe",08/23/1895,,,
corbs001,"Corbett","Sherman",05/29/1988,,,
corbr101,"Corbin","Ray",04/06/1971,,,
corba001,"Corbin","Archie",09/10/1991,,,
corbp001,"Corbin","Patrick",04/30/2012,,,
corbc101,"Corbitt","Claude",09/23/1945,,,
corcd001,"Corcino","Daniel",08/26/2014,,,
corca101,"Corcoran","Art",09/09/1915,,,
corcj101,"Corcoran","Jack",05/01/1884,,,
corcj102,"Corcoran","John",09/17/1895,,,
corcl101,"Corcoran","Larry",05/01/1880,,,
corcm102,"Corcoran","Mike",07/15/1884,,,
corcm101,"Corcoran","Mickey",09/15/1910,,,
corcr001,"Corcoran","Roy",07/30/2003,,,
corct101,"Corcoran","Tommy",04/19/1890,,,05/01/1915
corct002,"Corcoran","Tim",06/14/2005,,,
corct001,"Corcoran","Tim",05/18/1977,,,
cordr001,"Cordell","Ryan",09/03/2018,,,
cordc001,"Cordero","Chad",08/30/2003,,,
cordf003,"Cordero","Franchy",05/27/2017,,,
cordf002,"Cordero","Francisco",08/02/1999,,,
cordj001,"Cordero","Jimmy",08/02/2018,,,
cordw001,"Cordero","Wil",07/24/1992,,,
corde001,"Cordier","Erik",09/03/2014,,,
corda001,"Cordoba","Allen",04/03/2017,,,
cordf001,"Cordova","Francisco",04/02/1996,,,
cordm001,"Cordova","Marty",04/26/1995,,,
coreb001,"Corey","Bryan",05/13/1998,,,
coree101,"Corey","Ed",07/02/1918,,,
coref101,"Corey","Fred",05/01/1878,,,
corem001,"Corey","Mark",10/02/2001,,,
corem101,"Corey","Mark",09/01/1979,,,
corgc101,"Corgan","Chuck",09/19/1925,,,
corhr101,"Corhan","Roy",04/20/1911,,,
corrp101,"Coridan","Phil",07/16/1884,,,
corkp101,"Corkhill","Pop",05/01/1883,,,
corkm101,"Corkins","Mike",09/08/1969,,,
corml001,"Cormier","Lance",06/19/2004,,,
cormr001,"Cormier","Rheal",08/15/1991,,,
cornn001,"Cornejo","Nate",08/08/2001,,,
cornm101,"Cornejo","Mardie",04/08/1978,,,
cornr001,"Cornelius","Reid",04/29/1995,,04/05/2010,
cornj001,"Cornell","Jeff",06/02/1984,,,
cornj002,"Cornely","John",04/29/2015,,,
cornb001,"Cornett","Brad",06/08/1994,,,
cornt101,"Cornutt","Terry",04/09/1977,,,
corpm001,"Corpas","Manuel",07/18/2006,,,
corpc001,"Corporan","Carlos",05/06/2009,,,
corrp102,"Corrales","Pat",08/02/1964,10/1/1978,04/09/1976,
corrc001,"Correa","Carlos",06/08/2015,,,
corre001,"Correa","Ed",09/18/1985,,,
corrk001,"Correia","Kevin",07/10/2003,,,
corrr001,"Correia","Rod",06/20/1993,,,
corrv101,"Correll","Vic",10/04/1972,,,
corrj101,"Corriden","John",04/20/1946,,,
corrr101,"Corriden","Red",09/08/1910,5/27/1950,04/12/1932,
corrf101,"Corridon","Frank",04/15/1904,,,
corsj001,"Corsi","Jim",06/28/1988,,,
cortb101,"Cort","Barry",04/22/1977,,,
cortj101,"Cortazzo","Jess",09/01/1923,,,
cortd002,"Cortes","Dan",09/24/2010,,,
cortd001,"Cortes","David",08/30/1999,,,
cortn001,"Cortes","Nestor",03/31/2018,,,
cortf001,"Cortez","Fernando",07/05/2005,,,
corwa101,"Corwin","Al",07/25/1951,,,
cosaj001,"Cosart","Jarred",07/12/2013,,,
coscj101,"Coscarart","Joe",04/26/1935,,,
coscp101,"Coscarart","Pete",04/26/1938,,,
coser101,"Cosey","Ray",04/14/1980,,,
cosgm101,"Cosgrove","Mike",09/10/1972,,,
cosmj101,"Cosman","Jim",10/02/1966,,,
costs001,"Costa","Shane",06/02/2005,,,
costm001,"Costanzo","Mike",05/13/2012,,,
costc001,"Coste","Chris",05/26/2006,,,
costd101,"Costello","Dan",07/02/1913,,,
costj001,"Costello","John",06/02/1988,,,
costt001,"Costo","Tim",09/18/1992,,,
cotah001,"Cota","Humberto",09/09/2001,,,
coteh101,"Cote","Henry",09/16/1894,,,
cotep101,"Cote","Pete",06/18/1926,,,
cothc001,"Cotham","Caleb",07/29/2015,,,
cottd102,"Cotter","Dan",07/16/1890,,,
cotte102,"Cotter","Ed",06/12/1926,,,
cotth101,"Cotter","Hooks",04/15/1922,,,
cottd101,"Cotter","Dick",08/17/1911,,,
cottt101,"Cotter","Tom",09/03/1891,,,
cottc101,"Cottier","Chuck",04/17/1959,9/1/1984,04/05/1979,
cotth001,"Cotto","Henry",04/05/1984,,,
cottj001,"Cotton","Jharel",09/07/2016,,,
cotte101,"Cottrell","Ensign",06/21/1911,,,
cottn001,"Cotts","Neal",08/12/2003,,,
coucj101,"Couch","Johnny",04/11/1917,,,
coucm101,"Couchee","Mike",04/05/1983,,04/02/1996,
cougd101,"Coughlin","Dennis",04/27/1872,,,
couge101,"Coughlin","Ed",05/15/1884,,,
cougr101,"Coughlin","Roscoe",04/22/1890,,,
cougb101,"Coughlin","Bill",08/09/1899,,,09/08/1904
cougm101,"Coughtry","Marlan",09/02/1960,,,
could001,"Coulombe","Daniel",09/16/2014,,,
coulb101,"Coulson","Bob",08/04/1908,,,
coulc101,"Coulter","Chip",09/18/1969,,,
coumf101,"Coumbe","Fritz",04/22/1914,,,
counc001,"Counsell","Craig",09/17/1995,5/4/2015,,
courc101,"Courtney","Clint",09/29/1951,,04/12/1965,
coure101,"Courtney","Ernie",04/17/1902,,,
courh101,"Courtney","Harry",09/13/1919,,,
courj001,"Courtright","John",05/06/1995,,,
cousd101,"Cousineau","Dee",10/06/1923,,,
couss001,"Cousins","Scott",09/03/2010,,,
coutj001,"Coutlangus","Jon",04/07/2007,,,
coveh101,"Coveleski","Harry",09/10/1907,,,
coves101,"Coveleski","Stan",09/10/1912,,,
covej101,"Coveney","Jack",09/19/1903,,,
coved001,"Covey","Dylan",04/14/2017,,,
covic101,"Covington","Chet",04/23/1944,,,
covis101,"Covington","Sam",08/25/1913,,,
coviw101,"Covington","Wes",04/19/1956,,,
covit101,"Covington","Tex",04/25/1911,,,
cowab101,"Cowan","Billy",09/09/1963,,,
cowak001,"Cowart","Kaleb",08/18/2015,,,
cowea001,"Cowens","Al",04/06/1974,,,
cowgc001,"Cowgill","Collin",07/26/2011,,,
cowlj001,"Cowley","Joe",04/13/1982,,,
cox-s001,"Cox","Steve",09/19/1999,,,
cox-d001,"Cox","Danny",08/06/1983,,,
cox-d101,"Cox","Dick",04/16/1925,,,
cox-e101,"Cox","Ernie",05/05/1922,,,
cox-f101,"Cox","Frank",08/13/1884,,,
cox-g102,"Cox","George",04/12/1928,,,
cox-g101,"Cox","Glenn",09/20/1955,,,
cox-j102,"Cox","Jim",07/19/1973,,,
cox-d002,"Cox","Darron",04/06/1999,,,
cox-j101,"Cox","Jeff",07/01/1980,,04/26/1995,
cox-c101,"Cox","Casey",04/15/1966,,,
cox-l101,"Cox","Larry",04/18/1973,,04/05/1988,
cox-l102,"Cox","Les",09/11/1926,,,
cox-r101,"Cox","Red",04/17/1920,,,
cox-b103,"Cox","Bobby",04/14/1968,4/7/1978,04/07/1977,
cox-t102,"Cox","Terry",09/07/1970,,,
cox-b102,"Cox","Bill",06/06/1936,,,
cox-b101,"Cox","Billy",09/20/1941,,,
cox-t101,"Cox","Ted",09/18/1977,,,
coylb101,"Coyle","Bill",07/07/1893,,,
coynt101,"Coyne","Toots",09/28/1914,,,
cozac101,"Cozart","Charlie",04/17/1945,,,
cozaz001,"Cozart","Zack",07/07/2011,,,
cozed001,"Cozens","Dylan",06/01/2018,,,
crabr101,"Crabb","Roy",08/10/1912,,,
crabc001,"Crabbe","Callix",04/03/2008,,,
crabg101,"Crable","George",08/03/1910,,,
crabe101,"Crabtree","Estel",04/18/1929,,04/21/1943,
crabt001,"Crabtree","Tim",06/23/1995,,,
cradw101,"Craddock","Walt",09/03/1955,,,
cradr001,"Cradle","Rickey",07/01/1998,,,
crafh101,"Craft","Harry",09/19/1937,8/6/1957,04/12/1955,
crafm101,"Craft","Molly",08/08/1916,,,
cragh101,"Craghead","Howard",04/30/1931,,,
craia001,"Craig","Allen",04/08/2010,,,
craig101,"Craig","George",07/19/1907,,,
craip101,"Craig","Pete",09/06/1964,,,
crair001,"Craig","Rod",09/11/1979,,,
crair101,"Craig","Roger",07/17/1955,4/7/1978,04/08/1969,
craij001,"Crain","Jesse",08/05/2004,,,
cramg101,"Cram","Jerry",09/03/1969,,,
cramd101,"Cramer","Ed",05/11/1883,,,
cramb001,"Cramer","Bobby",09/13/2010,,,
cramd102,"Cramer","Doc",09/18/1929,,04/20/1948,
cramb101,"Cramer","Bill",06/25/1912,,,
crand102,"Crandall","Del",06/17/1949,5/30/1972,04/06/1977,
crand101,"Crandall","Doc",04/24/1908,,04/14/1931,
crane101,"Crane","Ed",04/17/1884,,,07/26/1892
cranf101,"Crane","Fred",05/26/1873,,,
crans102,"Crane","Sam",10/02/1914,,,
crans101,"Crane","Sam",05/01/1880,05/01/1880,,09/03/1879
cravg101,"Cravath","Gavvy",04/18/1908,7/9/1919,04/17/1923,
cravb101,"Craver","Bill",05/09/1871,05/25/1871,,04/14/1873
cravt001,"Cravy","Tyler",06/02/2015,,,
crawb001,"Crawford","Brandon",05/27/2011,,,
crawc002,"Crawford","Carl",07/20/2002,,,
crawc001,"Crawford","Carlos",06/07/1996,,,
crawl101,"Crawford","Larry",07/21/1937,,,
crawp101,"Crawford","Pat",04/18/1929,,,
crawe001,"Crawford","Evan",04/15/2012,,,
crawf101,"Crawford","Forrest",07/30/1906,,,
crawg102,"Crawford","George",10/08/1890,,,
crawg101,"Crawford","Glenn",04/22/1945,,,
crawj102,"Crawford","Jim",04/06/1973,,,
crawj002,"Crawford","J.P.",09/05/2017,,,
crawj001,"Crawford","Joe",04/07/1997,,,
crawk101,"Crawford","Ken",09/06/1915,,,
crawp001,"Crawford","Paxton",07/01/2000,,,
crawj101,"Crawford","Jake",09/07/1952,,,
craws101,"Crawford","Sam",09/10/1899,,,
craws001,"Crawford","Steve",09/02/1980,,,
craww101,"Crawford","Willie",09/16/1964,,,
creag101,"Creamer","George",05/01/1878,08/06/1884,,
credj001,"Crede","Joe",09/12/2000,,,
creeb101,"Cree","Birdie",09/17/1908,,,
creec101,"Creeden","Connie",04/28/1943,,,
creep101,"Creeden","Pat",04/14/1931,,,
creem101,"Creegan","Mark",04/17/1884,,,
creed001,"Creek","Doug",09/17/1995,,,
creej101,"Creel","Jack",04/22/1945,,,
creek001,"Creel","Keith",05/25/1982,,,
creeg101,"Creely","Gus",10/09/1890,,,
cregp101,"Cregan","Pete",09/08/1899,,,
cregb101,"Creger","Bernie",04/29/1947,,,
cremb101,"Cremins","Bob",08/17/1927,,,
cresc101,"Crespi","Creepy",09/14/1938,,,
cresc001,"Crespo","Cesar",05/29/2001,,,
cresf001,"Crespo","Felipe",04/28/1996,,,
cresw101,"Cress","Walker",04/27/1948,,,
cresj001,"Cressend","Jack",08/26/2000,,,
crewt001,"Crews","Tim",07/27/1987,,,
crics001,"Crichton","Stefan",04/16/2017,,,
crick001,"Crick","Kyle",06/22/2017,,,
cridj101,"Crider","Jerry",05/21/1969,,,
crigl101,"Criger","Lou",09/21/1896,,,
crimc001,"Crim","Chuck",04/08/1987,,04/01/2013,
crimj101,"Crimian","Jack",07/03/1951,,,
cripd101,"Cripe","Dave",09/10/1978,,,
crisd102,"Criscione","Dave",07/17/1977,,,
crist101,"Criscola","Tony",04/15/1942,,,
crisp101,"Crisham","Pat",05/05/1899,,,
crisc001,"Crisp","Coco",08/15/2002,,,
crisj101,"Crisp","Joe",09/02/1910,,,
crisd101,"Criss","Dode",04/20/1908,,,
crisc101,"Crist","Ches",05/18/1906,,,
crisb101,"Cristall","Bill",09/03/1901,,,
crisl101,"Cristante","Leo",04/21/1951,,,
critm101,"Critchley","Morrie",05/08/1882,,,09/03/1884
crith101,"Critz","Hughie",05/31/1924,,,
crocc101,"Crocker","Claude",08/01/1944,,,
crocd101,"Crockett","Davey",07/11/1901,,,
crock001,"Crockett","Kyle",05/16/2014,,,
crofa101,"Croft","Art",05/04/1875,,,
crofh101,"Croft","Harry",05/19/1899,,,
crolf101,"Crolius","Fred",04/19/1901,,,07/20/1901
cromw101,"Cromartie","Warren",09/06/1974,,,
cromd001,"Cromer","D.T.",04/05/2000,,,
cromt001,"Cromer","Tripp",09/07/1993,,,
cromn101,"Crompton","Ned",09/13/1909,,,
cromh101,"Crompton","Herb",04/26/1937,,,
cronc001,"Cron","Chris",08/15/1991,,,
cronc002,"Cron","C.J.",05/03/2014,,,
cronr101,"Crone","Ray",04/13/1954,,,
crond101,"Cronin","Dan",07/09/1884,,,
cronj103,"Cronin","Jim",07/04/1929,,,
cronj102,"Cronin","Jack",08/24/1895,,,09/05/1901
cronj101,"Cronin","Joe",04/29/1926,4/12/1933,,
cronb101,"Cronin","Bill",07/04/1928,,,
croot101,"Crooke","Tom",09/29/1909,,,
crooj101,"Crooks","Jack",09/26/1889,05/21/1892,,
crosc001,"Crosby","Casey",06/01/2012,,,
crose101,"Crosby","Ed",07/12/1970,,,
crosg101,"Crosby","George",05/22/1884,,,
crosk101,"Crosby","Ken",08/05/1975,,,
crosb001,"Crosby","Bubba",05/29/2003,,,
crosb002,"Crosby","Bobby",09/02/2003,,,
crosf103,"Crosetti","Frankie",04/12/1932,,04/16/1946,
crosa101,"Cross","Amos",04/22/1885,,,
crosc101,"Cross","Clarence",05/05/1884,,,
crosf101,"Cross","Frank",05/20/1901,,,
crosl102,"Cross","Lew",08/06/1893,,,
crosj101,"Cross","Jeff",09/27/1942,,,
crosj102,"Cross","Joe",09/05/1888,,,
crosl101,"Cross","Lave",04/23/1887,04/15/1899,,07/20/1889
crosm101,"Cross","Monte",09/27/1892,,,04/14/1914
crosf102,"Crossin","Frank",09/24/1912,,,
crotd101,"Crothers","Doug",08/03/1884,,,
crotm001,"Crotta","Michael",04/03/2011,,,
crotj101,"Crotty","Joe",05/04/1882,,,
crouj101,"Crouch","Jack",09/18/1930,,,
croub103,"Crouch","Bill",05/09/1939,,,
croub102,"Crouch","Bill",07/12/1910,,,
crouz001,"Crouch","Zach",06/04/1988,,,
crouf101,"Croucher","Frank",04/18/1939,,,
croub101,"Crouse","Buck",08/01/1923,,,
crour001,"Croushore","Rich",05/18/1998,,,
crowa001,"Crow","Aaron",03/31/2011,,,
crowd101,"Crow","Don",07/25/1982,,,
crowd001,"Crow","Dean",05/29/1998,,,
crowg102,"Crowder","General",07/24/1926,,,
crowg101,"Crowe","George",04/16/1952,,,
crowt001,"Crowe","Trevor",04/09/2009,,,
crowj001,"Crowell","Jim",09/12/1997,,,
crowc101,"Crowell","Cap",06/23/1915,,,
crowb102,"Crowell","Billy",04/20/1887,,,09/02/1888
crowe101,"Crowley","Ed",06/21/1928,,,
crowj101,"Crowley","John",05/01/1884,,,
crowt101,"Crowley","Terry",09/04/1969,,04/08/1985,
crowb101,"Crowley","Bill",04/26/1875,,,
croww101,"Crowson","Woody",04/17/1945,,,
croze001,"Crozier","Eric",09/04/2004,,,
crucf001,"Cruceta","Francisco",09/21/2004,,,
crudm001,"Crudale","Mike",04/10/2002,,,
cruiw101,"Cruise","Walton",04/14/1914,,,
crumc101,"Crum","Cal",05/04/1917,,,
crumg101,"Crumling","Gene",09/11/1945,,,
crumb101,"Crump","Buddy",09/28/1924,,,
crumr101,"Crumpler","Roy",09/16/1920,,,
crutd101,"Crutcher","Dick",04/14/1914,,,
crutp101,"Cruthers","Press",09/29/1913,,,
cruzt002,"Cruz","Tony",05/24/2011,,,
cruzt101,"Cruz","Tommy",09/04/1973,,,
cruzd001,"Cruz","Deivi",04/01/1997,,,
cruze001,"Cruz","Enrique",04/02/2003,,,
cruzf001,"Cruz","Fausto",04/10/1994,,,
cruzh101,"Cruz","Hector",08/11/1973,,,
cruzh102,"Cruz","Henry",04/18/1975,,,
cruzj003,"Cruz","Jacob",07/18/1996,,,
cruzj001,"Cruz","Jose",09/19/1970,,04/01/1997,
cruzj004,"Cruz","Jose",05/31/1997,,,
cruzj005,"Cruz","Juan",08/21/2001,,,
cruzj002,"Cruz","Julio",07/04/1977,,,
cruzl001,"Cruz","Luis",09/02/2008,,,
cruzi001,"Cruz","Ivan",07/18/1997,,,
cruzn001,"Cruz","Nelson",08/01/1997,,,
cruzn002,"Cruz","Nelson",09/17/2005,,,
cruzr001,"Cruz","Rhiner",04/07/2012,,,
cruzt001,"Cruz","Todd",09/04/1978,,,
cruzv101,"Cruz","Victor",06/24/1978,,,
cubbm101,"Cubbage","Mike",04/07/1974,9/29/1991,04/09/1990,
cubid001,"Cubillan","Darwin",05/20/2000,,,
cucca101,"Cuccinello","Al",05/17/1935,,,
cucct101,"Cuccinello","Tony",04/15/1930,,04/19/1949,
cuccc101,"Cuccurullo","Cookie",10/03/1943,,,
cuddm001,"Cuddyer","Michael",09/23/2001,,,
cudwj101,"Cudworth","Jim",07/27/1884,,,05/25/1880
cuelc101,"Cuellar","Charlie",07/02/1950,,,
cuelm101,"Cuellar","Mike",04/18/1959,,,
cuelb101,"Cuellar","Bobby",09/09/1977,,04/27/1995,
cuetd101,"Cueto","Bert",06/18/1961,,,
cuetj001,"Cueto","Johnny",04/03/2008,,,
cuetm101,"Cueto","Manuel",06/25/1914,,,
cuevn001,"Cuevas","Noel",04/22/2018,,,
cuevw001,"Cuevas","William",04/21/2016,,,
cuffj101,"Cuff","John",09/11/1884,,,
culbc001,"Culberson","Charlie",05/13/2012,,,
culbl101,"Culberson","Leon",05/16/1943,,,
cullj102,"Cullen","John",08/18/1884,,,
cullj101,"Cullen","Jack",09/09/1962,,,
cullt101,"Cullen","Tim",08/08/1966,,,
cullr101,"Cullenbine","Roy",04/19/1938,,,
culld101,"Culler","Dick",09/19/1936,,,07/10/1947
culln102,"Cullop","Nick",04/14/1926,,,
culln101,"Cullop","Nick",05/20/1913,,,
cullb101,"Culloton","Bud",04/16/1925,,,
culmw101,"Culmer","Wil",04/12/1983,,,
culpb102,"Culp","Benny",09/17/1942,,04/16/1946,
culpr101,"Culp","Ray",04/10/1963,,,
culpb101,"Culp","Bill",09/08/1910,,,
culvg101,"Culver","George",09/07/1966,,,
cumbj101,"Cumberland","John",09/27/1968,,04/26/1995,
cummj001,"Cummings","John",04/10/1993,,,
cummj101,"Cummings","Jack",09/11/1926,,,
cummm001,"Cummings","Midre",09/10/1993,,,
cumms001,"Cummings","Steve",06/24/1989,,,
cummc101,"Cummings","Candy",04/22/1872,,,
cumpb001,"Cumpton","Brandon",06/15/2013,,,
cunnw001,"Cunnane","Will",04/03/1997,,,
cunnb001,"Cunniff","Brandon",04/07/2015,,,
cunna001,"Cunningham","Aaron",08/31/2008,,,
cunnb104,"Cunningham","Bruce",05/07/1929,,,
cunnb103,"Cunningham","Bert",09/15/1887,,,05/12/1896
cunng101,"Cunningham","George",04/14/1916,,,
cunnj101,"Cunningham","Joe",06/30/1954,,04/06/1982,
cunnm101,"Cunningham","Mike",08/31/1906,,,
cunnr101,"Cunningham","Ray",09/16/1931,,,
cunnt001,"Cunningham","Todd",07/30/2013,,,
cunnb102,"Cunningham","Bill",07/14/1921,,04/12/1932,
cunnb101,"Cunningham","Bill",09/12/1910,,,
cuppn101,"Cuppy","Nig",04/16/1892,,,07/05/1894
curld101,"Curley","Doc",09/12/1899,,,
currp102,"Curran","John",09/12/1876,,,08/12/1876
currs101,"Curran","Sammy",08/01/1902,,,
currl101,"Currence","Lafayette",07/24/1975,,,
currm101,"Currie","Murphy",08/31/1916,,,
currc101,"Currie","Clarence",04/25/1902,,,
currb101,"Currie","Bill",04/13/1955,,,
currp101,"Currin","Perry",06/29/1947,,,
currt101,"Curry","Tony",04/12/1960,,,
currg101,"Curry","George",07/16/1911,,,
currj101,"Curry","Jim",10/02/1909,,,
currs001,"Curry","Steve",07/10/1988,,,
currw101,"Curry","Wes",08/06/1884,,,08/07/1884
curtc001,"Curtis","Chad",04/08/1992,,,
curtc101,"Curtis","Cliff",08/23/1909,,,
curtc002,"Curtis","Colin",06/21/2010,,,
curtg101,"Curtis","Gene",09/21/1903,,,
curtf101,"Curtis","Fred",07/24/1905,,,
curth101,"Curtis","Harry",08/28/1907,,,
curtj102,"Curtis","Jack",04/22/1961,,,
curtj002,"Curtis","Jermaine",04/27/2013,,,
curtj001,"Curtis","John",08/13/1970,,,
curtv101,"Curtis","Vern",09/06/1943,,,
curtz001,"Curtis","Zac",04/30/2016,,,
curte101,"Curtiss","Jim",07/15/1891,,,
curtj003,"Curtiss","John",08/25/2017,,,
curtg102,"Curtright","Guy",04/21/1943,,,
cushe101,"Cushman","Ed",07/06/1883,,,
cushh101,"Cushman","Harvey",08/24/1902,,,
cusit101,"Cusick","Andy",08/21/1884,,,07/07/1886
cusij101,"Cusick","Jack",04/24/1951,,,
custj001,"Cust","Jack",09/26/2001,,,
cuthc001,"Cuthbert","Cheslor",07/07/2015,,,
cuthn101,"Cuthbert","Ned",05/20/1871,05/02/1882,,06/15/1875
cutsg101,"Cutshaw","George",04/25/1912,,,
cuylk101,"Cuyler","Kiki",09/29/1921,,04/15/1941,
cuylm001,"Cuyler","Milt",09/06/1990,,,
cvenm101,"Cvengros","Mike",09/30/1922,,,
cypea101,"Cypert","Al",06/27/1914,,,
cyr-e001,"Cyr","Eric",06/23/2002,,,
czajj001,"Czajkowski","Jim",07/29/1994,,,
